/* SPDX-License-Identifier: (LGPL-2.1 OR BSD-2-Clause) */

/* THIS FILE IS AUTOGENERATED BY BPFTOOL! */
#ifndef __TC_CLONE_BPF_SKEL_H__
#define __TC_CLONE_BPF_SKEL_H__

#include <errno.h>
#include <stdlib.h>
#include <bpf/libbpf.h>

#define BPF_SKEL_SUPPORTS_MAP_AUTO_ATTACH 1

struct tc_clone_bpf {
	struct bpf_object_skeleton *skeleton;
	struct bpf_object *obj;
	struct {
		struct bpf_map *data;
	} maps;
	struct {
		struct bpf_program *tc_clone;
	} progs;
	struct {
		struct bpf_link *tc_clone;
	} links;
	struct tc_clone_bpf__data {
		__u64 n_clone;
	} *data;

#ifdef __cplusplus
	static inline struct tc_clone_bpf *open(const struct bpf_object_open_opts *opts = nullptr);
	static inline struct tc_clone_bpf *open_and_load();
	static inline int load(struct tc_clone_bpf *skel);
	static inline int attach(struct tc_clone_bpf *skel);
	static inline void detach(struct tc_clone_bpf *skel);
	static inline void destroy(struct tc_clone_bpf *skel);
	static inline const void *elf_bytes(size_t *sz);
#endif /* __cplusplus */
};

static void
tc_clone_bpf__destroy(struct tc_clone_bpf *obj)
{
	if (!obj)
		return;
	if (obj->skeleton)
		bpf_object__destroy_skeleton(obj->skeleton);
	free(obj);
}

static inline int
tc_clone_bpf__create_skeleton(struct tc_clone_bpf *obj);

static inline struct tc_clone_bpf *
tc_clone_bpf__open_opts(const struct bpf_object_open_opts *opts)
{
	struct tc_clone_bpf *obj;
	int err;

	obj = (struct tc_clone_bpf *)calloc(1, sizeof(*obj));
	if (!obj) {
		errno = ENOMEM;
		return NULL;
	}

	err = tc_clone_bpf__create_skeleton(obj);
	if (err)
		goto err_out;

	err = bpf_object__open_skeleton(obj->skeleton, opts);
	if (err)
		goto err_out;

	return obj;
err_out:
	tc_clone_bpf__destroy(obj);
	errno = -err;
	return NULL;
}

static inline struct tc_clone_bpf *
tc_clone_bpf__open(void)
{
	return tc_clone_bpf__open_opts(NULL);
}

static inline int
tc_clone_bpf__load(struct tc_clone_bpf *obj)
{
	return bpf_object__load_skeleton(obj->skeleton);
}

static inline struct tc_clone_bpf *
tc_clone_bpf__open_and_load(void)
{
	struct tc_clone_bpf *obj;
	int err;

	obj = tc_clone_bpf__open();
	if (!obj)
		return NULL;
	err = tc_clone_bpf__load(obj);
	if (err) {
		tc_clone_bpf__destroy(obj);
		errno = -err;
		return NULL;
	}
	return obj;
}

static inline int
tc_clone_bpf__attach(struct tc_clone_bpf *obj)
{
	return bpf_object__attach_skeleton(obj->skeleton);
}

static inline void
tc_clone_bpf__detach(struct tc_clone_bpf *obj)
{
	bpf_object__detach_skeleton(obj->skeleton);
}

static inline const void *tc_clone_bpf__elf_bytes(size_t *sz);

static inline int
tc_clone_bpf__create_skeleton(struct tc_clone_bpf *obj)
{
	struct bpf_object_skeleton *s;
	struct bpf_map_skeleton *map __attribute__((unused));
	int err;

	s = (struct bpf_object_skeleton *)calloc(1, sizeof(*s));
	if (!s)	{
		err = -ENOMEM;
		goto err;
	}

	s->sz = sizeof(*s);
	s->name = "tc_clone_bpf";
	s->obj = &obj->obj;

	/* maps */
	s->map_cnt = 1;
	s->map_skel_sz = 24;
	s->maps = (struct bpf_map_skeleton *)calloc(s->map_cnt,
			sizeof(*s->maps) > 24 ? sizeof(*s->maps) : 24);
	if (!s->maps) {
		err = -ENOMEM;
		goto err;
	}

	map = (struct bpf_map_skeleton *)((char *)s->maps + 0 * s->map_skel_sz);
	map->name = "tc_clone.data";
	map->map = &obj->maps.data;
	map->mmaped = (void **)&obj->data;

	/* programs */
	s->prog_cnt = 1;
	s->prog_skel_sz = sizeof(*s->progs);
	s->progs = (struct bpf_prog_skeleton *)calloc(s->prog_cnt, s->prog_skel_sz);
	if (!s->progs) {
		err = -ENOMEM;
		goto err;
	}

	s->progs[0].name = "tc_clone";
	s->progs[0].prog = &obj->progs.tc_clone;
	s->progs[0].link = &obj->links.tc_clone;

	s->data = tc_clone_bpf__elf_bytes(&s->data_sz);

	obj->skeleton = s;
	return 0;
err:
	bpf_object__destroy_skeleton(s);
	return err;
}

static inline const void *tc_clone_bpf__elf_bytes(size_t *sz)
{
	static const char data[] __attribute__((__aligned__(8))) = "\
\x7f\x45\x4c\x46\x02\x01\x01\0\0\0\0\0\0\0\0\0\x01\0\xf7\0\x01\0\0\0\0\0\0\0\0\
\0\0\0\0\0\0\0\0\0\0\0\x68\x93\x01\0\0\0\0\0\0\0\0\0\x40\0\0\0\0\0\x40\0\x1b\0\
\x01\0\xb7\0\0\0\x02\0\0\0\x61\x13\x50\0\0\0\0\0\x61\x14\x4c\0\0\0\0\0\xbf\x42\
\0\0\0\0\0\0\x07\x02\0\0\x0e\0\0\0\x2d\x32\x35\x0e\0\0\0\0\x71\x45\x0d\0\0\0\0\
\0\x67\x05\0\0\x08\0\0\0\x71\x46\x0c\0\0\0\0\0\x4f\x65\0\0\0\0\0\0\x55\x05\x30\
\x0e\x08\0\0\0\xbf\x45\0\0\0\0\0\0\x07\x05\0\0\x22\0\0\0\x2d\x35\x2d\x0e\0\0\0\
\0\x71\x44\x17\0\0\0\0\0\x55\x04\x2b\x0e\x11\0\0\0\x71\x24\0\0\0\0\0\0\x57\x04\
\0\0\x0f\0\0\0\xb7\x05\0\0\x05\0\0\0\x2d\x45\x27\x0e\0\0\0\0\x67\x04\0\0\x02\0\
\0\0\x0f\x42\0\0\0\0\0\0\x2d\x32\x24\x0e\0\0\0\0\xbf\x24\0\0\0\0\0\0\x07\x04\0\
\0\x08\0\0\0\x2d\x34\x21\x0e\0\0\0\0\x69\x24\x02\0\0\0\0\0\x55\x04\x1f\x0e\x22\
\xc5\0\0\xbf\x24\0\0\0\0\0\0\x07\x04\0\0\x1a\0\0\0\x2d\x34\x1c\x0e\0\0\0\0\xbf\
\x16\0\0\0\0\0\0\xb7\x01\0\0\0\0\0\0\x73\x12\x0a\0\0\0\0\0\x18\x07\0\0\0\0\0\0\
\0\0\0\0\0\0\0\0\x79\x71\0\0\0\0\0\0\x15\x01\xfd\x0d\0\0\0\0\xbf\x61\0\0\0\0\0\
\0\x61\x12\x28\0\0\0\0\0\xb7\x03\0\0\0\0\0\0\x85\0\0\0\x0d\0\0\0\x79\x71\0\0\0\
\0\0\0\xb7\x02\0\0\x02\0\0\0\x2d\x12\xf6\x0d\0\0\0\0\xbf\x61\0\0\0\0\0\0\x61\
\x12\x28\0\0\0\0\0\xb7\x03\0\0\0\0\0\0\x85\0\0\0\x0d\0\0\0\x79\x71\0\0\0\0\0\0\
\xb7\x02\0\0\x03\0\0\0\x2d\x12\xef\x0d\0\0\0\0\xbf\x61\0\0\0\0\0\0\x61\x12\x28\
\0\0\0\0\0\xb7\x03\0\0\0\0\0\0\x85\0\0\0\x0d\0\0\0\x79\x71\0\0\0\0\0\0\xb7\x02\
\0\0\x04\0\0\0\x2d\x12\xe8\x0d\0\0\0\0\xbf\x61\0\0\0\0\0\0\x61\x12\x28\0\0\0\0\
\0\xb7\x03\0\0\0\0\0\0\x85\0\0\0\x0d\0\0\0\x79\x71\0\0\0\0\0\0\xb7\x02\0\0\x05\
\0\0\0\x2d\x12\xe1\x0d\0\0\0\0\xbf\x61\0\0\0\0\0\0\x61\x12\x28\0\0\0\0\0\xb7\
\x03\0\0\0\0\0\0\x85\0\0\0\x0d\0\0\0\x79\x71\0\0\0\0\0\0\xb7\x02\0\0\x06\0\0\0\
\x2d\x12\xda\x0d\0\0\0\0\xbf\x61\0\0\0\0\0\0\x61\x12\x28\0\0\0\0\0\xb7\x03\0\0\
\0\0\0\0\x85\0\0\0\x0d\0\0\0\x79\x71\0\0\0\0\0\0\xb7\x02\0\0\x07\0\0\0\x2d\x12\
\xd3\x0d\0\0\0\0\xbf\x61\0\0\0\0\0\0\x61\x12\x28\0\0\0\0\0\xb7\x03\0\0\0\0\0\0\
\x85\0\0\0\x0d\0\0\0\x79\x71\0\0\0\0\0\0\xb7\x02\0\0\x08\0\0\0\x2d\x12\xcc\x0d\
\0\0\0\0\xbf\x61\0\0\0\0\0\0\x61\x12\x28\0\0\0\0\0\xb7\x03\0\0\0\0\0\0\x85\0\0\
\0\x0d\0\0\0\x79\x71\0\0\0\0\0\0\xb7\x02\0\0\x09\0\0\0\x2d\x12\xc5\x0d\0\0\0\0\
\xbf\x61\0\0\0\0\0\0\x61\x12\x28\0\0\0\0\0\xb7\x03\0\0\0\0\0\0\x85\0\0\0\x0d\0\
\0\0\x79\x71\0\0\0\0\0\0\xb7\x02\0\0\x0a\0\0\0\x2d\x12\xbe\x0d\0\0\0\0\xbf\x61\
\0\0\0\0\0\0\x61\x12\x28\0\0\0\0\0\xb7\x03\0\0\0\0\0\0\x85\0\0\0\x0d\0\0\0\x79\
\x71\0\0\0\0\0\0\xb7\x02\0\0\x0b\0\0\0\x2d\x12\xb7\x0d\0\0\0\0\xbf\x61\0\0\0\0\
\0\0\x61\x12\x28\0\0\0\0\0\xb7\x03\0\0\0\0\0\0\x85\0\0\0\x0d\0\0\0\x79\x71\0\0\
\0\0\0\0\xb7\x02\0\0\x0c\0\0\0\x2d\x12\xb0\x0d\0\0\0\0\xbf\x61\0\0\0\0\0\0\x61\
\x12\x28\0\0\0\0\0\xb7\x03\0\0\0\0\0\0\x85\0\0\0\x0d\0\0\0\x79\x71\0\0\0\0\0\0\
\xb7\x02\0\0\x0d\0\0\0\x2d\x12\xa9\x0d\0\0\0\0\xbf\x61\0\0\0\0\0\0\x61\x12\x28\
\0\0\0\0\0\xb7\x03\0\0\0\0\0\0\x85\0\0\0\x0d\0\0\0\x79\x71\0\0\0\0\0\0\xb7\x02\
\0\0\x0e\0\0\0\x2d\x12\xa2\x0d\0\0\0\0\xbf\x61\0\0\0\0\0\0\x61\x12\x28\0\0\0\0\
\0\xb7\x03\0\0\0\0\0\0\x85\0\0\0\x0d\0\0\0\x79\x71\0\0\0\0\0\0\xb7\x02\0\0\x0f\
\0\0\0\x2d\x12\x9b\x0d\0\0\0\0\xbf\x61\0\0\0\0\0\0\x61\x12\x28\0\0\0\0\0\xb7\
\x03\0\0\0\0\0\0\x85\0\0\0\x0d\0\0\0\x79\x71\0\0\0\0\0\0\xb7\x02\0\0\x10\0\0\0\
\x2d\x12\x94\x0d\0\0\0\0\xbf\x61\0\0\0\0\0\0\x61\x12\x28\0\0\0\0\0\xb7\x03\0\0\
\0\0\0\0\x85\0\0\0\x0d\0\0\0\x79\x71\0\0\0\0\0\0\xb7\x02\0\0\x11\0\0\0\x2d\x12\
\x8d\x0d\0\0\0\0\xbf\x61\0\0\0\0\0\0\x61\x12\x28\0\0\0\0\0\xb7\x03\0\0\0\0\0\0\
\x85\0\0\0\x0d\0\0\0\x79\x71\0\0\0\0\0\0\xb7\x02\0\0\x12\0\0\0\x2d\x12\x86\x0d\
\0\0\0\0\xbf\x61\0\0\0\0\0\0\x61\x12\x28\0\0\0\0\0\xb7\x03\0\0\0\0\0\0\x85\0\0\
\0\x0d\0\0\0\x79\x71\0\0\0\0\0\0\xb7\x02\0\0\x13\0\0\0\x2d\x12\x7f\x0d\0\0\0\0\
\xbf\x61\0\0\0\0\0\0\x61\x12\x28\0\0\0\0\0\xb7\x03\0\0\0\0\0\0\x85\0\0\0\x0d\0\
\0\0\x79\x71\0\0\0\0\0\0\xb7\x02\0\0\x14\0\0\0\x2d\x12\x78\x0d\0\0\0\0\xbf\x61\
\0\0\0\0\0\0\x61\x12\x28\0\0\0\0\0\xb7\x03\0\0\0\0\0\0\x85\0\0\0\x0d\0\0\0\x79\
\x71\0\0\0\0\0\0\xb7\x02\0\0\x15\0\0\0\x2d\x12\x71\x0d\0\0\0\0\xbf\x61\0\0\0\0\
\0\0\x61\x12\x28\0\0\0\0\0\xb7\x03\0\0\0\0\0\0\x85\0\0\0\x0d\0\0\0\x79\x71\0\0\
\0\0\0\0\xb7\x02\0\0\x16\0\0\0\x2d\x12\x6a\x0d\0\0\0\0\xbf\x61\0\0\0\0\0\0\x61\
\x12\x28\0\0\0\0\0\xb7\x03\0\0\0\0\0\0\x85\0\0\0\x0d\0\0\0\x79\x71\0\0\0\0\0\0\
\xb7\x02\0\0\x17\0\0\0\x2d\x12\x63\x0d\0\0\0\0\xbf\x61\0\0\0\0\0\0\x61\x12\x28\
\0\0\0\0\0\xb7\x03\0\0\0\0\0\0\x85\0\0\0\x0d\0\0\0\x79\x71\0\0\0\0\0\0\xb7\x02\
\0\0\x18\0\0\0\x2d\x12\x5c\x0d\0\0\0\0\xbf\x61\0\0\0\0\0\0\x61\x12\x28\0\0\0\0\
\0\xb7\x03\0\0\0\0\0\0\x85\0\0\0\x0d\0\0\0\x79\x71\0\0\0\0\0\0\xb7\x02\0\0\x19\
\0\0\0\x2d\x12\x55\x0d\0\0\0\0\xbf\x61\0\0\0\0\0\0\x61\x12\x28\0\0\0\0\0\xb7\
\x03\0\0\0\0\0\0\x85\0\0\0\x0d\0\0\0\x79\x71\0\0\0\0\0\0\xb7\x02\0\0\x1a\0\0\0\
\x2d\x12\x4e\x0d\0\0\0\0\xbf\x61\0\0\0\0\0\0\x61\x12\x28\0\0\0\0\0\xb7\x03\0\0\
\0\0\0\0\x85\0\0\0\x0d\0\0\0\x79\x71\0\0\0\0\0\0\xb7\x02\0\0\x1b\0\0\0\x2d\x12\
\x47\x0d\0\0\0\0\xbf\x61\0\0\0\0\0\0\x61\x12\x28\0\0\0\0\0\xb7\x03\0\0\0\0\0\0\
\x85\0\0\0\x0d\0\0\0\x79\x71\0\0\0\0\0\0\xb7\x02\0\0\x1c\0\0\0\x2d\x12\x40\x0d\
\0\0\0\0\xbf\x61\0\0\0\0\0\0\x61\x12\x28\0\0\0\0\0\xb7\x03\0\0\0\0\0\0\x85\0\0\
\0\x0d\0\0\0\x79\x71\0\0\0\0\0\0\xb7\x02\0\0\x1d\0\0\0\x2d\x12\x39\x0d\0\0\0\0\
\xbf\x61\0\0\0\0\0\0\x61\x12\x28\0\0\0\0\0\xb7\x03\0\0\0\0\0\0\x85\0\0\0\x0d\0\
\0\0\x79\x71\0\0\0\0\0\0\xb7\x02\0\0\x1e\0\0\0\x2d\x12\x32\x0d\0\0\0\0\xbf\x61\
\0\0\0\0\0\0\x61\x12\x28\0\0\0\0\0\xb7\x03\0\0\0\0\0\0\x85\0\0\0\x0d\0\0\0\x79\
\x71\0\0\0\0\0\0\xb7\x02\0\0\x1f\0\0\0\x2d\x12\x2b\x0d\0\0\0\0\xbf\x61\0\0\0\0\
\0\0\x61\x12\x28\0\0\0\0\0\xb7\x03\0\0\0\0\0\0\x85\0\0\0\x0d\0\0\0\x79\x71\0\0\
\0\0\0\0\xb7\x02\0\0\x20\0\0\0\x2d\x12\x24\x0d\0\0\0\0\xbf\x61\0\0\0\0\0\0\x61\
\x12\x28\0\0\0\0\0\xb7\x03\0\0\0\0\0\0\x85\0\0\0\x0d\0\0\0\x79\x71\0\0\0\0\0\0\
\xb7\x02\0\0\x21\0\0\0\x2d\x12\x1d\x0d\0\0\0\0\xbf\x61\0\0\0\0\0\0\x61\x12\x28\
\0\0\0\0\0\xb7\x03\0\0\0\0\0\0\x85\0\0\0\x0d\0\0\0\x79\x71\0\0\0\0\0\0\xb7\x02\
\0\0\x22\0\0\0\x2d\x12\x16\x0d\0\0\0\0\xbf\x61\0\0\0\0\0\0\x61\x12\x28\0\0\0\0\
\0\xb7\x03\0\0\0\0\0\0\x85\0\0\0\x0d\0\0\0\x79\x71\0\0\0\0\0\0\xb7\x02\0\0\x23\
\0\0\0\x2d\x12\x0f\x0d\0\0\0\0\xbf\x61\0\0\0\0\0\0\x61\x12\x28\0\0\0\0\0\xb7\
\x03\0\0\0\0\0\0\x85\0\0\0\x0d\0\0\0\x79\x71\0\0\0\0\0\0\xb7\x02\0\0\x24\0\0\0\
\x2d\x12\x08\x0d\0\0\0\0\xbf\x61\0\0\0\0\0\0\x61\x12\x28\0\0\0\0\0\xb7\x03\0\0\
\0\0\0\0\x85\0\0\0\x0d\0\0\0\x79\x71\0\0\0\0\0\0\xb7\x02\0\0\x25\0\0\0\x2d\x12\
\x01\x0d\0\0\0\0\xbf\x61\0\0\0\0\0\0\x61\x12\x28\0\0\0\0\0\xb7\x03\0\0\0\0\0\0\
\x85\0\0\0\x0d\0\0\0\x79\x71\0\0\0\0\0\0\xb7\x02\0\0\x26\0\0\0\x2d\x12\xfa\x0c\
\0\0\0\0\xbf\x61\0\0\0\0\0\0\x61\x12\x28\0\0\0\0\0\xb7\x03\0\0\0\0\0\0\x85\0\0\
\0\x0d\0\0\0\x79\x71\0\0\0\0\0\0\xb7\x02\0\0\x27\0\0\0\x2d\x12\xf3\x0c\0\0\0\0\
\xbf\x61\0\0\0\0\0\0\x61\x12\x28\0\0\0\0\0\xb7\x03\0\0\0\0\0\0\x85\0\0\0\x0d\0\
\0\0\x79\x71\0\0\0\0\0\0\xb7\x02\0\0\x28\0\0\0\x2d\x12\xec\x0c\0\0\0\0\xbf\x61\
\0\0\0\0\0\0\x61\x12\x28\0\0\0\0\0\xb7\x03\0\0\0\0\0\0\x85\0\0\0\x0d\0\0\0\x79\
\x71\0\0\0\0\0\0\xb7\x02\0\0\x29\0\0\0\x2d\x12\xe5\x0c\0\0\0\0\xbf\x61\0\0\0\0\
\0\0\x61\x12\x28\0\0\0\0\0\xb7\x03\0\0\0\0\0\0\x85\0\0\0\x0d\0\0\0\x79\x71\0\0\
\0\0\0\0\xb7\x02\0\0\x2a\0\0\0\x2d\x12\xde\x0c\0\0\0\0\xbf\x61\0\0\0\0\0\0\x61\
\x12\x28\0\0\0\0\0\xb7\x03\0\0\0\0\0\0\x85\0\0\0\x0d\0\0\0\x79\x71\0\0\0\0\0\0\
\xb7\x02\0\0\x2b\0\0\0\x2d\x12\xd7\x0c\0\0\0\0\xbf\x61\0\0\0\0\0\0\x61\x12\x28\
\0\0\0\0\0\xb7\x03\0\0\0\0\0\0\x85\0\0\0\x0d\0\0\0\x79\x71\0\0\0\0\0\0\xb7\x02\
\0\0\x2c\0\0\0\x2d\x12\xd0\x0c\0\0\0\0\xbf\x61\0\0\0\0\0\0\x61\x12\x28\0\0\0\0\
\0\xb7\x03\0\0\0\0\0\0\x85\0\0\0\x0d\0\0\0\x79\x71\0\0\0\0\0\0\xb7\x02\0\0\x2d\
\0\0\0\x2d\x12\xc9\x0c\0\0\0\0\xbf\x61\0\0\0\0\0\0\x61\x12\x28\0\0\0\0\0\xb7\
\x03\0\0\0\0\0\0\x85\0\0\0\x0d\0\0\0\x79\x71\0\0\0\0\0\0\xb7\x02\0\0\x2e\0\0\0\
\x2d\x12\xc2\x0c\0\0\0\0\xbf\x61\0\0\0\0\0\0\x61\x12\x28\0\0\0\0\0\xb7\x03\0\0\
\0\0\0\0\x85\0\0\0\x0d\0\0\0\x79\x71\0\0\0\0\0\0\xb7\x02\0\0\x2f\0\0\0\x2d\x12\
\xbb\x0c\0\0\0\0\xbf\x61\0\0\0\0\0\0\x61\x12\x28\0\0\0\0\0\xb7\x03\0\0\0\0\0\0\
\x85\0\0\0\x0d\0\0\0\x79\x71\0\0\0\0\0\0\xb7\x02\0\0\x30\0\0\0\x2d\x12\xb4\x0c\
\0\0\0\0\xbf\x61\0\0\0\0\0\0\x61\x12\x28\0\0\0\0\0\xb7\x03\0\0\0\0\0\0\x85\0\0\
\0\x0d\0\0\0\x79\x71\0\0\0\0\0\0\xb7\x02\0\0\x31\0\0\0\x2d\x12\xad\x0c\0\0\0\0\
\xbf\x61\0\0\0\0\0\0\x61\x12\x28\0\0\0\0\0\xb7\x03\0\0\0\0\0\0\x85\0\0\0\x0d\0\
\0\0\x79\x71\0\0\0\0\0\0\xb7\x02\0\0\x32\0\0\0\x2d\x12\xa6\x0c\0\0\0\0\xbf\x61\
\0\0\0\0\0\0\x61\x12\x28\0\0\0\0\0\xb7\x03\0\0\0\0\0\0\x85\0\0\0\x0d\0\0\0\x79\
\x71\0\0\0\0\0\0\xb7\x02\0\0\x33\0\0\0\x2d\x12\x9f\x0c\0\0\0\0\xbf\x61\0\0\0\0\
\0\0\x61\x12\x28\0\0\0\0\0\xb7\x03\0\0\0\0\0\0\x85\0\0\0\x0d\0\0\0\x79\x71\0\0\
\0\0\0\0\xb7\x02\0\0\x34\0\0\0\x2d\x12\x98\x0c\0\0\0\0\xbf\x61\0\0\0\0\0\0\x61\
\x12\x28\0\0\0\0\0\xb7\x03\0\0\0\0\0\0\x85\0\0\0\x0d\0\0\0\x79\x71\0\0\0\0\0\0\
\xb7\x02\0\0\x35\0\0\0\x2d\x12\x91\x0c\0\0\0\0\xbf\x61\0\0\0\0\0\0\x61\x12\x28\
\0\0\0\0\0\xb7\x03\0\0\0\0\0\0\x85\0\0\0\x0d\0\0\0\x79\x71\0\0\0\0\0\0\xb7\x02\
\0\0\x36\0\0\0\x2d\x12\x8a\x0c\0\0\0\0\xbf\x61\0\0\0\0\0\0\x61\x12\x28\0\0\0\0\
\0\xb7\x03\0\0\0\0\0\0\x85\0\0\0\x0d\0\0\0\x79\x71\0\0\0\0\0\0\xb7\x02\0\0\x37\
\0\0\0\x2d\x12\x83\x0c\0\0\0\0\xbf\x61\0\0\0\0\0\0\x61\x12\x28\0\0\0\0\0\xb7\
\x03\0\0\0\0\0\0\x85\0\0\0\x0d\0\0\0\x79\x71\0\0\0\0\0\0\xb7\x02\0\0\x38\0\0\0\
\x2d\x12\x7c\x0c\0\0\0\0\xbf\x61\0\0\0\0\0\0\x61\x12\x28\0\0\0\0\0\xb7\x03\0\0\
\0\0\0\0\x85\0\0\0\x0d\0\0\0\x79\x71\0\0\0\0\0\0\xb7\x02\0\0\x39\0\0\0\x2d\x12\
\x75\x0c\0\0\0\0\xbf\x61\0\0\0\0\0\0\x61\x12\x28\0\0\0\0\0\xb7\x03\0\0\0\0\0\0\
\x85\0\0\0\x0d\0\0\0\x79\x71\0\0\0\0\0\0\xb7\x02\0\0\x3a\0\0\0\x2d\x12\x6e\x0c\
\0\0\0\0\xbf\x61\0\0\0\0\0\0\x61\x12\x28\0\0\0\0\0\xb7\x03\0\0\0\0\0\0\x85\0\0\
\0\x0d\0\0\0\x79\x71\0\0\0\0\0\0\xb7\x02\0\0\x3b\0\0\0\x2d\x12\x67\x0c\0\0\0\0\
\xbf\x61\0\0\0\0\0\0\x61\x12\x28\0\0\0\0\0\xb7\x03\0\0\0\0\0\0\x85\0\0\0\x0d\0\
\0\0\x79\x71\0\0\0\0\0\0\xb7\x02\0\0\x3c\0\0\0\x2d\x12\x60\x0c\0\0\0\0\xbf\x61\
\0\0\0\0\0\0\x61\x12\x28\0\0\0\0\0\xb7\x03\0\0\0\0\0\0\x85\0\0\0\x0d\0\0\0\x79\
\x71\0\0\0\0\0\0\xb7\x02\0\0\x3d\0\0\0\x2d\x12\x59\x0c\0\0\0\0\xbf\x61\0\0\0\0\
\0\0\x61\x12\x28\0\0\0\0\0\xb7\x03\0\0\0\0\0\0\x85\0\0\0\x0d\0\0\0\x79\x71\0\0\
\0\0\0\0\xb7\x02\0\0\x3e\0\0\0\x2d\x12\x52\x0c\0\0\0\0\xbf\x61\0\0\0\0\0\0\x61\
\x12\x28\0\0\0\0\0\xb7\x03\0\0\0\0\0\0\x85\0\0\0\x0d\0\0\0\x79\x71\0\0\0\0\0\0\
\xb7\x02\0\0\x3f\0\0\0\x2d\x12\x4b\x0c\0\0\0\0\xbf\x61\0\0\0\0\0\0\x61\x12\x28\
\0\0\0\0\0\xb7\x03\0\0\0\0\0\0\x85\0\0\0\x0d\0\0\0\x79\x71\0\0\0\0\0\0\xb7\x02\
\0\0\x40\0\0\0\x2d\x12\x44\x0c\0\0\0\0\xbf\x61\0\0\0\0\0\0\x61\x12\x28\0\0\0\0\
\0\xb7\x03\0\0\0\0\0\0\x85\0\0\0\x0d\0\0\0\x79\x71\0\0\0\0\0\0\xb7\x02\0\0\x41\
\0\0\0\x2d\x12\x3d\x0c\0\0\0\0\xbf\x61\0\0\0\0\0\0\x61\x12\x28\0\0\0\0\0\xb7\
\x03\0\0\0\0\0\0\x85\0\0\0\x0d\0\0\0\x79\x71\0\0\0\0\0\0\xb7\x02\0\0\x42\0\0\0\
\x2d\x12\x36\x0c\0\0\0\0\xbf\x61\0\0\0\0\0\0\x61\x12\x28\0\0\0\0\0\xb7\x03\0\0\
\0\0\0\0\x85\0\0\0\x0d\0\0\0\x79\x71\0\0\0\0\0\0\xb7\x02\0\0\x43\0\0\0\x2d\x12\
\x2f\x0c\0\0\0\0\xbf\x61\0\0\0\0\0\0\x61\x12\x28\0\0\0\0\0\xb7\x03\0\0\0\0\0\0\
\x85\0\0\0\x0d\0\0\0\x79\x71\0\0\0\0\0\0\xb7\x02\0\0\x44\0\0\0\x2d\x12\x28\x0c\
\0\0\0\0\xbf\x61\0\0\0\0\0\0\x61\x12\x28\0\0\0\0\0\xb7\x03\0\0\0\0\0\0\x85\0\0\
\0\x0d\0\0\0\x79\x71\0\0\0\0\0\0\xb7\x02\0\0\x45\0\0\0\x2d\x12\x21\x0c\0\0\0\0\
\xbf\x61\0\0\0\0\0\0\x61\x12\x28\0\0\0\0\0\xb7\x03\0\0\0\0\0\0\x85\0\0\0\x0d\0\
\0\0\x79\x71\0\0\0\0\0\0\xb7\x02\0\0\x46\0\0\0\x2d\x12\x1a\x0c\0\0\0\0\xbf\x61\
\0\0\0\0\0\0\x61\x12\x28\0\0\0\0\0\xb7\x03\0\0\0\0\0\0\x85\0\0\0\x0d\0\0\0\x79\
\x71\0\0\0\0\0\0\xb7\x02\0\0\x47\0\0\0\x2d\x12\x13\x0c\0\0\0\0\xbf\x61\0\0\0\0\
\0\0\x61\x12\x28\0\0\0\0\0\xb7\x03\0\0\0\0\0\0\x85\0\0\0\x0d\0\0\0\x79\x71\0\0\
\0\0\0\0\xb7\x02\0\0\x48\0\0\0\x2d\x12\x0c\x0c\0\0\0\0\xbf\x61\0\0\0\0\0\0\x61\
\x12\x28\0\0\0\0\0\xb7\x03\0\0\0\0\0\0\x85\0\0\0\x0d\0\0\0\x79\x71\0\0\0\0\0\0\
\xb7\x02\0\0\x49\0\0\0\x2d\x12\x05\x0c\0\0\0\0\xbf\x61\0\0\0\0\0\0\x61\x12\x28\
\0\0\0\0\0\xb7\x03\0\0\0\0\0\0\x85\0\0\0\x0d\0\0\0\x79\x71\0\0\0\0\0\0\xb7\x02\
\0\0\x4a\0\0\0\x2d\x12\xfe\x0b\0\0\0\0\xbf\x61\0\0\0\0\0\0\x61\x12\x28\0\0\0\0\
\0\xb7\x03\0\0\0\0\0\0\x85\0\0\0\x0d\0\0\0\x79\x71\0\0\0\0\0\0\xb7\x02\0\0\x4b\
\0\0\0\x2d\x12\xf7\x0b\0\0\0\0\xbf\x61\0\0\0\0\0\0\x61\x12\x28\0\0\0\0\0\xb7\
\x03\0\0\0\0\0\0\x85\0\0\0\x0d\0\0\0\x79\x71\0\0\0\0\0\0\xb7\x02\0\0\x4c\0\0\0\
\x2d\x12\xf0\x0b\0\0\0\0\xbf\x61\0\0\0\0\0\0\x61\x12\x28\0\0\0\0\0\xb7\x03\0\0\
\0\0\0\0\x85\0\0\0\x0d\0\0\0\x79\x71\0\0\0\0\0\0\xb7\x02\0\0\x4d\0\0\0\x2d\x12\
\xe9\x0b\0\0\0\0\xbf\x61\0\0\0\0\0\0\x61\x12\x28\0\0\0\0\0\xb7\x03\0\0\0\0\0\0\
\x85\0\0\0\x0d\0\0\0\x79\x71\0\0\0\0\0\0\xb7\x02\0\0\x4e\0\0\0\x2d\x12\xe2\x0b\
\0\0\0\0\xbf\x61\0\0\0\0\0\0\x61\x12\x28\0\0\0\0\0\xb7\x03\0\0\0\0\0\0\x85\0\0\
\0\x0d\0\0\0\x79\x71\0\0\0\0\0\0\xb7\x02\0\0\x4f\0\0\0\x2d\x12\xdb\x0b\0\0\0\0\
\xbf\x61\0\0\0\0\0\0\x61\x12\x28\0\0\0\0\0\xb7\x03\0\0\0\0\0\0\x85\0\0\0\x0d\0\
\0\0\x79\x71\0\0\0\0\0\0\xb7\x02\0\0\x50\0\0\0\x2d\x12\xd4\x0b\0\0\0\0\xbf\x61\
\0\0\0\0\0\0\x61\x12\x28\0\0\0\0\0\xb7\x03\0\0\0\0\0\0\x85\0\0\0\x0d\0\0\0\x79\
\x71\0\0\0\0\0\0\xb7\x02\0\0\x51\0\0\0\x2d\x12\xcd\x0b\0\0\0\0\xbf\x61\0\0\0\0\
\0\0\x61\x12\x28\0\0\0\0\0\xb7\x03\0\0\0\0\0\0\x85\0\0\0\x0d\0\0\0\x79\x71\0\0\
\0\0\0\0\xb7\x02\0\0\x52\0\0\0\x2d\x12\xc6\x0b\0\0\0\0\xbf\x61\0\0\0\0\0\0\x61\
\x12\x28\0\0\0\0\0\xb7\x03\0\0\0\0\0\0\x85\0\0\0\x0d\0\0\0\x79\x71\0\0\0\0\0\0\
\xb7\x02\0\0\x53\0\0\0\x2d\x12\xbf\x0b\0\0\0\0\xbf\x61\0\0\0\0\0\0\x61\x12\x28\
\0\0\0\0\0\xb7\x03\0\0\0\0\0\0\x85\0\0\0\x0d\0\0\0\x79\x71\0\0\0\0\0\0\xb7\x02\
\0\0\x54\0\0\0\x2d\x12\xb8\x0b\0\0\0\0\xbf\x61\0\0\0\0\0\0\x61\x12\x28\0\0\0\0\
\0\xb7\x03\0\0\0\0\0\0\x85\0\0\0\x0d\0\0\0\x79\x71\0\0\0\0\0\0\xb7\x02\0\0\x55\
\0\0\0\x2d\x12\xb1\x0b\0\0\0\0\xbf\x61\0\0\0\0\0\0\x61\x12\x28\0\0\0\0\0\xb7\
\x03\0\0\0\0\0\0\x85\0\0\0\x0d\0\0\0\x79\x71\0\0\0\0\0\0\xb7\x02\0\0\x56\0\0\0\
\x2d\x12\xaa\x0b\0\0\0\0\xbf\x61\0\0\0\0\0\0\x61\x12\x28\0\0\0\0\0\xb7\x03\0\0\
\0\0\0\0\x85\0\0\0\x0d\0\0\0\x79\x71\0\0\0\0\0\0\xb7\x02\0\0\x57\0\0\0\x2d\x12\
\xa3\x0b\0\0\0\0\xbf\x61\0\0\0\0\0\0\x61\x12\x28\0\0\0\0\0\xb7\x03\0\0\0\0\0\0\
\x85\0\0\0\x0d\0\0\0\x79\x71\0\0\0\0\0\0\xb7\x02\0\0\x58\0\0\0\x2d\x12\x9c\x0b\
\0\0\0\0\xbf\x61\0\0\0\0\0\0\x61\x12\x28\0\0\0\0\0\xb7\x03\0\0\0\0\0\0\x85\0\0\
\0\x0d\0\0\0\x79\x71\0\0\0\0\0\0\xb7\x02\0\0\x59\0\0\0\x2d\x12\x95\x0b\0\0\0\0\
\xbf\x61\0\0\0\0\0\0\x61\x12\x28\0\0\0\0\0\xb7\x03\0\0\0\0\0\0\x85\0\0\0\x0d\0\
\0\0\x79\x71\0\0\0\0\0\0\xb7\x02\0\0\x5a\0\0\0\x2d\x12\x8e\x0b\0\0\0\0\xbf\x61\
\0\0\0\0\0\0\x61\x12\x28\0\0\0\0\0\xb7\x03\0\0\0\0\0\0\x85\0\0\0\x0d\0\0\0\x79\
\x71\0\0\0\0\0\0\xb7\x02\0\0\x5b\0\0\0\x2d\x12\x87\x0b\0\0\0\0\xbf\x61\0\0\0\0\
\0\0\x61\x12\x28\0\0\0\0\0\xb7\x03\0\0\0\0\0\0\x85\0\0\0\x0d\0\0\0\x79\x71\0\0\
\0\0\0\0\xb7\x02\0\0\x5c\0\0\0\x2d\x12\x80\x0b\0\0\0\0\xbf\x61\0\0\0\0\0\0\x61\
\x12\x28\0\0\0\0\0\xb7\x03\0\0\0\0\0\0\x85\0\0\0\x0d\0\0\0\x79\x71\0\0\0\0\0\0\
\xb7\x02\0\0\x5d\0\0\0\x2d\x12\x79\x0b\0\0\0\0\xbf\x61\0\0\0\0\0\0\x61\x12\x28\
\0\0\0\0\0\xb7\x03\0\0\0\0\0\0\x85\0\0\0\x0d\0\0\0\x79\x71\0\0\0\0\0\0\xb7\x02\
\0\0\x5e\0\0\0\x2d\x12\x72\x0b\0\0\0\0\xbf\x61\0\0\0\0\0\0\x61\x12\x28\0\0\0\0\
\0\xb7\x03\0\0\0\0\0\0\x85\0\0\0\x0d\0\0\0\x79\x71\0\0\0\0\0\0\xb7\x02\0\0\x5f\
\0\0\0\x2d\x12\x6b\x0b\0\0\0\0\xbf\x61\0\0\0\0\0\0\x61\x12\x28\0\0\0\0\0\xb7\
\x03\0\0\0\0\0\0\x85\0\0\0\x0d\0\0\0\x79\x71\0\0\0\0\0\0\xb7\x02\0\0\x60\0\0\0\
\x2d\x12\x64\x0b\0\0\0\0\xbf\x61\0\0\0\0\0\0\x61\x12\x28\0\0\0\0\0\xb7\x03\0\0\
\0\0\0\0\x85\0\0\0\x0d\0\0\0\x79\x71\0\0\0\0\0\0\xb7\x02\0\0\x61\0\0\0\x2d\x12\
\x5d\x0b\0\0\0\0\xbf\x61\0\0\0\0\0\0\x61\x12\x28\0\0\0\0\0\xb7\x03\0\0\0\0\0\0\
\x85\0\0\0\x0d\0\0\0\x79\x71\0\0\0\0\0\0\xb7\x02\0\0\x62\0\0\0\x2d\x12\x56\x0b\
\0\0\0\0\xbf\x61\0\0\0\0\0\0\x61\x12\x28\0\0\0\0\0\xb7\x03\0\0\0\0\0\0\x85\0\0\
\0\x0d\0\0\0\x79\x71\0\0\0\0\0\0\xb7\x02\0\0\x63\0\0\0\x2d\x12\x4f\x0b\0\0\0\0\
\xbf\x61\0\0\0\0\0\0\x61\x12\x28\0\0\0\0\0\xb7\x03\0\0\0\0\0\0\x85\0\0\0\x0d\0\
\0\0\x79\x71\0\0\0\0\0\0\xb7\x02\0\0\x64\0\0\0\x2d\x12\x48\x0b\0\0\0\0\xbf\x61\
\0\0\0\0\0\0\x61\x12\x28\0\0\0\0\0\xb7\x03\0\0\0\0\0\0\x85\0\0\0\x0d\0\0\0\x79\
\x71\0\0\0\0\0\0\xb7\x02\0\0\x65\0\0\0\x2d\x12\x41\x0b\0\0\0\0\xbf\x61\0\0\0\0\
\0\0\x61\x12\x28\0\0\0\0\0\xb7\x03\0\0\0\0\0\0\x85\0\0\0\x0d\0\0\0\x79\x71\0\0\
\0\0\0\0\xb7\x02\0\0\x66\0\0\0\x2d\x12\x3a\x0b\0\0\0\0\xbf\x61\0\0\0\0\0\0\x61\
\x12\x28\0\0\0\0\0\xb7\x03\0\0\0\0\0\0\x85\0\0\0\x0d\0\0\0\x79\x71\0\0\0\0\0\0\
\xb7\x02\0\0\x67\0\0\0\x2d\x12\x33\x0b\0\0\0\0\xbf\x61\0\0\0\0\0\0\x61\x12\x28\
\0\0\0\0\0\xb7\x03\0\0\0\0\0\0\x85\0\0\0\x0d\0\0\0\x79\x71\0\0\0\0\0\0\xb7\x02\
\0\0\x68\0\0\0\x2d\x12\x2c\x0b\0\0\0\0\xbf\x61\0\0\0\0\0\0\x61\x12\x28\0\0\0\0\
\0\xb7\x03\0\0\0\0\0\0\x85\0\0\0\x0d\0\0\0\x79\x71\0\0\0\0\0\0\xb7\x02\0\0\x69\
\0\0\0\x2d\x12\x25\x0b\0\0\0\0\xbf\x61\0\0\0\0\0\0\x61\x12\x28\0\0\0\0\0\xb7\
\x03\0\0\0\0\0\0\x85\0\0\0\x0d\0\0\0\x79\x71\0\0\0\0\0\0\xb7\x02\0\0\x6a\0\0\0\
\x2d\x12\x1e\x0b\0\0\0\0\xbf\x61\0\0\0\0\0\0\x61\x12\x28\0\0\0\0\0\xb7\x03\0\0\
\0\0\0\0\x85\0\0\0\x0d\0\0\0\x79\x71\0\0\0\0\0\0\xb7\x02\0\0\x6b\0\0\0\x2d\x12\
\x17\x0b\0\0\0\0\xbf\x61\0\0\0\0\0\0\x61\x12\x28\0\0\0\0\0\xb7\x03\0\0\0\0\0\0\
\x85\0\0\0\x0d\0\0\0\x79\x71\0\0\0\0\0\0\xb7\x02\0\0\x6c\0\0\0\x2d\x12\x10\x0b\
\0\0\0\0\xbf\x61\0\0\0\0\0\0\x61\x12\x28\0\0\0\0\0\xb7\x03\0\0\0\0\0\0\x85\0\0\
\0\x0d\0\0\0\x79\x71\0\0\0\0\0\0\xb7\x02\0\0\x6d\0\0\0\x2d\x12\x09\x0b\0\0\0\0\
\xbf\x61\0\0\0\0\0\0\x61\x12\x28\0\0\0\0\0\xb7\x03\0\0\0\0\0\0\x85\0\0\0\x0d\0\
\0\0\x79\x71\0\0\0\0\0\0\xb7\x02\0\0\x6e\0\0\0\x2d\x12\x02\x0b\0\0\0\0\xbf\x61\
\0\0\0\0\0\0\x61\x12\x28\0\0\0\0\0\xb7\x03\0\0\0\0\0\0\x85\0\0\0\x0d\0\0\0\x79\
\x71\0\0\0\0\0\0\xb7\x02\0\0\x6f\0\0\0\x2d\x12\xfb\x0a\0\0\0\0\xbf\x61\0\0\0\0\
\0\0\x61\x12\x28\0\0\0\0\0\xb7\x03\0\0\0\0\0\0\x85\0\0\0\x0d\0\0\0\x79\x71\0\0\
\0\0\0\0\xb7\x02\0\0\x70\0\0\0\x2d\x12\xf4\x0a\0\0\0\0\xbf\x61\0\0\0\0\0\0\x61\
\x12\x28\0\0\0\0\0\xb7\x03\0\0\0\0\0\0\x85\0\0\0\x0d\0\0\0\x79\x71\0\0\0\0\0\0\
\xb7\x02\0\0\x71\0\0\0\x2d\x12\xed\x0a\0\0\0\0\xbf\x61\0\0\0\0\0\0\x61\x12\x28\
\0\0\0\0\0\xb7\x03\0\0\0\0\0\0\x85\0\0\0\x0d\0\0\0\x79\x71\0\0\0\0\0\0\xb7\x02\
\0\0\x72\0\0\0\x2d\x12\xe6\x0a\0\0\0\0\xbf\x61\0\0\0\0\0\0\x61\x12\x28\0\0\0\0\
\0\xb7\x03\0\0\0\0\0\0\x85\0\0\0\x0d\0\0\0\x79\x71\0\0\0\0\0\0\xb7\x02\0\0\x73\
\0\0\0\x2d\x12\xdf\x0a\0\0\0\0\xbf\x61\0\0\0\0\0\0\x61\x12\x28\0\0\0\0\0\xb7\
\x03\0\0\0\0\0\0\x85\0\0\0\x0d\0\0\0\x79\x71\0\0\0\0\0\0\xb7\x02\0\0\x74\0\0\0\
\x2d\x12\xd8\x0a\0\0\0\0\xbf\x61\0\0\0\0\0\0\x61\x12\x28\0\0\0\0\0\xb7\x03\0\0\
\0\0\0\0\x85\0\0\0\x0d\0\0\0\x79\x71\0\0\0\0\0\0\xb7\x02\0\0\x75\0\0\0\x2d\x12\
\xd1\x0a\0\0\0\0\xbf\x61\0\0\0\0\0\0\x61\x12\x28\0\0\0\0\0\xb7\x03\0\0\0\0\0\0\
\x85\0\0\0\x0d\0\0\0\x79\x71\0\0\0\0\0\0\xb7\x02\0\0\x76\0\0\0\x2d\x12\xca\x0a\
\0\0\0\0\xbf\x61\0\0\0\0\0\0\x61\x12\x28\0\0\0\0\0\xb7\x03\0\0\0\0\0\0\x85\0\0\
\0\x0d\0\0\0\x79\x71\0\0\0\0\0\0\xb7\x02\0\0\x77\0\0\0\x2d\x12\xc3\x0a\0\0\0\0\
\xbf\x61\0\0\0\0\0\0\x61\x12\x28\0\0\0\0\0\xb7\x03\0\0\0\0\0\0\x85\0\0\0\x0d\0\
\0\0\x79\x71\0\0\0\0\0\0\xb7\x02\0\0\x78\0\0\0\x2d\x12\xbc\x0a\0\0\0\0\xbf\x61\
\0\0\0\0\0\0\x61\x12\x28\0\0\0\0\0\xb7\x03\0\0\0\0\0\0\x85\0\0\0\x0d\0\0\0\x79\
\x71\0\0\0\0\0\0\xb7\x02\0\0\x79\0\0\0\x2d\x12\xb5\x0a\0\0\0\0\xbf\x61\0\0\0\0\
\0\0\x61\x12\x28\0\0\0\0\0\xb7\x03\0\0\0\0\0\0\x85\0\0\0\x0d\0\0\0\x79\x71\0\0\
\0\0\0\0\xb7\x02\0\0\x7a\0\0\0\x2d\x12\xae\x0a\0\0\0\0\xbf\x61\0\0\0\0\0\0\x61\
\x12\x28\0\0\0\0\0\xb7\x03\0\0\0\0\0\0\x85\0\0\0\x0d\0\0\0\x79\x71\0\0\0\0\0\0\
\xb7\x02\0\0\x7b\0\0\0\x2d\x12\xa7\x0a\0\0\0\0\xbf\x61\0\0\0\0\0\0\x61\x12\x28\
\0\0\0\0\0\xb7\x03\0\0\0\0\0\0\x85\0\0\0\x0d\0\0\0\x79\x71\0\0\0\0\0\0\xb7\x02\
\0\0\x7c\0\0\0\x2d\x12\xa0\x0a\0\0\0\0\xbf\x61\0\0\0\0\0\0\x61\x12\x28\0\0\0\0\
\0\xb7\x03\0\0\0\0\0\0\x85\0\0\0\x0d\0\0\0\x79\x71\0\0\0\0\0\0\xb7\x02\0\0\x7d\
\0\0\0\x2d\x12\x99\x0a\0\0\0\0\xbf\x61\0\0\0\0\0\0\x61\x12\x28\0\0\0\0\0\xb7\
\x03\0\0\0\0\0\0\x85\0\0\0\x0d\0\0\0\x79\x71\0\0\0\0\0\0\xb7\x02\0\0\x7e\0\0\0\
\x2d\x12\x92\x0a\0\0\0\0\xbf\x61\0\0\0\0\0\0\x61\x12\x28\0\0\0\0\0\xb7\x03\0\0\
\0\0\0\0\x85\0\0\0\x0d\0\0\0\x79\x71\0\0\0\0\0\0\xb7\x02\0\0\x7f\0\0\0\x2d\x12\
\x8b\x0a\0\0\0\0\xbf\x61\0\0\0\0\0\0\x61\x12\x28\0\0\0\0\0\xb7\x03\0\0\0\0\0\0\
\x85\0\0\0\x0d\0\0\0\x79\x71\0\0\0\0\0\0\xb7\x02\0\0\x80\0\0\0\x2d\x12\x84\x0a\
\0\0\0\0\xbf\x61\0\0\0\0\0\0\x61\x12\x28\0\0\0\0\0\xb7\x03\0\0\0\0\0\0\x85\0\0\
\0\x0d\0\0\0\x79\x71\0\0\0\0\0\0\xb7\x02\0\0\x81\0\0\0\x2d\x12\x7d\x0a\0\0\0\0\
\xbf\x61\0\0\0\0\0\0\x61\x12\x28\0\0\0\0\0\xb7\x03\0\0\0\0\0\0\x85\0\0\0\x0d\0\
\0\0\x79\x71\0\0\0\0\0\0\xb7\x02\0\0\x82\0\0\0\x2d\x12\x76\x0a\0\0\0\0\xbf\x61\
\0\0\0\0\0\0\x61\x12\x28\0\0\0\0\0\xb7\x03\0\0\0\0\0\0\x85\0\0\0\x0d\0\0\0\x79\
\x71\0\0\0\0\0\0\xb7\x02\0\0\x83\0\0\0\x2d\x12\x6f\x0a\0\0\0\0\xbf\x61\0\0\0\0\
\0\0\x61\x12\x28\0\0\0\0\0\xb7\x03\0\0\0\0\0\0\x85\0\0\0\x0d\0\0\0\x79\x71\0\0\
\0\0\0\0\xb7\x02\0\0\x84\0\0\0\x2d\x12\x68\x0a\0\0\0\0\xbf\x61\0\0\0\0\0\0\x61\
\x12\x28\0\0\0\0\0\xb7\x03\0\0\0\0\0\0\x85\0\0\0\x0d\0\0\0\x79\x71\0\0\0\0\0\0\
\xb7\x02\0\0\x85\0\0\0\x2d\x12\x61\x0a\0\0\0\0\xbf\x61\0\0\0\0\0\0\x61\x12\x28\
\0\0\0\0\0\xb7\x03\0\0\0\0\0\0\x85\0\0\0\x0d\0\0\0\x79\x71\0\0\0\0\0\0\xb7\x02\
\0\0\x86\0\0\0\x2d\x12\x5a\x0a\0\0\0\0\xbf\x61\0\0\0\0\0\0\x61\x12\x28\0\0\0\0\
\0\xb7\x03\0\0\0\0\0\0\x85\0\0\0\x0d\0\0\0\x79\x71\0\0\0\0\0\0\xb7\x02\0\0\x87\
\0\0\0\x2d\x12\x53\x0a\0\0\0\0\xbf\x61\0\0\0\0\0\0\x61\x12\x28\0\0\0\0\0\xb7\
\x03\0\0\0\0\0\0\x85\0\0\0\x0d\0\0\0\x79\x71\0\0\0\0\0\0\xb7\x02\0\0\x88\0\0\0\
\x2d\x12\x4c\x0a\0\0\0\0\xbf\x61\0\0\0\0\0\0\x61\x12\x28\0\0\0\0\0\xb7\x03\0\0\
\0\0\0\0\x85\0\0\0\x0d\0\0\0\x79\x71\0\0\0\0\0\0\xb7\x02\0\0\x89\0\0\0\x2d\x12\
\x45\x0a\0\0\0\0\xbf\x61\0\0\0\0\0\0\x61\x12\x28\0\0\0\0\0\xb7\x03\0\0\0\0\0\0\
\x85\0\0\0\x0d\0\0\0\x79\x71\0\0\0\0\0\0\xb7\x02\0\0\x8a\0\0\0\x2d\x12\x3e\x0a\
\0\0\0\0\xbf\x61\0\0\0\0\0\0\x61\x12\x28\0\0\0\0\0\xb7\x03\0\0\0\0\0\0\x85\0\0\
\0\x0d\0\0\0\x79\x71\0\0\0\0\0\0\xb7\x02\0\0\x8b\0\0\0\x2d\x12\x37\x0a\0\0\0\0\
\xbf\x61\0\0\0\0\0\0\x61\x12\x28\0\0\0\0\0\xb7\x03\0\0\0\0\0\0\x85\0\0\0\x0d\0\
\0\0\x79\x71\0\0\0\0\0\0\xb7\x02\0\0\x8c\0\0\0\x2d\x12\x30\x0a\0\0\0\0\xbf\x61\
\0\0\0\0\0\0\x61\x12\x28\0\0\0\0\0\xb7\x03\0\0\0\0\0\0\x85\0\0\0\x0d\0\0\0\x79\
\x71\0\0\0\0\0\0\xb7\x02\0\0\x8d\0\0\0\x2d\x12\x29\x0a\0\0\0\0\xbf\x61\0\0\0\0\
\0\0\x61\x12\x28\0\0\0\0\0\xb7\x03\0\0\0\0\0\0\x85\0\0\0\x0d\0\0\0\x79\x71\0\0\
\0\0\0\0\xb7\x02\0\0\x8e\0\0\0\x2d\x12\x22\x0a\0\0\0\0\xbf\x61\0\0\0\0\0\0\x61\
\x12\x28\0\0\0\0\0\xb7\x03\0\0\0\0\0\0\x85\0\0\0\x0d\0\0\0\x79\x71\0\0\0\0\0\0\
\xb7\x02\0\0\x8f\0\0\0\x2d\x12\x1b\x0a\0\0\0\0\xbf\x61\0\0\0\0\0\0\x61\x12\x28\
\0\0\0\0\0\xb7\x03\0\0\0\0\0\0\x85\0\0\0\x0d\0\0\0\x79\x71\0\0\0\0\0\0\xb7\x02\
\0\0\x90\0\0\0\x2d\x12\x14\x0a\0\0\0\0\xbf\x61\0\0\0\0\0\0\x61\x12\x28\0\0\0\0\
\0\xb7\x03\0\0\0\0\0\0\x85\0\0\0\x0d\0\0\0\x79\x71\0\0\0\0\0\0\xb7\x02\0\0\x91\
\0\0\0\x2d\x12\x0d\x0a\0\0\0\0\xbf\x61\0\0\0\0\0\0\x61\x12\x28\0\0\0\0\0\xb7\
\x03\0\0\0\0\0\0\x85\0\0\0\x0d\0\0\0\x79\x71\0\0\0\0\0\0\xb7\x02\0\0\x92\0\0\0\
\x2d\x12\x06\x0a\0\0\0\0\xbf\x61\0\0\0\0\0\0\x61\x12\x28\0\0\0\0\0\xb7\x03\0\0\
\0\0\0\0\x85\0\0\0\x0d\0\0\0\x79\x71\0\0\0\0\0\0\xb7\x02\0\0\x93\0\0\0\x2d\x12\
\xff\x09\0\0\0\0\xbf\x61\0\0\0\0\0\0\x61\x12\x28\0\0\0\0\0\xb7\x03\0\0\0\0\0\0\
\x85\0\0\0\x0d\0\0\0\x79\x71\0\0\0\0\0\0\xb7\x02\0\0\x94\0\0\0\x2d\x12\xf8\x09\
\0\0\0\0\xbf\x61\0\0\0\0\0\0\x61\x12\x28\0\0\0\0\0\xb7\x03\0\0\0\0\0\0\x85\0\0\
\0\x0d\0\0\0\x79\x71\0\0\0\0\0\0\xb7\x02\0\0\x95\0\0\0\x2d\x12\xf1\x09\0\0\0\0\
\xbf\x61\0\0\0\0\0\0\x61\x12\x28\0\0\0\0\0\xb7\x03\0\0\0\0\0\0\x85\0\0\0\x0d\0\
\0\0\x79\x71\0\0\0\0\0\0\xb7\x02\0\0\x96\0\0\0\x2d\x12\xea\x09\0\0\0\0\xbf\x61\
\0\0\0\0\0\0\x61\x12\x28\0\0\0\0\0\xb7\x03\0\0\0\0\0\0\x85\0\0\0\x0d\0\0\0\x79\
\x71\0\0\0\0\0\0\xb7\x02\0\0\x97\0\0\0\x2d\x12\xe3\x09\0\0\0\0\xbf\x61\0\0\0\0\
\0\0\x61\x12\x28\0\0\0\0\0\xb7\x03\0\0\0\0\0\0\x85\0\0\0\x0d\0\0\0\x79\x71\0\0\
\0\0\0\0\xb7\x02\0\0\x98\0\0\0\x2d\x12\xdc\x09\0\0\0\0\xbf\x61\0\0\0\0\0\0\x61\
\x12\x28\0\0\0\0\0\xb7\x03\0\0\0\0\0\0\x85\0\0\0\x0d\0\0\0\x79\x71\0\0\0\0\0\0\
\xb7\x02\0\0\x99\0\0\0\x2d\x12\xd5\x09\0\0\0\0\xbf\x61\0\0\0\0\0\0\x61\x12\x28\
\0\0\0\0\0\xb7\x03\0\0\0\0\0\0\x85\0\0\0\x0d\0\0\0\x79\x71\0\0\0\0\0\0\xb7\x02\
\0\0\x9a\0\0\0\x2d\x12\xce\x09\0\0\0\0\xbf\x61\0\0\0\0\0\0\x61\x12\x28\0\0\0\0\
\0\xb7\x03\0\0\0\0\0\0\x85\0\0\0\x0d\0\0\0\x79\x71\0\0\0\0\0\0\xb7\x02\0\0\x9b\
\0\0\0\x2d\x12\xc7\x09\0\0\0\0\xbf\x61\0\0\0\0\0\0\x61\x12\x28\0\0\0\0\0\xb7\
\x03\0\0\0\0\0\0\x85\0\0\0\x0d\0\0\0\x79\x71\0\0\0\0\0\0\xb7\x02\0\0\x9c\0\0\0\
\x2d\x12\xc0\x09\0\0\0\0\xbf\x61\0\0\0\0\0\0\x61\x12\x28\0\0\0\0\0\xb7\x03\0\0\
\0\0\0\0\x85\0\0\0\x0d\0\0\0\x79\x71\0\0\0\0\0\0\xb7\x02\0\0\x9d\0\0\0\x2d\x12\
\xb9\x09\0\0\0\0\xbf\x61\0\0\0\0\0\0\x61\x12\x28\0\0\0\0\0\xb7\x03\0\0\0\0\0\0\
\x85\0\0\0\x0d\0\0\0\x79\x71\0\0\0\0\0\0\xb7\x02\0\0\x9e\0\0\0\x2d\x12\xb2\x09\
\0\0\0\0\xbf\x61\0\0\0\0\0\0\x61\x12\x28\0\0\0\0\0\xb7\x03\0\0\0\0\0\0\x85\0\0\
\0\x0d\0\0\0\x79\x71\0\0\0\0\0\0\xb7\x02\0\0\x9f\0\0\0\x2d\x12\xab\x09\0\0\0\0\
\xbf\x61\0\0\0\0\0\0\x61\x12\x28\0\0\0\0\0\xb7\x03\0\0\0\0\0\0\x85\0\0\0\x0d\0\
\0\0\x79\x71\0\0\0\0\0\0\xb7\x02\0\0\xa0\0\0\0\x2d\x12\xa4\x09\0\0\0\0\xbf\x61\
\0\0\0\0\0\0\x61\x12\x28\0\0\0\0\0\xb7\x03\0\0\0\0\0\0\x85\0\0\0\x0d\0\0\0\x79\
\x71\0\0\0\0\0\0\xb7\x02\0\0\xa1\0\0\0\x2d\x12\x9d\x09\0\0\0\0\xbf\x61\0\0\0\0\
\0\0\x61\x12\x28\0\0\0\0\0\xb7\x03\0\0\0\0\0\0\x85\0\0\0\x0d\0\0\0\x79\x71\0\0\
\0\0\0\0\xb7\x02\0\0\xa2\0\0\0\x2d\x12\x96\x09\0\0\0\0\xbf\x61\0\0\0\0\0\0\x61\
\x12\x28\0\0\0\0\0\xb7\x03\0\0\0\0\0\0\x85\0\0\0\x0d\0\0\0\x79\x71\0\0\0\0\0\0\
\xb7\x02\0\0\xa3\0\0\0\x2d\x12\x8f\x09\0\0\0\0\xbf\x61\0\0\0\0\0\0\x61\x12\x28\
\0\0\0\0\0\xb7\x03\0\0\0\0\0\0\x85\0\0\0\x0d\0\0\0\x79\x71\0\0\0\0\0\0\xb7\x02\
\0\0\xa4\0\0\0\x2d\x12\x88\x09\0\0\0\0\xbf\x61\0\0\0\0\0\0\x61\x12\x28\0\0\0\0\
\0\xb7\x03\0\0\0\0\0\0\x85\0\0\0\x0d\0\0\0\x79\x71\0\0\0\0\0\0\xb7\x02\0\0\xa5\
\0\0\0\x2d\x12\x81\x09\0\0\0\0\xbf\x61\0\0\0\0\0\0\x61\x12\x28\0\0\0\0\0\xb7\
\x03\0\0\0\0\0\0\x85\0\0\0\x0d\0\0\0\x79\x71\0\0\0\0\0\0\xb7\x02\0\0\xa6\0\0\0\
\x2d\x12\x7a\x09\0\0\0\0\xbf\x61\0\0\0\0\0\0\x61\x12\x28\0\0\0\0\0\xb7\x03\0\0\
\0\0\0\0\x85\0\0\0\x0d\0\0\0\x79\x71\0\0\0\0\0\0\xb7\x02\0\0\xa7\0\0\0\x2d\x12\
\x73\x09\0\0\0\0\xbf\x61\0\0\0\0\0\0\x61\x12\x28\0\0\0\0\0\xb7\x03\0\0\0\0\0\0\
\x85\0\0\0\x0d\0\0\0\x79\x71\0\0\0\0\0\0\xb7\x02\0\0\xa8\0\0\0\x2d\x12\x6c\x09\
\0\0\0\0\xbf\x61\0\0\0\0\0\0\x61\x12\x28\0\0\0\0\0\xb7\x03\0\0\0\0\0\0\x85\0\0\
\0\x0d\0\0\0\x79\x71\0\0\0\0\0\0\xb7\x02\0\0\xa9\0\0\0\x2d\x12\x65\x09\0\0\0\0\
\xbf\x61\0\0\0\0\0\0\x61\x12\x28\0\0\0\0\0\xb7\x03\0\0\0\0\0\0\x85\0\0\0\x0d\0\
\0\0\x79\x71\0\0\0\0\0\0\xb7\x02\0\0\xaa\0\0\0\x2d\x12\x5e\x09\0\0\0\0\xbf\x61\
\0\0\0\0\0\0\x61\x12\x28\0\0\0\0\0\xb7\x03\0\0\0\0\0\0\x85\0\0\0\x0d\0\0\0\x79\
\x71\0\0\0\0\0\0\xb7\x02\0\0\xab\0\0\0\x2d\x12\x57\x09\0\0\0\0\xbf\x61\0\0\0\0\
\0\0\x61\x12\x28\0\0\0\0\0\xb7\x03\0\0\0\0\0\0\x85\0\0\0\x0d\0\0\0\x79\x71\0\0\
\0\0\0\0\xb7\x02\0\0\xac\0\0\0\x2d\x12\x50\x09\0\0\0\0\xbf\x61\0\0\0\0\0\0\x61\
\x12\x28\0\0\0\0\0\xb7\x03\0\0\0\0\0\0\x85\0\0\0\x0d\0\0\0\x79\x71\0\0\0\0\0\0\
\xb7\x02\0\0\xad\0\0\0\x2d\x12\x49\x09\0\0\0\0\xbf\x61\0\0\0\0\0\0\x61\x12\x28\
\0\0\0\0\0\xb7\x03\0\0\0\0\0\0\x85\0\0\0\x0d\0\0\0\x79\x71\0\0\0\0\0\0\xb7\x02\
\0\0\xae\0\0\0\x2d\x12\x42\x09\0\0\0\0\xbf\x61\0\0\0\0\0\0\x61\x12\x28\0\0\0\0\
\0\xb7\x03\0\0\0\0\0\0\x85\0\0\0\x0d\0\0\0\x79\x71\0\0\0\0\0\0\xb7\x02\0\0\xaf\
\0\0\0\x2d\x12\x3b\x09\0\0\0\0\xbf\x61\0\0\0\0\0\0\x61\x12\x28\0\0\0\0\0\xb7\
\x03\0\0\0\0\0\0\x85\0\0\0\x0d\0\0\0\x79\x71\0\0\0\0\0\0\xb7\x02\0\0\xb0\0\0\0\
\x2d\x12\x34\x09\0\0\0\0\xbf\x61\0\0\0\0\0\0\x61\x12\x28\0\0\0\0\0\xb7\x03\0\0\
\0\0\0\0\x85\0\0\0\x0d\0\0\0\x79\x71\0\0\0\0\0\0\xb7\x02\0\0\xb1\0\0\0\x2d\x12\
\x2d\x09\0\0\0\0\xbf\x61\0\0\0\0\0\0\x61\x12\x28\0\0\0\0\0\xb7\x03\0\0\0\0\0\0\
\x85\0\0\0\x0d\0\0\0\x79\x71\0\0\0\0\0\0\xb7\x02\0\0\xb2\0\0\0\x2d\x12\x26\x09\
\0\0\0\0\xbf\x61\0\0\0\0\0\0\x61\x12\x28\0\0\0\0\0\xb7\x03\0\0\0\0\0\0\x85\0\0\
\0\x0d\0\0\0\x79\x71\0\0\0\0\0\0\xb7\x02\0\0\xb3\0\0\0\x2d\x12\x1f\x09\0\0\0\0\
\xbf\x61\0\0\0\0\0\0\x61\x12\x28\0\0\0\0\0\xb7\x03\0\0\0\0\0\0\x85\0\0\0\x0d\0\
\0\0\x79\x71\0\0\0\0\0\0\xb7\x02\0\0\xb4\0\0\0\x2d\x12\x18\x09\0\0\0\0\xbf\x61\
\0\0\0\0\0\0\x61\x12\x28\0\0\0\0\0\xb7\x03\0\0\0\0\0\0\x85\0\0\0\x0d\0\0\0\x79\
\x71\0\0\0\0\0\0\xb7\x02\0\0\xb5\0\0\0\x2d\x12\x11\x09\0\0\0\0\xbf\x61\0\0\0\0\
\0\0\x61\x12\x28\0\0\0\0\0\xb7\x03\0\0\0\0\0\0\x85\0\0\0\x0d\0\0\0\x79\x71\0\0\
\0\0\0\0\xb7\x02\0\0\xb6\0\0\0\x2d\x12\x0a\x09\0\0\0\0\xbf\x61\0\0\0\0\0\0\x61\
\x12\x28\0\0\0\0\0\xb7\x03\0\0\0\0\0\0\x85\0\0\0\x0d\0\0\0\x79\x71\0\0\0\0\0\0\
\xb7\x02\0\0\xb7\0\0\0\x2d\x12\x03\x09\0\0\0\0\xbf\x61\0\0\0\0\0\0\x61\x12\x28\
\0\0\0\0\0\xb7\x03\0\0\0\0\0\0\x85\0\0\0\x0d\0\0\0\x79\x71\0\0\0\0\0\0\xb7\x02\
\0\0\xb8\0\0\0\x2d\x12\xfc\x08\0\0\0\0\xbf\x61\0\0\0\0\0\0\x61\x12\x28\0\0\0\0\
\0\xb7\x03\0\0\0\0\0\0\x85\0\0\0\x0d\0\0\0\x79\x71\0\0\0\0\0\0\xb7\x02\0\0\xb9\
\0\0\0\x2d\x12\xf5\x08\0\0\0\0\xbf\x61\0\0\0\0\0\0\x61\x12\x28\0\0\0\0\0\xb7\
\x03\0\0\0\0\0\0\x85\0\0\0\x0d\0\0\0\x79\x71\0\0\0\0\0\0\xb7\x02\0\0\xba\0\0\0\
\x2d\x12\xee\x08\0\0\0\0\xbf\x61\0\0\0\0\0\0\x61\x12\x28\0\0\0\0\0\xb7\x03\0\0\
\0\0\0\0\x85\0\0\0\x0d\0\0\0\x79\x71\0\0\0\0\0\0\xb7\x02\0\0\xbb\0\0\0\x2d\x12\
\xe7\x08\0\0\0\0\xbf\x61\0\0\0\0\0\0\x61\x12\x28\0\0\0\0\0\xb7\x03\0\0\0\0\0\0\
\x85\0\0\0\x0d\0\0\0\x79\x71\0\0\0\0\0\0\xb7\x02\0\0\xbc\0\0\0\x2d\x12\xe0\x08\
\0\0\0\0\xbf\x61\0\0\0\0\0\0\x61\x12\x28\0\0\0\0\0\xb7\x03\0\0\0\0\0\0\x85\0\0\
\0\x0d\0\0\0\x79\x71\0\0\0\0\0\0\xb7\x02\0\0\xbd\0\0\0\x2d\x12\xd9\x08\0\0\0\0\
\xbf\x61\0\0\0\0\0\0\x61\x12\x28\0\0\0\0\0\xb7\x03\0\0\0\0\0\0\x85\0\0\0\x0d\0\
\0\0\x79\x71\0\0\0\0\0\0\xb7\x02\0\0\xbe\0\0\0\x2d\x12\xd2\x08\0\0\0\0\xbf\x61\
\0\0\0\0\0\0\x61\x12\x28\0\0\0\0\0\xb7\x03\0\0\0\0\0\0\x85\0\0\0\x0d\0\0\0\x79\
\x71\0\0\0\0\0\0\xb7\x02\0\0\xbf\0\0\0\x2d\x12\xcb\x08\0\0\0\0\xbf\x61\0\0\0\0\
\0\0\x61\x12\x28\0\0\0\0\0\xb7\x03\0\0\0\0\0\0\x85\0\0\0\x0d\0\0\0\x79\x71\0\0\
\0\0\0\0\xb7\x02\0\0\xc0\0\0\0\x2d\x12\xc4\x08\0\0\0\0\xbf\x61\0\0\0\0\0\0\x61\
\x12\x28\0\0\0\0\0\xb7\x03\0\0\0\0\0\0\x85\0\0\0\x0d\0\0\0\x79\x71\0\0\0\0\0\0\
\xb7\x02\0\0\xc1\0\0\0\x2d\x12\xbd\x08\0\0\0\0\xbf\x61\0\0\0\0\0\0\x61\x12\x28\
\0\0\0\0\0\xb7\x03\0\0\0\0\0\0\x85\0\0\0\x0d\0\0\0\x79\x71\0\0\0\0\0\0\xb7\x02\
\0\0\xc2\0\0\0\x2d\x12\xb6\x08\0\0\0\0\xbf\x61\0\0\0\0\0\0\x61\x12\x28\0\0\0\0\
\0\xb7\x03\0\0\0\0\0\0\x85\0\0\0\x0d\0\0\0\x79\x71\0\0\0\0\0\0\xb7\x02\0\0\xc3\
\0\0\0\x2d\x12\xaf\x08\0\0\0\0\xbf\x61\0\0\0\0\0\0\x61\x12\x28\0\0\0\0\0\xb7\
\x03\0\0\0\0\0\0\x85\0\0\0\x0d\0\0\0\x79\x71\0\0\0\0\0\0\xb7\x02\0\0\xc4\0\0\0\
\x2d\x12\xa8\x08\0\0\0\0\xbf\x61\0\0\0\0\0\0\x61\x12\x28\0\0\0\0\0\xb7\x03\0\0\
\0\0\0\0\x85\0\0\0\x0d\0\0\0\x79\x71\0\0\0\0\0\0\xb7\x02\0\0\xc5\0\0\0\x2d\x12\
\xa1\x08\0\0\0\0\xbf\x61\0\0\0\0\0\0\x61\x12\x28\0\0\0\0\0\xb7\x03\0\0\0\0\0\0\
\x85\0\0\0\x0d\0\0\0\x79\x71\0\0\0\0\0\0\xb7\x02\0\0\xc6\0\0\0\x2d\x12\x9a\x08\
\0\0\0\0\xbf\x61\0\0\0\0\0\0\x61\x12\x28\0\0\0\0\0\xb7\x03\0\0\0\0\0\0\x85\0\0\
\0\x0d\0\0\0\x79\x71\0\0\0\0\0\0\xb7\x02\0\0\xc7\0\0\0\x2d\x12\x93\x08\0\0\0\0\
\xbf\x61\0\0\0\0\0\0\x61\x12\x28\0\0\0\0\0\xb7\x03\0\0\0\0\0\0\x85\0\0\0\x0d\0\
\0\0\x79\x71\0\0\0\0\0\0\xb7\x02\0\0\xc8\0\0\0\x2d\x12\x8c\x08\0\0\0\0\xbf\x61\
\0\0\0\0\0\0\x61\x12\x28\0\0\0\0\0\xb7\x03\0\0\0\0\0\0\x85\0\0\0\x0d\0\0\0\x79\
\x71\0\0\0\0\0\0\xb7\x02\0\0\xc9\0\0\0\x2d\x12\x85\x08\0\0\0\0\xbf\x61\0\0\0\0\
\0\0\x61\x12\x28\0\0\0\0\0\xb7\x03\0\0\0\0\0\0\x85\0\0\0\x0d\0\0\0\x79\x71\0\0\
\0\0\0\0\xb7\x02\0\0\xca\0\0\0\x2d\x12\x7e\x08\0\0\0\0\xbf\x61\0\0\0\0\0\0\x61\
\x12\x28\0\0\0\0\0\xb7\x03\0\0\0\0\0\0\x85\0\0\0\x0d\0\0\0\x79\x71\0\0\0\0\0\0\
\xb7\x02\0\0\xcb\0\0\0\x2d\x12\x77\x08\0\0\0\0\xbf\x61\0\0\0\0\0\0\x61\x12\x28\
\0\0\0\0\0\xb7\x03\0\0\0\0\0\0\x85\0\0\0\x0d\0\0\0\x79\x71\0\0\0\0\0\0\xb7\x02\
\0\0\xcc\0\0\0\x2d\x12\x70\x08\0\0\0\0\xbf\x61\0\0\0\0\0\0\x61\x12\x28\0\0\0\0\
\0\xb7\x03\0\0\0\0\0\0\x85\0\0\0\x0d\0\0\0\x79\x71\0\0\0\0\0\0\xb7\x02\0\0\xcd\
\0\0\0\x2d\x12\x69\x08\0\0\0\0\xbf\x61\0\0\0\0\0\0\x61\x12\x28\0\0\0\0\0\xb7\
\x03\0\0\0\0\0\0\x85\0\0\0\x0d\0\0\0\x79\x71\0\0\0\0\0\0\xb7\x02\0\0\xce\0\0\0\
\x2d\x12\x62\x08\0\0\0\0\xbf\x61\0\0\0\0\0\0\x61\x12\x28\0\0\0\0\0\xb7\x03\0\0\
\0\0\0\0\x85\0\0\0\x0d\0\0\0\x79\x71\0\0\0\0\0\0\xb7\x02\0\0\xcf\0\0\0\x2d\x12\
\x5b\x08\0\0\0\0\xbf\x61\0\0\0\0\0\0\x61\x12\x28\0\0\0\0\0\xb7\x03\0\0\0\0\0\0\
\x85\0\0\0\x0d\0\0\0\x79\x71\0\0\0\0\0\0\xb7\x02\0\0\xd0\0\0\0\x2d\x12\x54\x08\
\0\0\0\0\xbf\x61\0\0\0\0\0\0\x61\x12\x28\0\0\0\0\0\xb7\x03\0\0\0\0\0\0\x85\0\0\
\0\x0d\0\0\0\x79\x71\0\0\0\0\0\0\xb7\x02\0\0\xd1\0\0\0\x2d\x12\x4d\x08\0\0\0\0\
\xbf\x61\0\0\0\0\0\0\x61\x12\x28\0\0\0\0\0\xb7\x03\0\0\0\0\0\0\x85\0\0\0\x0d\0\
\0\0\x79\x71\0\0\0\0\0\0\xb7\x02\0\0\xd2\0\0\0\x2d\x12\x46\x08\0\0\0\0\xbf\x61\
\0\0\0\0\0\0\x61\x12\x28\0\0\0\0\0\xb7\x03\0\0\0\0\0\0\x85\0\0\0\x0d\0\0\0\x79\
\x71\0\0\0\0\0\0\xb7\x02\0\0\xd3\0\0\0\x2d\x12\x3f\x08\0\0\0\0\xbf\x61\0\0\0\0\
\0\0\x61\x12\x28\0\0\0\0\0\xb7\x03\0\0\0\0\0\0\x85\0\0\0\x0d\0\0\0\x79\x71\0\0\
\0\0\0\0\xb7\x02\0\0\xd4\0\0\0\x2d\x12\x38\x08\0\0\0\0\xbf\x61\0\0\0\0\0\0\x61\
\x12\x28\0\0\0\0\0\xb7\x03\0\0\0\0\0\0\x85\0\0\0\x0d\0\0\0\x79\x71\0\0\0\0\0\0\
\xb7\x02\0\0\xd5\0\0\0\x2d\x12\x31\x08\0\0\0\0\xbf\x61\0\0\0\0\0\0\x61\x12\x28\
\0\0\0\0\0\xb7\x03\0\0\0\0\0\0\x85\0\0\0\x0d\0\0\0\x79\x71\0\0\0\0\0\0\xb7\x02\
\0\0\xd6\0\0\0\x2d\x12\x2a\x08\0\0\0\0\xbf\x61\0\0\0\0\0\0\x61\x12\x28\0\0\0\0\
\0\xb7\x03\0\0\0\0\0\0\x85\0\0\0\x0d\0\0\0\x79\x71\0\0\0\0\0\0\xb7\x02\0\0\xd7\
\0\0\0\x2d\x12\x23\x08\0\0\0\0\xbf\x61\0\0\0\0\0\0\x61\x12\x28\0\0\0\0\0\xb7\
\x03\0\0\0\0\0\0\x85\0\0\0\x0d\0\0\0\x79\x71\0\0\0\0\0\0\xb7\x02\0\0\xd8\0\0\0\
\x2d\x12\x1c\x08\0\0\0\0\xbf\x61\0\0\0\0\0\0\x61\x12\x28\0\0\0\0\0\xb7\x03\0\0\
\0\0\0\0\x85\0\0\0\x0d\0\0\0\x79\x71\0\0\0\0\0\0\xb7\x02\0\0\xd9\0\0\0\x2d\x12\
\x15\x08\0\0\0\0\xbf\x61\0\0\0\0\0\0\x61\x12\x28\0\0\0\0\0\xb7\x03\0\0\0\0\0\0\
\x85\0\0\0\x0d\0\0\0\x79\x71\0\0\0\0\0\0\xb7\x02\0\0\xda\0\0\0\x2d\x12\x0e\x08\
\0\0\0\0\xbf\x61\0\0\0\0\0\0\x61\x12\x28\0\0\0\0\0\xb7\x03\0\0\0\0\0\0\x85\0\0\
\0\x0d\0\0\0\x79\x71\0\0\0\0\0\0\xb7\x02\0\0\xdb\0\0\0\x2d\x12\x07\x08\0\0\0\0\
\xbf\x61\0\0\0\0\0\0\x61\x12\x28\0\0\0\0\0\xb7\x03\0\0\0\0\0\0\x85\0\0\0\x0d\0\
\0\0\x79\x71\0\0\0\0\0\0\xb7\x02\0\0\xdc\0\0\0\x2d\x12\0\x08\0\0\0\0\xbf\x61\0\
\0\0\0\0\0\x61\x12\x28\0\0\0\0\0\xb7\x03\0\0\0\0\0\0\x85\0\0\0\x0d\0\0\0\x79\
\x71\0\0\0\0\0\0\xb7\x02\0\0\xdd\0\0\0\x2d\x12\xf9\x07\0\0\0\0\xbf\x61\0\0\0\0\
\0\0\x61\x12\x28\0\0\0\0\0\xb7\x03\0\0\0\0\0\0\x85\0\0\0\x0d\0\0\0\x79\x71\0\0\
\0\0\0\0\xb7\x02\0\0\xde\0\0\0\x2d\x12\xf2\x07\0\0\0\0\xbf\x61\0\0\0\0\0\0\x61\
\x12\x28\0\0\0\0\0\xb7\x03\0\0\0\0\0\0\x85\0\0\0\x0d\0\0\0\x79\x71\0\0\0\0\0\0\
\xb7\x02\0\0\xdf\0\0\0\x2d\x12\xeb\x07\0\0\0\0\xbf\x61\0\0\0\0\0\0\x61\x12\x28\
\0\0\0\0\0\xb7\x03\0\0\0\0\0\0\x85\0\0\0\x0d\0\0\0\x79\x71\0\0\0\0\0\0\xb7\x02\
\0\0\xe0\0\0\0\x2d\x12\xe4\x07\0\0\0\0\xbf\x61\0\0\0\0\0\0\x61\x12\x28\0\0\0\0\
\0\xb7\x03\0\0\0\0\0\0\x85\0\0\0\x0d\0\0\0\x79\x71\0\0\0\0\0\0\xb7\x02\0\0\xe1\
\0\0\0\x2d\x12\xdd\x07\0\0\0\0\xbf\x61\0\0\0\0\0\0\x61\x12\x28\0\0\0\0\0\xb7\
\x03\0\0\0\0\0\0\x85\0\0\0\x0d\0\0\0\x79\x71\0\0\0\0\0\0\xb7\x02\0\0\xe2\0\0\0\
\x2d\x12\xd6\x07\0\0\0\0\xbf\x61\0\0\0\0\0\0\x61\x12\x28\0\0\0\0\0\xb7\x03\0\0\
\0\0\0\0\x85\0\0\0\x0d\0\0\0\x79\x71\0\0\0\0\0\0\xb7\x02\0\0\xe3\0\0\0\x2d\x12\
\xcf\x07\0\0\0\0\xbf\x61\0\0\0\0\0\0\x61\x12\x28\0\0\0\0\0\xb7\x03\0\0\0\0\0\0\
\x85\0\0\0\x0d\0\0\0\x79\x71\0\0\0\0\0\0\xb7\x02\0\0\xe4\0\0\0\x2d\x12\xc8\x07\
\0\0\0\0\xbf\x61\0\0\0\0\0\0\x61\x12\x28\0\0\0\0\0\xb7\x03\0\0\0\0\0\0\x85\0\0\
\0\x0d\0\0\0\x79\x71\0\0\0\0\0\0\xb7\x02\0\0\xe5\0\0\0\x2d\x12\xc1\x07\0\0\0\0\
\xbf\x61\0\0\0\0\0\0\x61\x12\x28\0\0\0\0\0\xb7\x03\0\0\0\0\0\0\x85\0\0\0\x0d\0\
\0\0\x79\x71\0\0\0\0\0\0\xb7\x02\0\0\xe6\0\0\0\x2d\x12\xba\x07\0\0\0\0\xbf\x61\
\0\0\0\0\0\0\x61\x12\x28\0\0\0\0\0\xb7\x03\0\0\0\0\0\0\x85\0\0\0\x0d\0\0\0\x79\
\x71\0\0\0\0\0\0\xb7\x02\0\0\xe7\0\0\0\x2d\x12\xb3\x07\0\0\0\0\xbf\x61\0\0\0\0\
\0\0\x61\x12\x28\0\0\0\0\0\xb7\x03\0\0\0\0\0\0\x85\0\0\0\x0d\0\0\0\x79\x71\0\0\
\0\0\0\0\xb7\x02\0\0\xe8\0\0\0\x2d\x12\xac\x07\0\0\0\0\xbf\x61\0\0\0\0\0\0\x61\
\x12\x28\0\0\0\0\0\xb7\x03\0\0\0\0\0\0\x85\0\0\0\x0d\0\0\0\x79\x71\0\0\0\0\0\0\
\xb7\x02\0\0\xe9\0\0\0\x2d\x12\xa5\x07\0\0\0\0\xbf\x61\0\0\0\0\0\0\x61\x12\x28\
\0\0\0\0\0\xb7\x03\0\0\0\0\0\0\x85\0\0\0\x0d\0\0\0\x79\x71\0\0\0\0\0\0\xb7\x02\
\0\0\xea\0\0\0\x2d\x12\x9e\x07\0\0\0\0\xbf\x61\0\0\0\0\0\0\x61\x12\x28\0\0\0\0\
\0\xb7\x03\0\0\0\0\0\0\x85\0\0\0\x0d\0\0\0\x79\x71\0\0\0\0\0\0\xb7\x02\0\0\xeb\
\0\0\0\x2d\x12\x97\x07\0\0\0\0\xbf\x61\0\0\0\0\0\0\x61\x12\x28\0\0\0\0\0\xb7\
\x03\0\0\0\0\0\0\x85\0\0\0\x0d\0\0\0\x79\x71\0\0\0\0\0\0\xb7\x02\0\0\xec\0\0\0\
\x2d\x12\x90\x07\0\0\0\0\xbf\x61\0\0\0\0\0\0\x61\x12\x28\0\0\0\0\0\xb7\x03\0\0\
\0\0\0\0\x85\0\0\0\x0d\0\0\0\x79\x71\0\0\0\0\0\0\xb7\x02\0\0\xed\0\0\0\x2d\x12\
\x89\x07\0\0\0\0\xbf\x61\0\0\0\0\0\0\x61\x12\x28\0\0\0\0\0\xb7\x03\0\0\0\0\0\0\
\x85\0\0\0\x0d\0\0\0\x79\x71\0\0\0\0\0\0\xb7\x02\0\0\xee\0\0\0\x2d\x12\x82\x07\
\0\0\0\0\xbf\x61\0\0\0\0\0\0\x61\x12\x28\0\0\0\0\0\xb7\x03\0\0\0\0\0\0\x85\0\0\
\0\x0d\0\0\0\x79\x71\0\0\0\0\0\0\xb7\x02\0\0\xef\0\0\0\x2d\x12\x7b\x07\0\0\0\0\
\xbf\x61\0\0\0\0\0\0\x61\x12\x28\0\0\0\0\0\xb7\x03\0\0\0\0\0\0\x85\0\0\0\x0d\0\
\0\0\x79\x71\0\0\0\0\0\0\xb7\x02\0\0\xf0\0\0\0\x2d\x12\x74\x07\0\0\0\0\xbf\x61\
\0\0\0\0\0\0\x61\x12\x28\0\0\0\0\0\xb7\x03\0\0\0\0\0\0\x85\0\0\0\x0d\0\0\0\x79\
\x71\0\0\0\0\0\0\xb7\x02\0\0\xf1\0\0\0\x2d\x12\x6d\x07\0\0\0\0\xbf\x61\0\0\0\0\
\0\0\x61\x12\x28\0\0\0\0\0\xb7\x03\0\0\0\0\0\0\x85\0\0\0\x0d\0\0\0\x79\x71\0\0\
\0\0\0\0\xb7\x02\0\0\xf2\0\0\0\x2d\x12\x66\x07\0\0\0\0\xbf\x61\0\0\0\0\0\0\x61\
\x12\x28\0\0\0\0\0\xb7\x03\0\0\0\0\0\0\x85\0\0\0\x0d\0\0\0\x79\x71\0\0\0\0\0\0\
\xb7\x02\0\0\xf3\0\0\0\x2d\x12\x5f\x07\0\0\0\0\xbf\x61\0\0\0\0\0\0\x61\x12\x28\
\0\0\0\0\0\xb7\x03\0\0\0\0\0\0\x85\0\0\0\x0d\0\0\0\x79\x71\0\0\0\0\0\0\xb7\x02\
\0\0\xf4\0\0\0\x2d\x12\x58\x07\0\0\0\0\xbf\x61\0\0\0\0\0\0\x61\x12\x28\0\0\0\0\
\0\xb7\x03\0\0\0\0\0\0\x85\0\0\0\x0d\0\0\0\x79\x71\0\0\0\0\0\0\xb7\x02\0\0\xf5\
\0\0\0\x2d\x12\x51\x07\0\0\0\0\xbf\x61\0\0\0\0\0\0\x61\x12\x28\0\0\0\0\0\xb7\
\x03\0\0\0\0\0\0\x85\0\0\0\x0d\0\0\0\x79\x71\0\0\0\0\0\0\xb7\x02\0\0\xf6\0\0\0\
\x2d\x12\x4a\x07\0\0\0\0\xbf\x61\0\0\0\0\0\0\x61\x12\x28\0\0\0\0\0\xb7\x03\0\0\
\0\0\0\0\x85\0\0\0\x0d\0\0\0\x79\x71\0\0\0\0\0\0\xb7\x02\0\0\xf7\0\0\0\x2d\x12\
\x43\x07\0\0\0\0\xbf\x61\0\0\0\0\0\0\x61\x12\x28\0\0\0\0\0\xb7\x03\0\0\0\0\0\0\
\x85\0\0\0\x0d\0\0\0\x79\x71\0\0\0\0\0\0\xb7\x02\0\0\xf8\0\0\0\x2d\x12\x3c\x07\
\0\0\0\0\xbf\x61\0\0\0\0\0\0\x61\x12\x28\0\0\0\0\0\xb7\x03\0\0\0\0\0\0\x85\0\0\
\0\x0d\0\0\0\x79\x71\0\0\0\0\0\0\xb7\x02\0\0\xf9\0\0\0\x2d\x12\x35\x07\0\0\0\0\
\xbf\x61\0\0\0\0\0\0\x61\x12\x28\0\0\0\0\0\xb7\x03\0\0\0\0\0\0\x85\0\0\0\x0d\0\
\0\0\x79\x71\0\0\0\0\0\0\xb7\x02\0\0\xfa\0\0\0\x2d\x12\x2e\x07\0\0\0\0\xbf\x61\
\0\0\0\0\0\0\x61\x12\x28\0\0\0\0\0\xb7\x03\0\0\0\0\0\0\x85\0\0\0\x0d\0\0\0\x79\
\x71\0\0\0\0\0\0\xb7\x02\0\0\xfb\0\0\0\x2d\x12\x27\x07\0\0\0\0\xbf\x61\0\0\0\0\
\0\0\x61\x12\x28\0\0\0\0\0\xb7\x03\0\0\0\0\0\0\x85\0\0\0\x0d\0\0\0\x79\x71\0\0\
\0\0\0\0\xb7\x02\0\0\xfc\0\0\0\x2d\x12\x20\x07\0\0\0\0\xbf\x61\0\0\0\0\0\0\x61\
\x12\x28\0\0\0\0\0\xb7\x03\0\0\0\0\0\0\x85\0\0\0\x0d\0\0\0\x79\x71\0\0\0\0\0\0\
\xb7\x02\0\0\xfd\0\0\0\x2d\x12\x19\x07\0\0\0\0\xbf\x61\0\0\0\0\0\0\x61\x12\x28\
\0\0\0\0\0\xb7\x03\0\0\0\0\0\0\x85\0\0\0\x0d\0\0\0\x79\x71\0\0\0\0\0\0\xb7\x02\
\0\0\xfe\0\0\0\x2d\x12\x12\x07\0\0\0\0\xbf\x61\0\0\0\0\0\0\x61\x12\x28\0\0\0\0\
\0\xb7\x03\0\0\0\0\0\0\x85\0\0\0\x0d\0\0\0\x79\x71\0\0\0\0\0\0\xb7\x02\0\0\xff\
\0\0\0\x2d\x12\x0b\x07\0\0\0\0\xbf\x61\0\0\0\0\0\0\x61\x12\x28\0\0\0\0\0\xb7\
\x03\0\0\0\0\0\0\x85\0\0\0\x0d\0\0\0\x79\x71\0\0\0\0\0\0\xb7\x02\0\0\0\x01\0\0\
\x2d\x12\x04\x07\0\0\0\0\xbf\x61\0\0\0\0\0\0\x61\x12\x28\0\0\0\0\0\xb7\x03\0\0\
\0\0\0\0\x85\0\0\0\x0d\0\0\0\x79\x71\0\0\0\0\0\0\xb7\x02\0\0\x01\x01\0\0\x2d\
\x12\xfd\x06\0\0\0\0\xbf\x61\0\0\0\0\0\0\x61\x12\x28\0\0\0\0\0\xb7\x03\0\0\0\0\
\0\0\x85\0\0\0\x0d\0\0\0\x79\x71\0\0\0\0\0\0\xb7\x02\0\0\x02\x01\0\0\x2d\x12\
\xf6\x06\0\0\0\0\xbf\x61\0\0\0\0\0\0\x61\x12\x28\0\0\0\0\0\xb7\x03\0\0\0\0\0\0\
\x85\0\0\0\x0d\0\0\0\x79\x71\0\0\0\0\0\0\xb7\x02\0\0\x03\x01\0\0\x2d\x12\xef\
\x06\0\0\0\0\xbf\x61\0\0\0\0\0\0\x61\x12\x28\0\0\0\0\0\xb7\x03\0\0\0\0\0\0\x85\
\0\0\0\x0d\0\0\0\x79\x71\0\0\0\0\0\0\xb7\x02\0\0\x04\x01\0\0\x2d\x12\xe8\x06\0\
\0\0\0\xbf\x61\0\0\0\0\0\0\x61\x12\x28\0\0\0\0\0\xb7\x03\0\0\0\0\0\0\x85\0\0\0\
\x0d\0\0\0\x79\x71\0\0\0\0\0\0\xb7\x02\0\0\x05\x01\0\0\x2d\x12\xe1\x06\0\0\0\0\
\xbf\x61\0\0\0\0\0\0\x61\x12\x28\0\0\0\0\0\xb7\x03\0\0\0\0\0\0\x85\0\0\0\x0d\0\
\0\0\x79\x71\0\0\0\0\0\0\xb7\x02\0\0\x06\x01\0\0\x2d\x12\xda\x06\0\0\0\0\xbf\
\x61\0\0\0\0\0\0\x61\x12\x28\0\0\0\0\0\xb7\x03\0\0\0\0\0\0\x85\0\0\0\x0d\0\0\0\
\x79\x71\0\0\0\0\0\0\xb7\x02\0\0\x07\x01\0\0\x2d\x12\xd3\x06\0\0\0\0\xbf\x61\0\
\0\0\0\0\0\x61\x12\x28\0\0\0\0\0\xb7\x03\0\0\0\0\0\0\x85\0\0\0\x0d\0\0\0\x79\
\x71\0\0\0\0\0\0\xb7\x02\0\0\x08\x01\0\0\x2d\x12\xcc\x06\0\0\0\0\xbf\x61\0\0\0\
\0\0\0\x61\x12\x28\0\0\0\0\0\xb7\x03\0\0\0\0\0\0\x85\0\0\0\x0d\0\0\0\x79\x71\0\
\0\0\0\0\0\xb7\x02\0\0\x09\x01\0\0\x2d\x12\xc5\x06\0\0\0\0\xbf\x61\0\0\0\0\0\0\
\x61\x12\x28\0\0\0\0\0\xb7\x03\0\0\0\0\0\0\x85\0\0\0\x0d\0\0\0\x79\x71\0\0\0\0\
\0\0\xb7\x02\0\0\x0a\x01\0\0\x2d\x12\xbe\x06\0\0\0\0\xbf\x61\0\0\0\0\0\0\x61\
\x12\x28\0\0\0\0\0\xb7\x03\0\0\0\0\0\0\x85\0\0\0\x0d\0\0\0\x79\x71\0\0\0\0\0\0\
\xb7\x02\0\0\x0b\x01\0\0\x2d\x12\xb7\x06\0\0\0\0\xbf\x61\0\0\0\0\0\0\x61\x12\
\x28\0\0\0\0\0\xb7\x03\0\0\0\0\0\0\x85\0\0\0\x0d\0\0\0\x79\x71\0\0\0\0\0\0\xb7\
\x02\0\0\x0c\x01\0\0\x2d\x12\xb0\x06\0\0\0\0\xbf\x61\0\0\0\0\0\0\x61\x12\x28\0\
\0\0\0\0\xb7\x03\0\0\0\0\0\0\x85\0\0\0\x0d\0\0\0\x79\x71\0\0\0\0\0\0\xb7\x02\0\
\0\x0d\x01\0\0\x2d\x12\xa9\x06\0\0\0\0\xbf\x61\0\0\0\0\0\0\x61\x12\x28\0\0\0\0\
\0\xb7\x03\0\0\0\0\0\0\x85\0\0\0\x0d\0\0\0\x79\x71\0\0\0\0\0\0\xb7\x02\0\0\x0e\
\x01\0\0\x2d\x12\xa2\x06\0\0\0\0\xbf\x61\0\0\0\0\0\0\x61\x12\x28\0\0\0\0\0\xb7\
\x03\0\0\0\0\0\0\x85\0\0\0\x0d\0\0\0\x79\x71\0\0\0\0\0\0\xb7\x02\0\0\x0f\x01\0\
\0\x2d\x12\x9b\x06\0\0\0\0\xbf\x61\0\0\0\0\0\0\x61\x12\x28\0\0\0\0\0\xb7\x03\0\
\0\0\0\0\0\x85\0\0\0\x0d\0\0\0\x79\x71\0\0\0\0\0\0\xb7\x02\0\0\x10\x01\0\0\x2d\
\x12\x94\x06\0\0\0\0\xbf\x61\0\0\0\0\0\0\x61\x12\x28\0\0\0\0\0\xb7\x03\0\0\0\0\
\0\0\x85\0\0\0\x0d\0\0\0\x79\x71\0\0\0\0\0\0\xb7\x02\0\0\x11\x01\0\0\x2d\x12\
\x8d\x06\0\0\0\0\xbf\x61\0\0\0\0\0\0\x61\x12\x28\0\0\0\0\0\xb7\x03\0\0\0\0\0\0\
\x85\0\0\0\x0d\0\0\0\x79\x71\0\0\0\0\0\0\xb7\x02\0\0\x12\x01\0\0\x2d\x12\x86\
\x06\0\0\0\0\xbf\x61\0\0\0\0\0\0\x61\x12\x28\0\0\0\0\0\xb7\x03\0\0\0\0\0\0\x85\
\0\0\0\x0d\0\0\0\x79\x71\0\0\0\0\0\0\xb7\x02\0\0\x13\x01\0\0\x2d\x12\x7f\x06\0\
\0\0\0\xbf\x61\0\0\0\0\0\0\x61\x12\x28\0\0\0\0\0\xb7\x03\0\0\0\0\0\0\x85\0\0\0\
\x0d\0\0\0\x79\x71\0\0\0\0\0\0\xb7\x02\0\0\x14\x01\0\0\x2d\x12\x78\x06\0\0\0\0\
\xbf\x61\0\0\0\0\0\0\x61\x12\x28\0\0\0\0\0\xb7\x03\0\0\0\0\0\0\x85\0\0\0\x0d\0\
\0\0\x79\x71\0\0\0\0\0\0\xb7\x02\0\0\x15\x01\0\0\x2d\x12\x71\x06\0\0\0\0\xbf\
\x61\0\0\0\0\0\0\x61\x12\x28\0\0\0\0\0\xb7\x03\0\0\0\0\0\0\x85\0\0\0\x0d\0\0\0\
\x79\x71\0\0\0\0\0\0\xb7\x02\0\0\x16\x01\0\0\x2d\x12\x6a\x06\0\0\0\0\xbf\x61\0\
\0\0\0\0\0\x61\x12\x28\0\0\0\0\0\xb7\x03\0\0\0\0\0\0\x85\0\0\0\x0d\0\0\0\x79\
\x71\0\0\0\0\0\0\xb7\x02\0\0\x17\x01\0\0\x2d\x12\x63\x06\0\0\0\0\xbf\x61\0\0\0\
\0\0\0\x61\x12\x28\0\0\0\0\0\xb7\x03\0\0\0\0\0\0\x85\0\0\0\x0d\0\0\0\x79\x71\0\
\0\0\0\0\0\xb7\x02\0\0\x18\x01\0\0\x2d\x12\x5c\x06\0\0\0\0\xbf\x61\0\0\0\0\0\0\
\x61\x12\x28\0\0\0\0\0\xb7\x03\0\0\0\0\0\0\x85\0\0\0\x0d\0\0\0\x79\x71\0\0\0\0\
\0\0\xb7\x02\0\0\x19\x01\0\0\x2d\x12\x55\x06\0\0\0\0\xbf\x61\0\0\0\0\0\0\x61\
\x12\x28\0\0\0\0\0\xb7\x03\0\0\0\0\0\0\x85\0\0\0\x0d\0\0\0\x79\x71\0\0\0\0\0\0\
\xb7\x02\0\0\x1a\x01\0\0\x2d\x12\x4e\x06\0\0\0\0\xbf\x61\0\0\0\0\0\0\x61\x12\
\x28\0\0\0\0\0\xb7\x03\0\0\0\0\0\0\x85\0\0\0\x0d\0\0\0\x79\x71\0\0\0\0\0\0\xb7\
\x02\0\0\x1b\x01\0\0\x2d\x12\x47\x06\0\0\0\0\xbf\x61\0\0\0\0\0\0\x61\x12\x28\0\
\0\0\0\0\xb7\x03\0\0\0\0\0\0\x85\0\0\0\x0d\0\0\0\x79\x71\0\0\0\0\0\0\xb7\x02\0\
\0\x1c\x01\0\0\x2d\x12\x40\x06\0\0\0\0\xbf\x61\0\0\0\0\0\0\x61\x12\x28\0\0\0\0\
\0\xb7\x03\0\0\0\0\0\0\x85\0\0\0\x0d\0\0\0\x79\x71\0\0\0\0\0\0\xb7\x02\0\0\x1d\
\x01\0\0\x2d\x12\x39\x06\0\0\0\0\xbf\x61\0\0\0\0\0\0\x61\x12\x28\0\0\0\0\0\xb7\
\x03\0\0\0\0\0\0\x85\0\0\0\x0d\0\0\0\x79\x71\0\0\0\0\0\0\xb7\x02\0\0\x1e\x01\0\
\0\x2d\x12\x32\x06\0\0\0\0\xbf\x61\0\0\0\0\0\0\x61\x12\x28\0\0\0\0\0\xb7\x03\0\
\0\0\0\0\0\x85\0\0\0\x0d\0\0\0\x79\x71\0\0\0\0\0\0\xb7\x02\0\0\x1f\x01\0\0\x2d\
\x12\x2b\x06\0\0\0\0\xbf\x61\0\0\0\0\0\0\x61\x12\x28\0\0\0\0\0\xb7\x03\0\0\0\0\
\0\0\x85\0\0\0\x0d\0\0\0\x79\x71\0\0\0\0\0\0\xb7\x02\0\0\x20\x01\0\0\x2d\x12\
\x24\x06\0\0\0\0\xbf\x61\0\0\0\0\0\0\x61\x12\x28\0\0\0\0\0\xb7\x03\0\0\0\0\0\0\
\x85\0\0\0\x0d\0\0\0\x79\x71\0\0\0\0\0\0\xb7\x02\0\0\x21\x01\0\0\x2d\x12\x1d\
\x06\0\0\0\0\xbf\x61\0\0\0\0\0\0\x61\x12\x28\0\0\0\0\0\xb7\x03\0\0\0\0\0\0\x85\
\0\0\0\x0d\0\0\0\x79\x71\0\0\0\0\0\0\xb7\x02\0\0\x22\x01\0\0\x2d\x12\x16\x06\0\
\0\0\0\xbf\x61\0\0\0\0\0\0\x61\x12\x28\0\0\0\0\0\xb7\x03\0\0\0\0\0\0\x85\0\0\0\
\x0d\0\0\0\x79\x71\0\0\0\0\0\0\xb7\x02\0\0\x23\x01\0\0\x2d\x12\x0f\x06\0\0\0\0\
\xbf\x61\0\0\0\0\0\0\x61\x12\x28\0\0\0\0\0\xb7\x03\0\0\0\0\0\0\x85\0\0\0\x0d\0\
\0\0\x79\x71\0\0\0\0\0\0\xb7\x02\0\0\x24\x01\0\0\x2d\x12\x08\x06\0\0\0\0\xbf\
\x61\0\0\0\0\0\0\x61\x12\x28\0\0\0\0\0\xb7\x03\0\0\0\0\0\0\x85\0\0\0\x0d\0\0\0\
\x79\x71\0\0\0\0\0\0\xb7\x02\0\0\x25\x01\0\0\x2d\x12\x01\x06\0\0\0\0\xbf\x61\0\
\0\0\0\0\0\x61\x12\x28\0\0\0\0\0\xb7\x03\0\0\0\0\0\0\x85\0\0\0\x0d\0\0\0\x79\
\x71\0\0\0\0\0\0\xb7\x02\0\0\x26\x01\0\0\x2d\x12\xfa\x05\0\0\0\0\xbf\x61\0\0\0\
\0\0\0\x61\x12\x28\0\0\0\0\0\xb7\x03\0\0\0\0\0\0\x85\0\0\0\x0d\0\0\0\x79\x71\0\
\0\0\0\0\0\xb7\x02\0\0\x27\x01\0\0\x2d\x12\xf3\x05\0\0\0\0\xbf\x61\0\0\0\0\0\0\
\x61\x12\x28\0\0\0\0\0\xb7\x03\0\0\0\0\0\0\x85\0\0\0\x0d\0\0\0\x79\x71\0\0\0\0\
\0\0\xb7\x02\0\0\x28\x01\0\0\x2d\x12\xec\x05\0\0\0\0\xbf\x61\0\0\0\0\0\0\x61\
\x12\x28\0\0\0\0\0\xb7\x03\0\0\0\0\0\0\x85\0\0\0\x0d\0\0\0\x79\x71\0\0\0\0\0\0\
\xb7\x02\0\0\x29\x01\0\0\x2d\x12\xe5\x05\0\0\0\0\xbf\x61\0\0\0\0\0\0\x61\x12\
\x28\0\0\0\0\0\xb7\x03\0\0\0\0\0\0\x85\0\0\0\x0d\0\0\0\x79\x71\0\0\0\0\0\0\xb7\
\x02\0\0\x2a\x01\0\0\x2d\x12\xde\x05\0\0\0\0\xbf\x61\0\0\0\0\0\0\x61\x12\x28\0\
\0\0\0\0\xb7\x03\0\0\0\0\0\0\x85\0\0\0\x0d\0\0\0\x79\x71\0\0\0\0\0\0\xb7\x02\0\
\0\x2b\x01\0\0\x2d\x12\xd7\x05\0\0\0\0\xbf\x61\0\0\0\0\0\0\x61\x12\x28\0\0\0\0\
\0\xb7\x03\0\0\0\0\0\0\x85\0\0\0\x0d\0\0\0\x79\x71\0\0\0\0\0\0\xb7\x02\0\0\x2c\
\x01\0\0\x2d\x12\xd0\x05\0\0\0\0\xbf\x61\0\0\0\0\0\0\x61\x12\x28\0\0\0\0\0\xb7\
\x03\0\0\0\0\0\0\x85\0\0\0\x0d\0\0\0\x79\x71\0\0\0\0\0\0\xb7\x02\0\0\x2d\x01\0\
\0\x2d\x12\xc9\x05\0\0\0\0\xbf\x61\0\0\0\0\0\0\x61\x12\x28\0\0\0\0\0\xb7\x03\0\
\0\0\0\0\0\x85\0\0\0\x0d\0\0\0\x79\x71\0\0\0\0\0\0\xb7\x02\0\0\x2e\x01\0\0\x2d\
\x12\xc2\x05\0\0\0\0\xbf\x61\0\0\0\0\0\0\x61\x12\x28\0\0\0\0\0\xb7\x03\0\0\0\0\
\0\0\x85\0\0\0\x0d\0\0\0\x79\x71\0\0\0\0\0\0\xb7\x02\0\0\x2f\x01\0\0\x2d\x12\
\xbb\x05\0\0\0\0\xbf\x61\0\0\0\0\0\0\x61\x12\x28\0\0\0\0\0\xb7\x03\0\0\0\0\0\0\
\x85\0\0\0\x0d\0\0\0\x79\x71\0\0\0\0\0\0\xb7\x02\0\0\x30\x01\0\0\x2d\x12\xb4\
\x05\0\0\0\0\xbf\x61\0\0\0\0\0\0\x61\x12\x28\0\0\0\0\0\xb7\x03\0\0\0\0\0\0\x85\
\0\0\0\x0d\0\0\0\x79\x71\0\0\0\0\0\0\xb7\x02\0\0\x31\x01\0\0\x2d\x12\xad\x05\0\
\0\0\0\xbf\x61\0\0\0\0\0\0\x61\x12\x28\0\0\0\0\0\xb7\x03\0\0\0\0\0\0\x85\0\0\0\
\x0d\0\0\0\x79\x71\0\0\0\0\0\0\xb7\x02\0\0\x32\x01\0\0\x2d\x12\xa6\x05\0\0\0\0\
\xbf\x61\0\0\0\0\0\0\x61\x12\x28\0\0\0\0\0\xb7\x03\0\0\0\0\0\0\x85\0\0\0\x0d\0\
\0\0\x79\x71\0\0\0\0\0\0\xb7\x02\0\0\x33\x01\0\0\x2d\x12\x9f\x05\0\0\0\0\xbf\
\x61\0\0\0\0\0\0\x61\x12\x28\0\0\0\0\0\xb7\x03\0\0\0\0\0\0\x85\0\0\0\x0d\0\0\0\
\x79\x71\0\0\0\0\0\0\xb7\x02\0\0\x34\x01\0\0\x2d\x12\x98\x05\0\0\0\0\xbf\x61\0\
\0\0\0\0\0\x61\x12\x28\0\0\0\0\0\xb7\x03\0\0\0\0\0\0\x85\0\0\0\x0d\0\0\0\x79\
\x71\0\0\0\0\0\0\xb7\x02\0\0\x35\x01\0\0\x2d\x12\x91\x05\0\0\0\0\xbf\x61\0\0\0\
\0\0\0\x61\x12\x28\0\0\0\0\0\xb7\x03\0\0\0\0\0\0\x85\0\0\0\x0d\0\0\0\x79\x71\0\
\0\0\0\0\0\xb7\x02\0\0\x36\x01\0\0\x2d\x12\x8a\x05\0\0\0\0\xbf\x61\0\0\0\0\0\0\
\x61\x12\x28\0\0\0\0\0\xb7\x03\0\0\0\0\0\0\x85\0\0\0\x0d\0\0\0\x79\x71\0\0\0\0\
\0\0\xb7\x02\0\0\x37\x01\0\0\x2d\x12\x83\x05\0\0\0\0\xbf\x61\0\0\0\0\0\0\x61\
\x12\x28\0\0\0\0\0\xb7\x03\0\0\0\0\0\0\x85\0\0\0\x0d\0\0\0\x79\x71\0\0\0\0\0\0\
\xb7\x02\0\0\x38\x01\0\0\x2d\x12\x7c\x05\0\0\0\0\xbf\x61\0\0\0\0\0\0\x61\x12\
\x28\0\0\0\0\0\xb7\x03\0\0\0\0\0\0\x85\0\0\0\x0d\0\0\0\x79\x71\0\0\0\0\0\0\xb7\
\x02\0\0\x39\x01\0\0\x2d\x12\x75\x05\0\0\0\0\xbf\x61\0\0\0\0\0\0\x61\x12\x28\0\
\0\0\0\0\xb7\x03\0\0\0\0\0\0\x85\0\0\0\x0d\0\0\0\x79\x71\0\0\0\0\0\0\xb7\x02\0\
\0\x3a\x01\0\0\x2d\x12\x6e\x05\0\0\0\0\xbf\x61\0\0\0\0\0\0\x61\x12\x28\0\0\0\0\
\0\xb7\x03\0\0\0\0\0\0\x85\0\0\0\x0d\0\0\0\x79\x71\0\0\0\0\0\0\xb7\x02\0\0\x3b\
\x01\0\0\x2d\x12\x67\x05\0\0\0\0\xbf\x61\0\0\0\0\0\0\x61\x12\x28\0\0\0\0\0\xb7\
\x03\0\0\0\0\0\0\x85\0\0\0\x0d\0\0\0\x79\x71\0\0\0\0\0\0\xb7\x02\0\0\x3c\x01\0\
\0\x2d\x12\x60\x05\0\0\0\0\xbf\x61\0\0\0\0\0\0\x61\x12\x28\0\0\0\0\0\xb7\x03\0\
\0\0\0\0\0\x85\0\0\0\x0d\0\0\0\x79\x71\0\0\0\0\0\0\xb7\x02\0\0\x3d\x01\0\0\x2d\
\x12\x59\x05\0\0\0\0\xbf\x61\0\0\0\0\0\0\x61\x12\x28\0\0\0\0\0\xb7\x03\0\0\0\0\
\0\0\x85\0\0\0\x0d\0\0\0\x79\x71\0\0\0\0\0\0\xb7\x02\0\0\x3e\x01\0\0\x2d\x12\
\x52\x05\0\0\0\0\xbf\x61\0\0\0\0\0\0\x61\x12\x28\0\0\0\0\0\xb7\x03\0\0\0\0\0\0\
\x85\0\0\0\x0d\0\0\0\x79\x71\0\0\0\0\0\0\xb7\x02\0\0\x3f\x01\0\0\x2d\x12\x4b\
\x05\0\0\0\0\xbf\x61\0\0\0\0\0\0\x61\x12\x28\0\0\0\0\0\xb7\x03\0\0\0\0\0\0\x85\
\0\0\0\x0d\0\0\0\x79\x71\0\0\0\0\0\0\xb7\x02\0\0\x40\x01\0\0\x2d\x12\x44\x05\0\
\0\0\0\xbf\x61\0\0\0\0\0\0\x61\x12\x28\0\0\0\0\0\xb7\x03\0\0\0\0\0\0\x85\0\0\0\
\x0d\0\0\0\x79\x71\0\0\0\0\0\0\xb7\x02\0\0\x41\x01\0\0\x2d\x12\x3d\x05\0\0\0\0\
\xbf\x61\0\0\0\0\0\0\x61\x12\x28\0\0\0\0\0\xb7\x03\0\0\0\0\0\0\x85\0\0\0\x0d\0\
\0\0\x79\x71\0\0\0\0\0\0\xb7\x02\0\0\x42\x01\0\0\x2d\x12\x36\x05\0\0\0\0\xbf\
\x61\0\0\0\0\0\0\x61\x12\x28\0\0\0\0\0\xb7\x03\0\0\0\0\0\0\x85\0\0\0\x0d\0\0\0\
\x79\x71\0\0\0\0\0\0\xb7\x02\0\0\x43\x01\0\0\x2d\x12\x2f\x05\0\0\0\0\xbf\x61\0\
\0\0\0\0\0\x61\x12\x28\0\0\0\0\0\xb7\x03\0\0\0\0\0\0\x85\0\0\0\x0d\0\0\0\x79\
\x71\0\0\0\0\0\0\xb7\x02\0\0\x44\x01\0\0\x2d\x12\x28\x05\0\0\0\0\xbf\x61\0\0\0\
\0\0\0\x61\x12\x28\0\0\0\0\0\xb7\x03\0\0\0\0\0\0\x85\0\0\0\x0d\0\0\0\x79\x71\0\
\0\0\0\0\0\xb7\x02\0\0\x45\x01\0\0\x2d\x12\x21\x05\0\0\0\0\xbf\x61\0\0\0\0\0\0\
\x61\x12\x28\0\0\0\0\0\xb7\x03\0\0\0\0\0\0\x85\0\0\0\x0d\0\0\0\x79\x71\0\0\0\0\
\0\0\xb7\x02\0\0\x46\x01\0\0\x2d\x12\x1a\x05\0\0\0\0\xbf\x61\0\0\0\0\0\0\x61\
\x12\x28\0\0\0\0\0\xb7\x03\0\0\0\0\0\0\x85\0\0\0\x0d\0\0\0\x79\x71\0\0\0\0\0\0\
\xb7\x02\0\0\x47\x01\0\0\x2d\x12\x13\x05\0\0\0\0\xbf\x61\0\0\0\0\0\0\x61\x12\
\x28\0\0\0\0\0\xb7\x03\0\0\0\0\0\0\x85\0\0\0\x0d\0\0\0\x79\x71\0\0\0\0\0\0\xb7\
\x02\0\0\x48\x01\0\0\x2d\x12\x0c\x05\0\0\0\0\xbf\x61\0\0\0\0\0\0\x61\x12\x28\0\
\0\0\0\0\xb7\x03\0\0\0\0\0\0\x85\0\0\0\x0d\0\0\0\x79\x71\0\0\0\0\0\0\xb7\x02\0\
\0\x49\x01\0\0\x2d\x12\x05\x05\0\0\0\0\xbf\x61\0\0\0\0\0\0\x61\x12\x28\0\0\0\0\
\0\xb7\x03\0\0\0\0\0\0\x85\0\0\0\x0d\0\0\0\x79\x71\0\0\0\0\0\0\xb7\x02\0\0\x4a\
\x01\0\0\x2d\x12\xfe\x04\0\0\0\0\xbf\x61\0\0\0\0\0\0\x61\x12\x28\0\0\0\0\0\xb7\
\x03\0\0\0\0\0\0\x85\0\0\0\x0d\0\0\0\x79\x71\0\0\0\0\0\0\xb7\x02\0\0\x4b\x01\0\
\0\x2d\x12\xf7\x04\0\0\0\0\xbf\x61\0\0\0\0\0\0\x61\x12\x28\0\0\0\0\0\xb7\x03\0\
\0\0\0\0\0\x85\0\0\0\x0d\0\0\0\x79\x71\0\0\0\0\0\0\xb7\x02\0\0\x4c\x01\0\0\x2d\
\x12\xf0\x04\0\0\0\0\xbf\x61\0\0\0\0\0\0\x61\x12\x28\0\0\0\0\0\xb7\x03\0\0\0\0\
\0\0\x85\0\0\0\x0d\0\0\0\x79\x71\0\0\0\0\0\0\xb7\x02\0\0\x4d\x01\0\0\x2d\x12\
\xe9\x04\0\0\0\0\xbf\x61\0\0\0\0\0\0\x61\x12\x28\0\0\0\0\0\xb7\x03\0\0\0\0\0\0\
\x85\0\0\0\x0d\0\0\0\x79\x71\0\0\0\0\0\0\xb7\x02\0\0\x4e\x01\0\0\x2d\x12\xe2\
\x04\0\0\0\0\xbf\x61\0\0\0\0\0\0\x61\x12\x28\0\0\0\0\0\xb7\x03\0\0\0\0\0\0\x85\
\0\0\0\x0d\0\0\0\x79\x71\0\0\0\0\0\0\xb7\x02\0\0\x4f\x01\0\0\x2d\x12\xdb\x04\0\
\0\0\0\xbf\x61\0\0\0\0\0\0\x61\x12\x28\0\0\0\0\0\xb7\x03\0\0\0\0\0\0\x85\0\0\0\
\x0d\0\0\0\x79\x71\0\0\0\0\0\0\xb7\x02\0\0\x50\x01\0\0\x2d\x12\xd4\x04\0\0\0\0\
\xbf\x61\0\0\0\0\0\0\x61\x12\x28\0\0\0\0\0\xb7\x03\0\0\0\0\0\0\x85\0\0\0\x0d\0\
\0\0\x79\x71\0\0\0\0\0\0\xb7\x02\0\0\x51\x01\0\0\x2d\x12\xcd\x04\0\0\0\0\xbf\
\x61\0\0\0\0\0\0\x61\x12\x28\0\0\0\0\0\xb7\x03\0\0\0\0\0\0\x85\0\0\0\x0d\0\0\0\
\x79\x71\0\0\0\0\0\0\xb7\x02\0\0\x52\x01\0\0\x2d\x12\xc6\x04\0\0\0\0\xbf\x61\0\
\0\0\0\0\0\x61\x12\x28\0\0\0\0\0\xb7\x03\0\0\0\0\0\0\x85\0\0\0\x0d\0\0\0\x79\
\x71\0\0\0\0\0\0\xb7\x02\0\0\x53\x01\0\0\x2d\x12\xbf\x04\0\0\0\0\xbf\x61\0\0\0\
\0\0\0\x61\x12\x28\0\0\0\0\0\xb7\x03\0\0\0\0\0\0\x85\0\0\0\x0d\0\0\0\x79\x71\0\
\0\0\0\0\0\xb7\x02\0\0\x54\x01\0\0\x2d\x12\xb8\x04\0\0\0\0\xbf\x61\0\0\0\0\0\0\
\x61\x12\x28\0\0\0\0\0\xb7\x03\0\0\0\0\0\0\x85\0\0\0\x0d\0\0\0\x79\x71\0\0\0\0\
\0\0\xb7\x02\0\0\x55\x01\0\0\x2d\x12\xb1\x04\0\0\0\0\xbf\x61\0\0\0\0\0\0\x61\
\x12\x28\0\0\0\0\0\xb7\x03\0\0\0\0\0\0\x85\0\0\0\x0d\0\0\0\x79\x71\0\0\0\0\0\0\
\xb7\x02\0\0\x56\x01\0\0\x2d\x12\xaa\x04\0\0\0\0\xbf\x61\0\0\0\0\0\0\x61\x12\
\x28\0\0\0\0\0\xb7\x03\0\0\0\0\0\0\x85\0\0\0\x0d\0\0\0\x79\x71\0\0\0\0\0\0\xb7\
\x02\0\0\x57\x01\0\0\x2d\x12\xa3\x04\0\0\0\0\xbf\x61\0\0\0\0\0\0\x61\x12\x28\0\
\0\0\0\0\xb7\x03\0\0\0\0\0\0\x85\0\0\0\x0d\0\0\0\x79\x71\0\0\0\0\0\0\xb7\x02\0\
\0\x58\x01\0\0\x2d\x12\x9c\x04\0\0\0\0\xbf\x61\0\0\0\0\0\0\x61\x12\x28\0\0\0\0\
\0\xb7\x03\0\0\0\0\0\0\x85\0\0\0\x0d\0\0\0\x79\x71\0\0\0\0\0\0\xb7\x02\0\0\x59\
\x01\0\0\x2d\x12\x95\x04\0\0\0\0\xbf\x61\0\0\0\0\0\0\x61\x12\x28\0\0\0\0\0\xb7\
\x03\0\0\0\0\0\0\x85\0\0\0\x0d\0\0\0\x79\x71\0\0\0\0\0\0\xb7\x02\0\0\x5a\x01\0\
\0\x2d\x12\x8e\x04\0\0\0\0\xbf\x61\0\0\0\0\0\0\x61\x12\x28\0\0\0\0\0\xb7\x03\0\
\0\0\0\0\0\x85\0\0\0\x0d\0\0\0\x79\x71\0\0\0\0\0\0\xb7\x02\0\0\x5b\x01\0\0\x2d\
\x12\x87\x04\0\0\0\0\xbf\x61\0\0\0\0\0\0\x61\x12\x28\0\0\0\0\0\xb7\x03\0\0\0\0\
\0\0\x85\0\0\0\x0d\0\0\0\x79\x71\0\0\0\0\0\0\xb7\x02\0\0\x5c\x01\0\0\x2d\x12\
\x80\x04\0\0\0\0\xbf\x61\0\0\0\0\0\0\x61\x12\x28\0\0\0\0\0\xb7\x03\0\0\0\0\0\0\
\x85\0\0\0\x0d\0\0\0\x79\x71\0\0\0\0\0\0\xb7\x02\0\0\x5d\x01\0\0\x2d\x12\x79\
\x04\0\0\0\0\xbf\x61\0\0\0\0\0\0\x61\x12\x28\0\0\0\0\0\xb7\x03\0\0\0\0\0\0\x85\
\0\0\0\x0d\0\0\0\x79\x71\0\0\0\0\0\0\xb7\x02\0\0\x5e\x01\0\0\x2d\x12\x72\x04\0\
\0\0\0\xbf\x61\0\0\0\0\0\0\x61\x12\x28\0\0\0\0\0\xb7\x03\0\0\0\0\0\0\x85\0\0\0\
\x0d\0\0\0\x79\x71\0\0\0\0\0\0\xb7\x02\0\0\x5f\x01\0\0\x2d\x12\x6b\x04\0\0\0\0\
\xbf\x61\0\0\0\0\0\0\x61\x12\x28\0\0\0\0\0\xb7\x03\0\0\0\0\0\0\x85\0\0\0\x0d\0\
\0\0\x79\x71\0\0\0\0\0\0\xb7\x02\0\0\x60\x01\0\0\x2d\x12\x64\x04\0\0\0\0\xbf\
\x61\0\0\0\0\0\0\x61\x12\x28\0\0\0\0\0\xb7\x03\0\0\0\0\0\0\x85\0\0\0\x0d\0\0\0\
\x79\x71\0\0\0\0\0\0\xb7\x02\0\0\x61\x01\0\0\x2d\x12\x5d\x04\0\0\0\0\xbf\x61\0\
\0\0\0\0\0\x61\x12\x28\0\0\0\0\0\xb7\x03\0\0\0\0\0\0\x85\0\0\0\x0d\0\0\0\x79\
\x71\0\0\0\0\0\0\xb7\x02\0\0\x62\x01\0\0\x2d\x12\x56\x04\0\0\0\0\xbf\x61\0\0\0\
\0\0\0\x61\x12\x28\0\0\0\0\0\xb7\x03\0\0\0\0\0\0\x85\0\0\0\x0d\0\0\0\x79\x71\0\
\0\0\0\0\0\xb7\x02\0\0\x63\x01\0\0\x2d\x12\x4f\x04\0\0\0\0\xbf\x61\0\0\0\0\0\0\
\x61\x12\x28\0\0\0\0\0\xb7\x03\0\0\0\0\0\0\x85\0\0\0\x0d\0\0\0\x79\x71\0\0\0\0\
\0\0\xb7\x02\0\0\x64\x01\0\0\x2d\x12\x48\x04\0\0\0\0\xbf\x61\0\0\0\0\0\0\x61\
\x12\x28\0\0\0\0\0\xb7\x03\0\0\0\0\0\0\x85\0\0\0\x0d\0\0\0\x79\x71\0\0\0\0\0\0\
\xb7\x02\0\0\x65\x01\0\0\x2d\x12\x41\x04\0\0\0\0\xbf\x61\0\0\0\0\0\0\x61\x12\
\x28\0\0\0\0\0\xb7\x03\0\0\0\0\0\0\x85\0\0\0\x0d\0\0\0\x79\x71\0\0\0\0\0\0\xb7\
\x02\0\0\x66\x01\0\0\x2d\x12\x3a\x04\0\0\0\0\xbf\x61\0\0\0\0\0\0\x61\x12\x28\0\
\0\0\0\0\xb7\x03\0\0\0\0\0\0\x85\0\0\0\x0d\0\0\0\x79\x71\0\0\0\0\0\0\xb7\x02\0\
\0\x67\x01\0\0\x2d\x12\x33\x04\0\0\0\0\xbf\x61\0\0\0\0\0\0\x61\x12\x28\0\0\0\0\
\0\xb7\x03\0\0\0\0\0\0\x85\0\0\0\x0d\0\0\0\x79\x71\0\0\0\0\0\0\xb7\x02\0\0\x68\
\x01\0\0\x2d\x12\x2c\x04\0\0\0\0\xbf\x61\0\0\0\0\0\0\x61\x12\x28\0\0\0\0\0\xb7\
\x03\0\0\0\0\0\0\x85\0\0\0\x0d\0\0\0\x79\x71\0\0\0\0\0\0\xb7\x02\0\0\x69\x01\0\
\0\x2d\x12\x25\x04\0\0\0\0\xbf\x61\0\0\0\0\0\0\x61\x12\x28\0\0\0\0\0\xb7\x03\0\
\0\0\0\0\0\x85\0\0\0\x0d\0\0\0\x79\x71\0\0\0\0\0\0\xb7\x02\0\0\x6a\x01\0\0\x2d\
\x12\x1e\x04\0\0\0\0\xbf\x61\0\0\0\0\0\0\x61\x12\x28\0\0\0\0\0\xb7\x03\0\0\0\0\
\0\0\x85\0\0\0\x0d\0\0\0\x79\x71\0\0\0\0\0\0\xb7\x02\0\0\x6b\x01\0\0\x2d\x12\
\x17\x04\0\0\0\0\xbf\x61\0\0\0\0\0\0\x61\x12\x28\0\0\0\0\0\xb7\x03\0\0\0\0\0\0\
\x85\0\0\0\x0d\0\0\0\x79\x71\0\0\0\0\0\0\xb7\x02\0\0\x6c\x01\0\0\x2d\x12\x10\
\x04\0\0\0\0\xbf\x61\0\0\0\0\0\0\x61\x12\x28\0\0\0\0\0\xb7\x03\0\0\0\0\0\0\x85\
\0\0\0\x0d\0\0\0\x79\x71\0\0\0\0\0\0\xb7\x02\0\0\x6d\x01\0\0\x2d\x12\x09\x04\0\
\0\0\0\xbf\x61\0\0\0\0\0\0\x61\x12\x28\0\0\0\0\0\xb7\x03\0\0\0\0\0\0\x85\0\0\0\
\x0d\0\0\0\x79\x71\0\0\0\0\0\0\xb7\x02\0\0\x6e\x01\0\0\x2d\x12\x02\x04\0\0\0\0\
\xbf\x61\0\0\0\0\0\0\x61\x12\x28\0\0\0\0\0\xb7\x03\0\0\0\0\0\0\x85\0\0\0\x0d\0\
\0\0\x79\x71\0\0\0\0\0\0\xb7\x02\0\0\x6f\x01\0\0\x2d\x12\xfb\x03\0\0\0\0\xbf\
\x61\0\0\0\0\0\0\x61\x12\x28\0\0\0\0\0\xb7\x03\0\0\0\0\0\0\x85\0\0\0\x0d\0\0\0\
\x79\x71\0\0\0\0\0\0\xb7\x02\0\0\x70\x01\0\0\x2d\x12\xf4\x03\0\0\0\0\xbf\x61\0\
\0\0\0\0\0\x61\x12\x28\0\0\0\0\0\xb7\x03\0\0\0\0\0\0\x85\0\0\0\x0d\0\0\0\x79\
\x71\0\0\0\0\0\0\xb7\x02\0\0\x71\x01\0\0\x2d\x12\xed\x03\0\0\0\0\xbf\x61\0\0\0\
\0\0\0\x61\x12\x28\0\0\0\0\0\xb7\x03\0\0\0\0\0\0\x85\0\0\0\x0d\0\0\0\x79\x71\0\
\0\0\0\0\0\xb7\x02\0\0\x72\x01\0\0\x2d\x12\xe6\x03\0\0\0\0\xbf\x61\0\0\0\0\0\0\
\x61\x12\x28\0\0\0\0\0\xb7\x03\0\0\0\0\0\0\x85\0\0\0\x0d\0\0\0\x79\x71\0\0\0\0\
\0\0\xb7\x02\0\0\x73\x01\0\0\x2d\x12\xdf\x03\0\0\0\0\xbf\x61\0\0\0\0\0\0\x61\
\x12\x28\0\0\0\0\0\xb7\x03\0\0\0\0\0\0\x85\0\0\0\x0d\0\0\0\x79\x71\0\0\0\0\0\0\
\xb7\x02\0\0\x74\x01\0\0\x2d\x12\xd8\x03\0\0\0\0\xbf\x61\0\0\0\0\0\0\x61\x12\
\x28\0\0\0\0\0\xb7\x03\0\0\0\0\0\0\x85\0\0\0\x0d\0\0\0\x79\x71\0\0\0\0\0\0\xb7\
\x02\0\0\x75\x01\0\0\x2d\x12\xd1\x03\0\0\0\0\xbf\x61\0\0\0\0\0\0\x61\x12\x28\0\
\0\0\0\0\xb7\x03\0\0\0\0\0\0\x85\0\0\0\x0d\0\0\0\x79\x71\0\0\0\0\0\0\xb7\x02\0\
\0\x76\x01\0\0\x2d\x12\xca\x03\0\0\0\0\xbf\x61\0\0\0\0\0\0\x61\x12\x28\0\0\0\0\
\0\xb7\x03\0\0\0\0\0\0\x85\0\0\0\x0d\0\0\0\x79\x71\0\0\0\0\0\0\xb7\x02\0\0\x77\
\x01\0\0\x2d\x12\xc3\x03\0\0\0\0\xbf\x61\0\0\0\0\0\0\x61\x12\x28\0\0\0\0\0\xb7\
\x03\0\0\0\0\0\0\x85\0\0\0\x0d\0\0\0\x79\x71\0\0\0\0\0\0\xb7\x02\0\0\x78\x01\0\
\0\x2d\x12\xbc\x03\0\0\0\0\xbf\x61\0\0\0\0\0\0\x61\x12\x28\0\0\0\0\0\xb7\x03\0\
\0\0\0\0\0\x85\0\0\0\x0d\0\0\0\x79\x71\0\0\0\0\0\0\xb7\x02\0\0\x79\x01\0\0\x2d\
\x12\xb5\x03\0\0\0\0\xbf\x61\0\0\0\0\0\0\x61\x12\x28\0\0\0\0\0\xb7\x03\0\0\0\0\
\0\0\x85\0\0\0\x0d\0\0\0\x79\x71\0\0\0\0\0\0\xb7\x02\0\0\x7a\x01\0\0\x2d\x12\
\xae\x03\0\0\0\0\xbf\x61\0\0\0\0\0\0\x61\x12\x28\0\0\0\0\0\xb7\x03\0\0\0\0\0\0\
\x85\0\0\0\x0d\0\0\0\x79\x71\0\0\0\0\0\0\xb7\x02\0\0\x7b\x01\0\0\x2d\x12\xa7\
\x03\0\0\0\0\xbf\x61\0\0\0\0\0\0\x61\x12\x28\0\0\0\0\0\xb7\x03\0\0\0\0\0\0\x85\
\0\0\0\x0d\0\0\0\x79\x71\0\0\0\0\0\0\xb7\x02\0\0\x7c\x01\0\0\x2d\x12\xa0\x03\0\
\0\0\0\xbf\x61\0\0\0\0\0\0\x61\x12\x28\0\0\0\0\0\xb7\x03\0\0\0\0\0\0\x85\0\0\0\
\x0d\0\0\0\x79\x71\0\0\0\0\0\0\xb7\x02\0\0\x7d\x01\0\0\x2d\x12\x99\x03\0\0\0\0\
\xbf\x61\0\0\0\0\0\0\x61\x12\x28\0\0\0\0\0\xb7\x03\0\0\0\0\0\0\x85\0\0\0\x0d\0\
\0\0\x79\x71\0\0\0\0\0\0\xb7\x02\0\0\x7e\x01\0\0\x2d\x12\x92\x03\0\0\0\0\xbf\
\x61\0\0\0\0\0\0\x61\x12\x28\0\0\0\0\0\xb7\x03\0\0\0\0\0\0\x85\0\0\0\x0d\0\0\0\
\x79\x71\0\0\0\0\0\0\xb7\x02\0\0\x7f\x01\0\0\x2d\x12\x8b\x03\0\0\0\0\xbf\x61\0\
\0\0\0\0\0\x61\x12\x28\0\0\0\0\0\xb7\x03\0\0\0\0\0\0\x85\0\0\0\x0d\0\0\0\x79\
\x71\0\0\0\0\0\0\xb7\x02\0\0\x80\x01\0\0\x2d\x12\x84\x03\0\0\0\0\xbf\x61\0\0\0\
\0\0\0\x61\x12\x28\0\0\0\0\0\xb7\x03\0\0\0\0\0\0\x85\0\0\0\x0d\0\0\0\x79\x71\0\
\0\0\0\0\0\xb7\x02\0\0\x81\x01\0\0\x2d\x12\x7d\x03\0\0\0\0\xbf\x61\0\0\0\0\0\0\
\x61\x12\x28\0\0\0\0\0\xb7\x03\0\0\0\0\0\0\x85\0\0\0\x0d\0\0\0\x79\x71\0\0\0\0\
\0\0\xb7\x02\0\0\x82\x01\0\0\x2d\x12\x76\x03\0\0\0\0\xbf\x61\0\0\0\0\0\0\x61\
\x12\x28\0\0\0\0\0\xb7\x03\0\0\0\0\0\0\x85\0\0\0\x0d\0\0\0\x79\x71\0\0\0\0\0\0\
\xb7\x02\0\0\x83\x01\0\0\x2d\x12\x6f\x03\0\0\0\0\xbf\x61\0\0\0\0\0\0\x61\x12\
\x28\0\0\0\0\0\xb7\x03\0\0\0\0\0\0\x85\0\0\0\x0d\0\0\0\x79\x71\0\0\0\0\0\0\xb7\
\x02\0\0\x84\x01\0\0\x2d\x12\x68\x03\0\0\0\0\xbf\x61\0\0\0\0\0\0\x61\x12\x28\0\
\0\0\0\0\xb7\x03\0\0\0\0\0\0\x85\0\0\0\x0d\0\0\0\x79\x71\0\0\0\0\0\0\xb7\x02\0\
\0\x85\x01\0\0\x2d\x12\x61\x03\0\0\0\0\xbf\x61\0\0\0\0\0\0\x61\x12\x28\0\0\0\0\
\0\xb7\x03\0\0\0\0\0\0\x85\0\0\0\x0d\0\0\0\x79\x71\0\0\0\0\0\0\xb7\x02\0\0\x86\
\x01\0\0\x2d\x12\x5a\x03\0\0\0\0\xbf\x61\0\0\0\0\0\0\x61\x12\x28\0\0\0\0\0\xb7\
\x03\0\0\0\0\0\0\x85\0\0\0\x0d\0\0\0\x79\x71\0\0\0\0\0\0\xb7\x02\0\0\x87\x01\0\
\0\x2d\x12\x53\x03\0\0\0\0\xbf\x61\0\0\0\0\0\0\x61\x12\x28\0\0\0\0\0\xb7\x03\0\
\0\0\0\0\0\x85\0\0\0\x0d\0\0\0\x79\x71\0\0\0\0\0\0\xb7\x02\0\0\x88\x01\0\0\x2d\
\x12\x4c\x03\0\0\0\0\xbf\x61\0\0\0\0\0\0\x61\x12\x28\0\0\0\0\0\xb7\x03\0\0\0\0\
\0\0\x85\0\0\0\x0d\0\0\0\x79\x71\0\0\0\0\0\0\xb7\x02\0\0\x89\x01\0\0\x2d\x12\
\x45\x03\0\0\0\0\xbf\x61\0\0\0\0\0\0\x61\x12\x28\0\0\0\0\0\xb7\x03\0\0\0\0\0\0\
\x85\0\0\0\x0d\0\0\0\x79\x71\0\0\0\0\0\0\xb7\x02\0\0\x8a\x01\0\0\x2d\x12\x3e\
\x03\0\0\0\0\xbf\x61\0\0\0\0\0\0\x61\x12\x28\0\0\0\0\0\xb7\x03\0\0\0\0\0\0\x85\
\0\0\0\x0d\0\0\0\x79\x71\0\0\0\0\0\0\xb7\x02\0\0\x8b\x01\0\0\x2d\x12\x37\x03\0\
\0\0\0\xbf\x61\0\0\0\0\0\0\x61\x12\x28\0\0\0\0\0\xb7\x03\0\0\0\0\0\0\x85\0\0\0\
\x0d\0\0\0\x79\x71\0\0\0\0\0\0\xb7\x02\0\0\x8c\x01\0\0\x2d\x12\x30\x03\0\0\0\0\
\xbf\x61\0\0\0\0\0\0\x61\x12\x28\0\0\0\0\0\xb7\x03\0\0\0\0\0\0\x85\0\0\0\x0d\0\
\0\0\x79\x71\0\0\0\0\0\0\xb7\x02\0\0\x8d\x01\0\0\x2d\x12\x29\x03\0\0\0\0\xbf\
\x61\0\0\0\0\0\0\x61\x12\x28\0\0\0\0\0\xb7\x03\0\0\0\0\0\0\x85\0\0\0\x0d\0\0\0\
\x79\x71\0\0\0\0\0\0\xb7\x02\0\0\x8e\x01\0\0\x2d\x12\x22\x03\0\0\0\0\xbf\x61\0\
\0\0\0\0\0\x61\x12\x28\0\0\0\0\0\xb7\x03\0\0\0\0\0\0\x85\0\0\0\x0d\0\0\0\x79\
\x71\0\0\0\0\0\0\xb7\x02\0\0\x8f\x01\0\0\x2d\x12\x1b\x03\0\0\0\0\xbf\x61\0\0\0\
\0\0\0\x61\x12\x28\0\0\0\0\0\xb7\x03\0\0\0\0\0\0\x85\0\0\0\x0d\0\0\0\x79\x71\0\
\0\0\0\0\0\xb7\x02\0\0\x90\x01\0\0\x2d\x12\x14\x03\0\0\0\0\xbf\x61\0\0\0\0\0\0\
\x61\x12\x28\0\0\0\0\0\xb7\x03\0\0\0\0\0\0\x85\0\0\0\x0d\0\0\0\x79\x71\0\0\0\0\
\0\0\xb7\x02\0\0\x91\x01\0\0\x2d\x12\x0d\x03\0\0\0\0\xbf\x61\0\0\0\0\0\0\x61\
\x12\x28\0\0\0\0\0\xb7\x03\0\0\0\0\0\0\x85\0\0\0\x0d\0\0\0\x79\x71\0\0\0\0\0\0\
\xb7\x02\0\0\x92\x01\0\0\x2d\x12\x06\x03\0\0\0\0\xbf\x61\0\0\0\0\0\0\x61\x12\
\x28\0\0\0\0\0\xb7\x03\0\0\0\0\0\0\x85\0\0\0\x0d\0\0\0\x79\x71\0\0\0\0\0\0\xb7\
\x02\0\0\x93\x01\0\0\x2d\x12\xff\x02\0\0\0\0\xbf\x61\0\0\0\0\0\0\x61\x12\x28\0\
\0\0\0\0\xb7\x03\0\0\0\0\0\0\x85\0\0\0\x0d\0\0\0\x79\x71\0\0\0\0\0\0\xb7\x02\0\
\0\x94\x01\0\0\x2d\x12\xf8\x02\0\0\0\0\xbf\x61\0\0\0\0\0\0\x61\x12\x28\0\0\0\0\
\0\xb7\x03\0\0\0\0\0\0\x85\0\0\0\x0d\0\0\0\x79\x71\0\0\0\0\0\0\xb7\x02\0\0\x95\
\x01\0\0\x2d\x12\xf1\x02\0\0\0\0\xbf\x61\0\0\0\0\0\0\x61\x12\x28\0\0\0\0\0\xb7\
\x03\0\0\0\0\0\0\x85\0\0\0\x0d\0\0\0\x79\x71\0\0\0\0\0\0\xb7\x02\0\0\x96\x01\0\
\0\x2d\x12\xea\x02\0\0\0\0\xbf\x61\0\0\0\0\0\0\x61\x12\x28\0\0\0\0\0\xb7\x03\0\
\0\0\0\0\0\x85\0\0\0\x0d\0\0\0\x79\x71\0\0\0\0\0\0\xb7\x02\0\0\x97\x01\0\0\x2d\
\x12\xe3\x02\0\0\0\0\xbf\x61\0\0\0\0\0\0\x61\x12\x28\0\0\0\0\0\xb7\x03\0\0\0\0\
\0\0\x85\0\0\0\x0d\0\0\0\x79\x71\0\0\0\0\0\0\xb7\x02\0\0\x98\x01\0\0\x2d\x12\
\xdc\x02\0\0\0\0\xbf\x61\0\0\0\0\0\0\x61\x12\x28\0\0\0\0\0\xb7\x03\0\0\0\0\0\0\
\x85\0\0\0\x0d\0\0\0\x79\x71\0\0\0\0\0\0\xb7\x02\0\0\x99\x01\0\0\x2d\x12\xd5\
\x02\0\0\0\0\xbf\x61\0\0\0\0\0\0\x61\x12\x28\0\0\0\0\0\xb7\x03\0\0\0\0\0\0\x85\
\0\0\0\x0d\0\0\0\x79\x71\0\0\0\0\0\0\xb7\x02\0\0\x9a\x01\0\0\x2d\x12\xce\x02\0\
\0\0\0\xbf\x61\0\0\0\0\0\0\x61\x12\x28\0\0\0\0\0\xb7\x03\0\0\0\0\0\0\x85\0\0\0\
\x0d\0\0\0\x79\x71\0\0\0\0\0\0\xb7\x02\0\0\x9b\x01\0\0\x2d\x12\xc7\x02\0\0\0\0\
\xbf\x61\0\0\0\0\0\0\x61\x12\x28\0\0\0\0\0\xb7\x03\0\0\0\0\0\0\x85\0\0\0\x0d\0\
\0\0\x79\x71\0\0\0\0\0\0\xb7\x02\0\0\x9c\x01\0\0\x2d\x12\xc0\x02\0\0\0\0\xbf\
\x61\0\0\0\0\0\0\x61\x12\x28\0\0\0\0\0\xb7\x03\0\0\0\0\0\0\x85\0\0\0\x0d\0\0\0\
\x79\x71\0\0\0\0\0\0\xb7\x02\0\0\x9d\x01\0\0\x2d\x12\xb9\x02\0\0\0\0\xbf\x61\0\
\0\0\0\0\0\x61\x12\x28\0\0\0\0\0\xb7\x03\0\0\0\0\0\0\x85\0\0\0\x0d\0\0\0\x79\
\x71\0\0\0\0\0\0\xb7\x02\0\0\x9e\x01\0\0\x2d\x12\xb2\x02\0\0\0\0\xbf\x61\0\0\0\
\0\0\0\x61\x12\x28\0\0\0\0\0\xb7\x03\0\0\0\0\0\0\x85\0\0\0\x0d\0\0\0\x79\x71\0\
\0\0\0\0\0\xb7\x02\0\0\x9f\x01\0\0\x2d\x12\xab\x02\0\0\0\0\xbf\x61\0\0\0\0\0\0\
\x61\x12\x28\0\0\0\0\0\xb7\x03\0\0\0\0\0\0\x85\0\0\0\x0d\0\0\0\x79\x71\0\0\0\0\
\0\0\xb7\x02\0\0\xa0\x01\0\0\x2d\x12\xa4\x02\0\0\0\0\xbf\x61\0\0\0\0\0\0\x61\
\x12\x28\0\0\0\0\0\xb7\x03\0\0\0\0\0\0\x85\0\0\0\x0d\0\0\0\x79\x71\0\0\0\0\0\0\
\xb7\x02\0\0\xa1\x01\0\0\x2d\x12\x9d\x02\0\0\0\0\xbf\x61\0\0\0\0\0\0\x61\x12\
\x28\0\0\0\0\0\xb7\x03\0\0\0\0\0\0\x85\0\0\0\x0d\0\0\0\x79\x71\0\0\0\0\0\0\xb7\
\x02\0\0\xa2\x01\0\0\x2d\x12\x96\x02\0\0\0\0\xbf\x61\0\0\0\0\0\0\x61\x12\x28\0\
\0\0\0\0\xb7\x03\0\0\0\0\0\0\x85\0\0\0\x0d\0\0\0\x79\x71\0\0\0\0\0\0\xb7\x02\0\
\0\xa3\x01\0\0\x2d\x12\x8f\x02\0\0\0\0\xbf\x61\0\0\0\0\0\0\x61\x12\x28\0\0\0\0\
\0\xb7\x03\0\0\0\0\0\0\x85\0\0\0\x0d\0\0\0\x79\x71\0\0\0\0\0\0\xb7\x02\0\0\xa4\
\x01\0\0\x2d\x12\x88\x02\0\0\0\0\xbf\x61\0\0\0\0\0\0\x61\x12\x28\0\0\0\0\0\xb7\
\x03\0\0\0\0\0\0\x85\0\0\0\x0d\0\0\0\x79\x71\0\0\0\0\0\0\xb7\x02\0\0\xa5\x01\0\
\0\x2d\x12\x81\x02\0\0\0\0\xbf\x61\0\0\0\0\0\0\x61\x12\x28\0\0\0\0\0\xb7\x03\0\
\0\0\0\0\0\x85\0\0\0\x0d\0\0\0\x79\x71\0\0\0\0\0\0\xb7\x02\0\0\xa6\x01\0\0\x2d\
\x12\x7a\x02\0\0\0\0\xbf\x61\0\0\0\0\0\0\x61\x12\x28\0\0\0\0\0\xb7\x03\0\0\0\0\
\0\0\x85\0\0\0\x0d\0\0\0\x79\x71\0\0\0\0\0\0\xb7\x02\0\0\xa7\x01\0\0\x2d\x12\
\x73\x02\0\0\0\0\xbf\x61\0\0\0\0\0\0\x61\x12\x28\0\0\0\0\0\xb7\x03\0\0\0\0\0\0\
\x85\0\0\0\x0d\0\0\0\x79\x71\0\0\0\0\0\0\xb7\x02\0\0\xa8\x01\0\0\x2d\x12\x6c\
\x02\0\0\0\0\xbf\x61\0\0\0\0\0\0\x61\x12\x28\0\0\0\0\0\xb7\x03\0\0\0\0\0\0\x85\
\0\0\0\x0d\0\0\0\x79\x71\0\0\0\0\0\0\xb7\x02\0\0\xa9\x01\0\0\x2d\x12\x65\x02\0\
\0\0\0\xbf\x61\0\0\0\0\0\0\x61\x12\x28\0\0\0\0\0\xb7\x03\0\0\0\0\0\0\x85\0\0\0\
\x0d\0\0\0\x79\x71\0\0\0\0\0\0\xb7\x02\0\0\xaa\x01\0\0\x2d\x12\x5e\x02\0\0\0\0\
\xbf\x61\0\0\0\0\0\0\x61\x12\x28\0\0\0\0\0\xb7\x03\0\0\0\0\0\0\x85\0\0\0\x0d\0\
\0\0\x79\x71\0\0\0\0\0\0\xb7\x02\0\0\xab\x01\0\0\x2d\x12\x57\x02\0\0\0\0\xbf\
\x61\0\0\0\0\0\0\x61\x12\x28\0\0\0\0\0\xb7\x03\0\0\0\0\0\0\x85\0\0\0\x0d\0\0\0\
\x79\x71\0\0\0\0\0\0\xb7\x02\0\0\xac\x01\0\0\x2d\x12\x50\x02\0\0\0\0\xbf\x61\0\
\0\0\0\0\0\x61\x12\x28\0\0\0\0\0\xb7\x03\0\0\0\0\0\0\x85\0\0\0\x0d\0\0\0\x79\
\x71\0\0\0\0\0\0\xb7\x02\0\0\xad\x01\0\0\x2d\x12\x49\x02\0\0\0\0\xbf\x61\0\0\0\
\0\0\0\x61\x12\x28\0\0\0\0\0\xb7\x03\0\0\0\0\0\0\x85\0\0\0\x0d\0\0\0\x79\x71\0\
\0\0\0\0\0\xb7\x02\0\0\xae\x01\0\0\x2d\x12\x42\x02\0\0\0\0\xbf\x61\0\0\0\0\0\0\
\x61\x12\x28\0\0\0\0\0\xb7\x03\0\0\0\0\0\0\x85\0\0\0\x0d\0\0\0\x79\x71\0\0\0\0\
\0\0\xb7\x02\0\0\xaf\x01\0\0\x2d\x12\x3b\x02\0\0\0\0\xbf\x61\0\0\0\0\0\0\x61\
\x12\x28\0\0\0\0\0\xb7\x03\0\0\0\0\0\0\x85\0\0\0\x0d\0\0\0\x79\x71\0\0\0\0\0\0\
\xb7\x02\0\0\xb0\x01\0\0\x2d\x12\x34\x02\0\0\0\0\xbf\x61\0\0\0\0\0\0\x61\x12\
\x28\0\0\0\0\0\xb7\x03\0\0\0\0\0\0\x85\0\0\0\x0d\0\0\0\x79\x71\0\0\0\0\0\0\xb7\
\x02\0\0\xb1\x01\0\0\x2d\x12\x2d\x02\0\0\0\0\xbf\x61\0\0\0\0\0\0\x61\x12\x28\0\
\0\0\0\0\xb7\x03\0\0\0\0\0\0\x85\0\0\0\x0d\0\0\0\x79\x71\0\0\0\0\0\0\xb7\x02\0\
\0\xb2\x01\0\0\x2d\x12\x26\x02\0\0\0\0\xbf\x61\0\0\0\0\0\0\x61\x12\x28\0\0\0\0\
\0\xb7\x03\0\0\0\0\0\0\x85\0\0\0\x0d\0\0\0\x79\x71\0\0\0\0\0\0\xb7\x02\0\0\xb3\
\x01\0\0\x2d\x12\x1f\x02\0\0\0\0\xbf\x61\0\0\0\0\0\0\x61\x12\x28\0\0\0\0\0\xb7\
\x03\0\0\0\0\0\0\x85\0\0\0\x0d\0\0\0\x79\x71\0\0\0\0\0\0\xb7\x02\0\0\xb4\x01\0\
\0\x2d\x12\x18\x02\0\0\0\0\xbf\x61\0\0\0\0\0\0\x61\x12\x28\0\0\0\0\0\xb7\x03\0\
\0\0\0\0\0\x85\0\0\0\x0d\0\0\0\x79\x71\0\0\0\0\0\0\xb7\x02\0\0\xb5\x01\0\0\x2d\
\x12\x11\x02\0\0\0\0\xbf\x61\0\0\0\0\0\0\x61\x12\x28\0\0\0\0\0\xb7\x03\0\0\0\0\
\0\0\x85\0\0\0\x0d\0\0\0\x79\x71\0\0\0\0\0\0\xb7\x02\0\0\xb6\x01\0\0\x2d\x12\
\x0a\x02\0\0\0\0\xbf\x61\0\0\0\0\0\0\x61\x12\x28\0\0\0\0\0\xb7\x03\0\0\0\0\0\0\
\x85\0\0\0\x0d\0\0\0\x79\x71\0\0\0\0\0\0\xb7\x02\0\0\xb7\x01\0\0\x2d\x12\x03\
\x02\0\0\0\0\xbf\x61\0\0\0\0\0\0\x61\x12\x28\0\0\0\0\0\xb7\x03\0\0\0\0\0\0\x85\
\0\0\0\x0d\0\0\0\x79\x71\0\0\0\0\0\0\xb7\x02\0\0\xb8\x01\0\0\x2d\x12\xfc\x01\0\
\0\0\0\xbf\x61\0\0\0\0\0\0\x61\x12\x28\0\0\0\0\0\xb7\x03\0\0\0\0\0\0\x85\0\0\0\
\x0d\0\0\0\x79\x71\0\0\0\0\0\0\xb7\x02\0\0\xb9\x01\0\0\x2d\x12\xf5\x01\0\0\0\0\
\xbf\x61\0\0\0\0\0\0\x61\x12\x28\0\0\0\0\0\xb7\x03\0\0\0\0\0\0\x85\0\0\0\x0d\0\
\0\0\x79\x71\0\0\0\0\0\0\xb7\x02\0\0\xba\x01\0\0\x2d\x12\xee\x01\0\0\0\0\xbf\
\x61\0\0\0\0\0\0\x61\x12\x28\0\0\0\0\0\xb7\x03\0\0\0\0\0\0\x85\0\0\0\x0d\0\0\0\
\x79\x71\0\0\0\0\0\0\xb7\x02\0\0\xbb\x01\0\0\x2d\x12\xe7\x01\0\0\0\0\xbf\x61\0\
\0\0\0\0\0\x61\x12\x28\0\0\0\0\0\xb7\x03\0\0\0\0\0\0\x85\0\0\0\x0d\0\0\0\x79\
\x71\0\0\0\0\0\0\xb7\x02\0\0\xbc\x01\0\0\x2d\x12\xe0\x01\0\0\0\0\xbf\x61\0\0\0\
\0\0\0\x61\x12\x28\0\0\0\0\0\xb7\x03\0\0\0\0\0\0\x85\0\0\0\x0d\0\0\0\x79\x71\0\
\0\0\0\0\0\xb7\x02\0\0\xbd\x01\0\0\x2d\x12\xd9\x01\0\0\0\0\xbf\x61\0\0\0\0\0\0\
\x61\x12\x28\0\0\0\0\0\xb7\x03\0\0\0\0\0\0\x85\0\0\0\x0d\0\0\0\x79\x71\0\0\0\0\
\0\0\xb7\x02\0\0\xbe\x01\0\0\x2d\x12\xd2\x01\0\0\0\0\xbf\x61\0\0\0\0\0\0\x61\
\x12\x28\0\0\0\0\0\xb7\x03\0\0\0\0\0\0\x85\0\0\0\x0d\0\0\0\x79\x71\0\0\0\0\0\0\
\xb7\x02\0\0\xbf\x01\0\0\x2d\x12\xcb\x01\0\0\0\0\xbf\x61\0\0\0\0\0\0\x61\x12\
\x28\0\0\0\0\0\xb7\x03\0\0\0\0\0\0\x85\0\0\0\x0d\0\0\0\x79\x71\0\0\0\0\0\0\xb7\
\x02\0\0\xc0\x01\0\0\x2d\x12\xc4\x01\0\0\0\0\xbf\x61\0\0\0\0\0\0\x61\x12\x28\0\
\0\0\0\0\xb7\x03\0\0\0\0\0\0\x85\0\0\0\x0d\0\0\0\x79\x71\0\0\0\0\0\0\xb7\x02\0\
\0\xc1\x01\0\0\x2d\x12\xbd\x01\0\0\0\0\xbf\x61\0\0\0\0\0\0\x61\x12\x28\0\0\0\0\
\0\xb7\x03\0\0\0\0\0\0\x85\0\0\0\x0d\0\0\0\x79\x71\0\0\0\0\0\0\xb7\x02\0\0\xc2\
\x01\0\0\x2d\x12\xb6\x01\0\0\0\0\xbf\x61\0\0\0\0\0\0\x61\x12\x28\0\0\0\0\0\xb7\
\x03\0\0\0\0\0\0\x85\0\0\0\x0d\0\0\0\x79\x71\0\0\0\0\0\0\xb7\x02\0\0\xc3\x01\0\
\0\x2d\x12\xaf\x01\0\0\0\0\xbf\x61\0\0\0\0\0\0\x61\x12\x28\0\0\0\0\0\xb7\x03\0\
\0\0\0\0\0\x85\0\0\0\x0d\0\0\0\x79\x71\0\0\0\0\0\0\xb7\x02\0\0\xc4\x01\0\0\x2d\
\x12\xa8\x01\0\0\0\0\xbf\x61\0\0\0\0\0\0\x61\x12\x28\0\0\0\0\0\xb7\x03\0\0\0\0\
\0\0\x85\0\0\0\x0d\0\0\0\x79\x71\0\0\0\0\0\0\xb7\x02\0\0\xc5\x01\0\0\x2d\x12\
\xa1\x01\0\0\0\0\xbf\x61\0\0\0\0\0\0\x61\x12\x28\0\0\0\0\0\xb7\x03\0\0\0\0\0\0\
\x85\0\0\0\x0d\0\0\0\x79\x71\0\0\0\0\0\0\xb7\x02\0\0\xc6\x01\0\0\x2d\x12\x9a\
\x01\0\0\0\0\xbf\x61\0\0\0\0\0\0\x61\x12\x28\0\0\0\0\0\xb7\x03\0\0\0\0\0\0\x85\
\0\0\0\x0d\0\0\0\x79\x71\0\0\0\0\0\0\xb7\x02\0\0\xc7\x01\0\0\x2d\x12\x93\x01\0\
\0\0\0\xbf\x61\0\0\0\0\0\0\x61\x12\x28\0\0\0\0\0\xb7\x03\0\0\0\0\0\0\x85\0\0\0\
\x0d\0\0\0\x79\x71\0\0\0\0\0\0\xb7\x02\0\0\xc8\x01\0\0\x2d\x12\x8c\x01\0\0\0\0\
\xbf\x61\0\0\0\0\0\0\x61\x12\x28\0\0\0\0\0\xb7\x03\0\0\0\0\0\0\x85\0\0\0\x0d\0\
\0\0\x79\x71\0\0\0\0\0\0\xb7\x02\0\0\xc9\x01\0\0\x2d\x12\x85\x01\0\0\0\0\xbf\
\x61\0\0\0\0\0\0\x61\x12\x28\0\0\0\0\0\xb7\x03\0\0\0\0\0\0\x85\0\0\0\x0d\0\0\0\
\x79\x71\0\0\0\0\0\0\xb7\x02\0\0\xca\x01\0\0\x2d\x12\x7e\x01\0\0\0\0\xbf\x61\0\
\0\0\0\0\0\x61\x12\x28\0\0\0\0\0\xb7\x03\0\0\0\0\0\0\x85\0\0\0\x0d\0\0\0\x79\
\x71\0\0\0\0\0\0\xb7\x02\0\0\xcb\x01\0\0\x2d\x12\x77\x01\0\0\0\0\xbf\x61\0\0\0\
\0\0\0\x61\x12\x28\0\0\0\0\0\xb7\x03\0\0\0\0\0\0\x85\0\0\0\x0d\0\0\0\x79\x71\0\
\0\0\0\0\0\xb7\x02\0\0\xcc\x01\0\0\x2d\x12\x70\x01\0\0\0\0\xbf\x61\0\0\0\0\0\0\
\x61\x12\x28\0\0\0\0\0\xb7\x03\0\0\0\0\0\0\x85\0\0\0\x0d\0\0\0\x79\x71\0\0\0\0\
\0\0\xb7\x02\0\0\xcd\x01\0\0\x2d\x12\x69\x01\0\0\0\0\xbf\x61\0\0\0\0\0\0\x61\
\x12\x28\0\0\0\0\0\xb7\x03\0\0\0\0\0\0\x85\0\0\0\x0d\0\0\0\x79\x71\0\0\0\0\0\0\
\xb7\x02\0\0\xce\x01\0\0\x2d\x12\x62\x01\0\0\0\0\xbf\x61\0\0\0\0\0\0\x61\x12\
\x28\0\0\0\0\0\xb7\x03\0\0\0\0\0\0\x85\0\0\0\x0d\0\0\0\x79\x71\0\0\0\0\0\0\xb7\
\x02\0\0\xcf\x01\0\0\x2d\x12\x5b\x01\0\0\0\0\xbf\x61\0\0\0\0\0\0\x61\x12\x28\0\
\0\0\0\0\xb7\x03\0\0\0\0\0\0\x85\0\0\0\x0d\0\0\0\x79\x71\0\0\0\0\0\0\xb7\x02\0\
\0\xd0\x01\0\0\x2d\x12\x54\x01\0\0\0\0\xbf\x61\0\0\0\0\0\0\x61\x12\x28\0\0\0\0\
\0\xb7\x03\0\0\0\0\0\0\x85\0\0\0\x0d\0\0\0\x79\x71\0\0\0\0\0\0\xb7\x02\0\0\xd1\
\x01\0\0\x2d\x12\x4d\x01\0\0\0\0\xbf\x61\0\0\0\0\0\0\x61\x12\x28\0\0\0\0\0\xb7\
\x03\0\0\0\0\0\0\x85\0\0\0\x0d\0\0\0\x79\x71\0\0\0\0\0\0\xb7\x02\0\0\xd2\x01\0\
\0\x2d\x12\x46\x01\0\0\0\0\xbf\x61\0\0\0\0\0\0\x61\x12\x28\0\0\0\0\0\xb7\x03\0\
\0\0\0\0\0\x85\0\0\0\x0d\0\0\0\x79\x71\0\0\0\0\0\0\xb7\x02\0\0\xd3\x01\0\0\x2d\
\x12\x3f\x01\0\0\0\0\xbf\x61\0\0\0\0\0\0\x61\x12\x28\0\0\0\0\0\xb7\x03\0\0\0\0\
\0\0\x85\0\0\0\x0d\0\0\0\x79\x71\0\0\0\0\0\0\xb7\x02\0\0\xd4\x01\0\0\x2d\x12\
\x38\x01\0\0\0\0\xbf\x61\0\0\0\0\0\0\x61\x12\x28\0\0\0\0\0\xb7\x03\0\0\0\0\0\0\
\x85\0\0\0\x0d\0\0\0\x79\x71\0\0\0\0\0\0\xb7\x02\0\0\xd5\x01\0\0\x2d\x12\x31\
\x01\0\0\0\0\xbf\x61\0\0\0\0\0\0\x61\x12\x28\0\0\0\0\0\xb7\x03\0\0\0\0\0\0\x85\
\0\0\0\x0d\0\0\0\x79\x71\0\0\0\0\0\0\xb7\x02\0\0\xd6\x01\0\0\x2d\x12\x2a\x01\0\
\0\0\0\xbf\x61\0\0\0\0\0\0\x61\x12\x28\0\0\0\0\0\xb7\x03\0\0\0\0\0\0\x85\0\0\0\
\x0d\0\0\0\x79\x71\0\0\0\0\0\0\xb7\x02\0\0\xd7\x01\0\0\x2d\x12\x23\x01\0\0\0\0\
\xbf\x61\0\0\0\0\0\0\x61\x12\x28\0\0\0\0\0\xb7\x03\0\0\0\0\0\0\x85\0\0\0\x0d\0\
\0\0\x79\x71\0\0\0\0\0\0\xb7\x02\0\0\xd8\x01\0\0\x2d\x12\x1c\x01\0\0\0\0\xbf\
\x61\0\0\0\0\0\0\x61\x12\x28\0\0\0\0\0\xb7\x03\0\0\0\0\0\0\x85\0\0\0\x0d\0\0\0\
\x79\x71\0\0\0\0\0\0\xb7\x02\0\0\xd9\x01\0\0\x2d\x12\x15\x01\0\0\0\0\xbf\x61\0\
\0\0\0\0\0\x61\x12\x28\0\0\0\0\0\xb7\x03\0\0\0\0\0\0\x85\0\0\0\x0d\0\0\0\x79\
\x71\0\0\0\0\0\0\xb7\x02\0\0\xda\x01\0\0\x2d\x12\x0e\x01\0\0\0\0\xbf\x61\0\0\0\
\0\0\0\x61\x12\x28\0\0\0\0\0\xb7\x03\0\0\0\0\0\0\x85\0\0\0\x0d\0\0\0\x79\x71\0\
\0\0\0\0\0\xb7\x02\0\0\xdb\x01\0\0\x2d\x12\x07\x01\0\0\0\0\xbf\x61\0\0\0\0\0\0\
\x61\x12\x28\0\0\0\0\0\xb7\x03\0\0\0\0\0\0\x85\0\0\0\x0d\0\0\0\x79\x71\0\0\0\0\
\0\0\xb7\x02\0\0\xdc\x01\0\0\x2d\x12\0\x01\0\0\0\0\xbf\x61\0\0\0\0\0\0\x61\x12\
\x28\0\0\0\0\0\xb7\x03\0\0\0\0\0\0\x85\0\0\0\x0d\0\0\0\x79\x71\0\0\0\0\0\0\xb7\
\x02\0\0\xdd\x01\0\0\x2d\x12\xf9\0\0\0\0\0\xbf\x61\0\0\0\0\0\0\x61\x12\x28\0\0\
\0\0\0\xb7\x03\0\0\0\0\0\0\x85\0\0\0\x0d\0\0\0\x79\x71\0\0\0\0\0\0\xb7\x02\0\0\
\xde\x01\0\0\x2d\x12\xf2\0\0\0\0\0\xbf\x61\0\0\0\0\0\0\x61\x12\x28\0\0\0\0\0\
\xb7\x03\0\0\0\0\0\0\x85\0\0\0\x0d\0\0\0\x79\x71\0\0\0\0\0\0\xb7\x02\0\0\xdf\
\x01\0\0\x2d\x12\xeb\0\0\0\0\0\xbf\x61\0\0\0\0\0\0\x61\x12\x28\0\0\0\0\0\xb7\
\x03\0\0\0\0\0\0\x85\0\0\0\x0d\0\0\0\x79\x71\0\0\0\0\0\0\xb7\x02\0\0\xe0\x01\0\
\0\x2d\x12\xe4\0\0\0\0\0\xbf\x61\0\0\0\0\0\0\x61\x12\x28\0\0\0\0\0\xb7\x03\0\0\
\0\0\0\0\x85\0\0\0\x0d\0\0\0\x79\x71\0\0\0\0\0\0\xb7\x02\0\0\xe1\x01\0\0\x2d\
\x12\xdd\0\0\0\0\0\xbf\x61\0\0\0\0\0\0\x61\x12\x28\0\0\0\0\0\xb7\x03\0\0\0\0\0\
\0\x85\0\0\0\x0d\0\0\0\x79\x71\0\0\0\0\0\0\xb7\x02\0\0\xe2\x01\0\0\x2d\x12\xd6\
\0\0\0\0\0\xbf\x61\0\0\0\0\0\0\x61\x12\x28\0\0\0\0\0\xb7\x03\0\0\0\0\0\0\x85\0\
\0\0\x0d\0\0\0\x79\x71\0\0\0\0\0\0\xb7\x02\0\0\xe3\x01\0\0\x2d\x12\xcf\0\0\0\0\
\0\xbf\x61\0\0\0\0\0\0\x61\x12\x28\0\0\0\0\0\xb7\x03\0\0\0\0\0\0\x85\0\0\0\x0d\
\0\0\0\x79\x71\0\0\0\0\0\0\xb7\x02\0\0\xe4\x01\0\0\x2d\x12\xc8\0\0\0\0\0\xbf\
\x61\0\0\0\0\0\0\x61\x12\x28\0\0\0\0\0\xb7\x03\0\0\0\0\0\0\x85\0\0\0\x0d\0\0\0\
\x79\x71\0\0\0\0\0\0\xb7\x02\0\0\xe5\x01\0\0\x2d\x12\xc1\0\0\0\0\0\xbf\x61\0\0\
\0\0\0\0\x61\x12\x28\0\0\0\0\0\xb7\x03\0\0\0\0\0\0\x85\0\0\0\x0d\0\0\0\x79\x71\
\0\0\0\0\0\0\xb7\x02\0\0\xe6\x01\0\0\x2d\x12\xba\0\0\0\0\0\xbf\x61\0\0\0\0\0\0\
\x61\x12\x28\0\0\0\0\0\xb7\x03\0\0\0\0\0\0\x85\0\0\0\x0d\0\0\0\x79\x71\0\0\0\0\
\0\0\xb7\x02\0\0\xe7\x01\0\0\x2d\x12\xb3\0\0\0\0\0\xbf\x61\0\0\0\0\0\0\x61\x12\
\x28\0\0\0\0\0\xb7\x03\0\0\0\0\0\0\x85\0\0\0\x0d\0\0\0\x79\x71\0\0\0\0\0\0\xb7\
\x02\0\0\xe8\x01\0\0\x2d\x12\xac\0\0\0\0\0\xbf\x61\0\0\0\0\0\0\x61\x12\x28\0\0\
\0\0\0\xb7\x03\0\0\0\0\0\0\x85\0\0\0\x0d\0\0\0\x79\x71\0\0\0\0\0\0\xb7\x02\0\0\
\xe9\x01\0\0\x2d\x12\xa5\0\0\0\0\0\xbf\x61\0\0\0\0\0\0\x61\x12\x28\0\0\0\0\0\
\xb7\x03\0\0\0\0\0\0\x85\0\0\0\x0d\0\0\0\x79\x71\0\0\0\0\0\0\xb7\x02\0\0\xea\
\x01\0\0\x2d\x12\x9e\0\0\0\0\0\xbf\x61\0\0\0\0\0\0\x61\x12\x28\0\0\0\0\0\xb7\
\x03\0\0\0\0\0\0\x85\0\0\0\x0d\0\0\0\x79\x71\0\0\0\0\0\0\xb7\x02\0\0\xeb\x01\0\
\0\x2d\x12\x97\0\0\0\0\0\xbf\x61\0\0\0\0\0\0\x61\x12\x28\0\0\0\0\0\xb7\x03\0\0\
\0\0\0\0\x85\0\0\0\x0d\0\0\0\x79\x71\0\0\0\0\0\0\xb7\x02\0\0\xec\x01\0\0\x2d\
\x12\x90\0\0\0\0\0\xbf\x61\0\0\0\0\0\0\x61\x12\x28\0\0\0\0\0\xb7\x03\0\0\0\0\0\
\0\x85\0\0\0\x0d\0\0\0\x79\x71\0\0\0\0\0\0\xb7\x02\0\0\xed\x01\0\0\x2d\x12\x89\
\0\0\0\0\0\xbf\x61\0\0\0\0\0\0\x61\x12\x28\0\0\0\0\0\xb7\x03\0\0\0\0\0\0\x85\0\
\0\0\x0d\0\0\0\x79\x71\0\0\0\0\0\0\xb7\x02\0\0\xee\x01\0\0\x2d\x12\x82\0\0\0\0\
\0\xbf\x61\0\0\0\0\0\0\x61\x12\x28\0\0\0\0\0\xb7\x03\0\0\0\0\0\0\x85\0\0\0\x0d\
\0\0\0\x79\x71\0\0\0\0\0\0\xb7\x02\0\0\xef\x01\0\0\x2d\x12\x7b\0\0\0\0\0\xbf\
\x61\0\0\0\0\0\0\x61\x12\x28\0\0\0\0\0\xb7\x03\0\0\0\0\0\0\x85\0\0\0\x0d\0\0\0\
\x79\x71\0\0\0\0\0\0\xb7\x02\0\0\xf0\x01\0\0\x2d\x12\x74\0\0\0\0\0\xbf\x61\0\0\
\0\0\0\0\x61\x12\x28\0\0\0\0\0\xb7\x03\0\0\0\0\0\0\x85\0\0\0\x0d\0\0\0\x79\x71\
\0\0\0\0\0\0\xb7\x02\0\0\xf1\x01\0\0\x2d\x12\x6d\0\0\0\0\0\xbf\x61\0\0\0\0\0\0\
\x61\x12\x28\0\0\0\0\0\xb7\x03\0\0\0\0\0\0\x85\0\0\0\x0d\0\0\0\x79\x71\0\0\0\0\
\0\0\xb7\x02\0\0\xf2\x01\0\0\x2d\x12\x66\0\0\0\0\0\xbf\x61\0\0\0\0\0\0\x61\x12\
\x28\0\0\0\0\0\xb7\x03\0\0\0\0\0\0\x85\0\0\0\x0d\0\0\0\x79\x71\0\0\0\0\0\0\xb7\
\x02\0\0\xf3\x01\0\0\x2d\x12\x5f\0\0\0\0\0\xbf\x61\0\0\0\0\0\0\x61\x12\x28\0\0\
\0\0\0\xb7\x03\0\0\0\0\0\0\x85\0\0\0\x0d\0\0\0\x79\x71\0\0\0\0\0\0\xb7\x02\0\0\
\xf4\x01\0\0\x2d\x12\x58\0\0\0\0\0\xbf\x61\0\0\0\0\0\0\x61\x12\x28\0\0\0\0\0\
\xb7\x03\0\0\0\0\0\0\x85\0\0\0\x0d\0\0\0\x79\x71\0\0\0\0\0\0\xb7\x02\0\0\xf5\
\x01\0\0\x2d\x12\x51\0\0\0\0\0\xbf\x61\0\0\0\0\0\0\x61\x12\x28\0\0\0\0\0\xb7\
\x03\0\0\0\0\0\0\x85\0\0\0\x0d\0\0\0\x79\x71\0\0\0\0\0\0\xb7\x02\0\0\xf6\x01\0\
\0\x2d\x12\x4a\0\0\0\0\0\xbf\x61\0\0\0\0\0\0\x61\x12\x28\0\0\0\0\0\xb7\x03\0\0\
\0\0\0\0\x85\0\0\0\x0d\0\0\0\x79\x71\0\0\0\0\0\0\xb7\x02\0\0\xf7\x01\0\0\x2d\
\x12\x43\0\0\0\0\0\xbf\x61\0\0\0\0\0\0\x61\x12\x28\0\0\0\0\0\xb7\x03\0\0\0\0\0\
\0\x85\0\0\0\x0d\0\0\0\x79\x71\0\0\0\0\0\0\xb7\x02\0\0\xf8\x01\0\0\x2d\x12\x3c\
\0\0\0\0\0\xbf\x61\0\0\0\0\0\0\x61\x12\x28\0\0\0\0\0\xb7\x03\0\0\0\0\0\0\x85\0\
\0\0\x0d\0\0\0\x79\x71\0\0\0\0\0\0\xb7\x02\0\0\xf9\x01\0\0\x2d\x12\x35\0\0\0\0\
\0\xbf\x61\0\0\0\0\0\0\x61\x12\x28\0\0\0\0\0\xb7\x03\0\0\0\0\0\0\x85\0\0\0\x0d\
\0\0\0\x79\x71\0\0\0\0\0\0\xb7\x02\0\0\xfa\x01\0\0\x2d\x12\x2e\0\0\0\0\0\xbf\
\x61\0\0\0\0\0\0\x61\x12\x28\0\0\0\0\0\xb7\x03\0\0\0\0\0\0\x85\0\0\0\x0d\0\0\0\
\x79\x71\0\0\0\0\0\0\xb7\x02\0\0\xfb\x01\0\0\x2d\x12\x27\0\0\0\0\0\xbf\x61\0\0\
\0\0\0\0\x61\x12\x28\0\0\0\0\0\xb7\x03\0\0\0\0\0\0\x85\0\0\0\x0d\0\0\0\x79\x71\
\0\0\0\0\0\0\xb7\x02\0\0\xfc\x01\0\0\x2d\x12\x20\0\0\0\0\0\xbf\x61\0\0\0\0\0\0\
\x61\x12\x28\0\0\0\0\0\xb7\x03\0\0\0\0\0\0\x85\0\0\0\x0d\0\0\0\x79\x71\0\0\0\0\
\0\0\xb7\x02\0\0\xfd\x01\0\0\x2d\x12\x19\0\0\0\0\0\xbf\x61\0\0\0\0\0\0\x61\x12\
\x28\0\0\0\0\0\xb7\x03\0\0\0\0\0\0\x85\0\0\0\x0d\0\0\0\x79\x71\0\0\0\0\0\0\xb7\
\x02\0\0\xfe\x01\0\0\x2d\x12\x12\0\0\0\0\0\xbf\x61\0\0\0\0\0\0\x61\x12\x28\0\0\
\0\0\0\xb7\x03\0\0\0\0\0\0\x85\0\0\0\x0d\0\0\0\x79\x71\0\0\0\0\0\0\xb7\x02\0\0\
\xff\x01\0\0\x2d\x12\x0b\0\0\0\0\0\xbf\x61\0\0\0\0\0\0\x61\x12\x28\0\0\0\0\0\
\xb7\x03\0\0\0\0\0\0\x85\0\0\0\x0d\0\0\0\x79\x71\0\0\0\0\0\0\xb7\x02\0\0\0\x02\
\0\0\x2d\x12\x04\0\0\0\0\0\xbf\x61\0\0\0\0\0\0\x61\x12\x28\0\0\0\0\0\xb7\x03\0\
\0\0\0\0\0\x85\0\0\0\x0d\0\0\0\x61\x63\x4c\0\0\0\0\0\x61\x62\x50\0\0\0\0\0\xbf\
\x31\0\0\0\0\0\0\x07\x01\0\0\x0e\0\0\0\xb7\0\0\0\x02\0\0\0\x2d\x21\x12\0\0\0\0\
\0\x07\x03\0\0\x22\0\0\0\x2d\x23\x10\0\0\0\0\0\x71\x13\0\0\0\0\0\0\x67\x03\0\0\
\x02\0\0\0\x57\x03\0\0\x3c\0\0\0\x0f\x31\0\0\0\0\0\0\x2d\x21\x0b\0\0\0\0\0\xbf\
\x13\0\0\0\0\0\0\x07\x03\0\0\x08\0\0\0\x2d\x23\x08\0\0\0\0\0\xbf\x13\0\0\0\0\0\
\0\x07\x03\0\0\x1a\0\0\0\x2d\x23\x05\0\0\0\0\0\xb7\x02\0\0\xab\0\0\0\x73\x21\
\x0a\0\0\0\0\0\x61\x61\x28\0\0\0\0\0\xb7\x02\0\0\0\0\0\0\x85\0\0\0\x17\0\0\0\
\x95\0\0\0\0\0\0\0\x47\x50\x4c\0\0\0\0\0\x04\0\0\0\0\0\0\0\x0f\x16\0\0\x05\0\
\x08\0\x09\0\0\0\x24\0\0\0\x2b\0\0\0\x35\0\0\0\x44\0\0\0\x54\0\0\0\x5b\0\0\0\
\x63\0\0\0\x74\0\0\0\x85\0\0\0\x04\0\x88\x02\x01\x51\0\x04\xa0\xe2\x01\xd0\xe2\
\x01\x01\x53\0\x04\x18\x78\x01\x54\x04\xa8\xe2\x01\xd0\xe2\x01\x01\x53\0\x04\
\x18\xc8\x02\x01\x53\x04\xa8\xe2\x01\xb8\xe3\x01\x01\x52\0\x04\x50\xb0\x01\x01\
\x52\0\x04\x90\x01\xa8\x01\x01\x54\0\x04\xb0\x01\xc0\x02\x01\x52\x04\xf8\xe2\
\x01\xc8\xe3\x01\x01\x51\0\x04\xb0\x01\xc0\x02\x01\x52\x04\xf8\xe2\x01\xc8\xe3\
\x01\x01\x51\0\x04\x90\x02\xd0\x02\x03\x11\0\x9f\x04\xd0\x02\x88\x03\x03\x11\
\x01\x9f\x04\x88\x03\xc0\x03\x03\x11\x02\x9f\x04\xc0\x03\xf8\x03\x03\x11\x03\
\x9f\x04\xf8\x03\xb0\x04\x03\x11\x04\x9f\x04\xb0\x04\xe8\x04\x03\x11\x05\x9f\
\x04\xe8\x04\xa0\x05\x03\x11\x06\x9f\x04\xa0\x05\xd8\x05\x03\x11\x07\x9f\x04\
\xd8\x05\x90\x06\x03\x11\x08\x9f\x04\x90\x06\xc8\x06\x03\x11\x09\x9f\x04\xc8\
\x06\x80\x07\x03\x11\x0a\x9f\x04\x80\x07\xb8\x07\x03\x11\x0b\x9f\x04\xb8\x07\
\xf0\x07\x03\x11\x0c\x9f\x04\xf0\x07\xa8\x08\x03\x11\x0d\x9f\x04\xa8\x08\xe0\
\x08\x03\x11\x0e\x9f\x04\xe0\x08\x98\x09\x03\x11\x0f\x9f\x04\x98\x09\xd0\x09\
\x03\x11\x10\x9f\x04\xd0\x09\x88\x0a\x03\x11\x11\x9f\x04\x88\x0a\xc0\x0a\x03\
\x11\x12\x9f\x04\xc0\x0a\xf8\x0a\x03\x11\x13\x9f\x04\xf8\x0a\xb0\x0b\x03\x11\
\x14\x9f\x04\xb0\x0b\xe8\x0b\x03\x11\x15\x9f\x04\xe8\x0b\xa0\x0c\x03\x11\x16\
\x9f\x04\xa0\x0c\xd8\x0c\x03\x11\x17\x9f\x04\xd8\x0c\x90\x0d\x03\x11\x18\x9f\
\x04\x90\x0d\xc8\x0d\x03\x11\x19\x9f\x04\xc8\x0d\x80\x0e\x03\x11\x1a\x9f\x04\
\x80\x0e\xb8\x0e\x03\x11\x1b\x9f\x04\xb8\x0e\xf0\x0e\x03\x11\x1c\x9f\x04\xf0\
\x0e\xa8\x0f\x03\x11\x1d\x9f\x04\xa8\x0f\xe0\x0f\x03\x11\x1e\x9f\x04\xe0\x0f\
\x98\x10\x03\x11\x1f\x9f\x04\x98\x10\xd0\x10\x03\x11\x20\x9f\x04\xd0\x10\x88\
\x11\x03\x11\x21\x9f\x04\x88\x11\xc0\x11\x03\x11\x22\x9f\x04\xc0\x11\xf8\x11\
\x03\x11\x23\x9f\x04\xf8\x11\xb0\x12\x03\x11\x24\x9f\x04\xb0\x12\xe8\x12\x03\
\x11\x25\x9f\x04\xe8\x12\xa0\x13\x03\x11\x26\x9f\x04\xa0\x13\xd8\x13\x03\x11\
\x27\x9f\x04\xd8\x13\x90\x14\x03\x11\x28\x9f\x04\x90\x14\xc8\x14\x03\x11\x29\
\x9f\x04\xc8\x14\x80\x15\x03\x11\x2a\x9f\x04\x80\x15\xb8\x15\x03\x11\x2b\x9f\
\x04\xb8\x15\xf0\x15\x03\x11\x2c\x9f\x04\xf0\x15\xa8\x16\x03\x11\x2d\x9f\x04\
\xa8\x16\xe0\x16\x03\x11\x2e\x9f\x04\xe0\x16\x98\x17\x03\x11\x2f\x9f\x04\x98\
\x17\xd0\x17\x03\x11\x30\x9f\x04\xd0\x17\x88\x18\x03\x11\x31\x9f\x04\x88\x18\
\xc0\x18\x03\x11\x32\x9f\x04\xc0\x18\xf8\x18\x03\x11\x33\x9f\x04\xf8\x18\xb0\
\x19\x03\x11\x34\x9f\x04\xb0\x19\xe8\x19\x03\x11\x35\x9f\x04\xe8\x19\xa0\x1a\
\x03\x11\x36\x9f\x04\xa0\x1a\xd8\x1a\x03\x11\x37\x9f\x04\xd8\x1a\x90\x1b\x03\
\x11\x38\x9f\x04\x90\x1b\xc8\x1b\x03\x11\x39\x9f\x04\xc8\x1b\x80\x1c\x03\x11\
\x3a\x9f\x04\x80\x1c\xb8\x1c\x03\x11\x3b\x9f\x04\xb8\x1c\xf0\x1c\x03\x11\x3c\
\x9f\x04\xf0\x1c\xa8\x1d\x03\x11\x3d\x9f\x04\xa8\x1d\xe0\x1d\x03\x11\x3e\x9f\
\x04\xe0\x1d\x98\x1e\x03\x11\x3f\x9f\x04\x98\x1e\xd0\x1e\x04\x11\xc0\0\x9f\x04\
\xd0\x1e\x88\x1f\x04\x11\xc1\0\x9f\x04\x88\x1f\xc0\x1f\x04\x11\xc2\0\x9f\x04\
\xc0\x1f\xf8\x1f\x04\x11\xc3\0\x9f\x04\xf8\x1f\xb0\x20\x04\x11\xc4\0\x9f\x04\
\xb0\x20\xe8\x20\x04\x11\xc5\0\x9f\x04\xe8\x20\xa0\x21\x04\x11\xc6\0\x9f\x04\
\xa0\x21\xd8\x21\x04\x11\xc7\0\x9f\x04\xd8\x21\x90\x22\x04\x11\xc8\0\x9f\x04\
\x90\x22\xc8\x22\x04\x11\xc9\0\x9f\x04\xc8\x22\x80\x23\x04\x11\xca\0\x9f\x04\
\x80\x23\xb8\x23\x04\x11\xcb\0\x9f\x04\xb8\x23\xf0\x23\x04\x11\xcc\0\x9f\x04\
\xf0\x23\xa8\x24\x04\x11\xcd\0\x9f\x04\xa8\x24\xe0\x24\x04\x11\xce\0\x9f\x04\
\xe0\x24\x98\x25\x04\x11\xcf\0\x9f\x04\x98\x25\xd0\x25\x04\x11\xd0\0\x9f\x04\
\xd0\x25\x88\x26\x04\x11\xd1\0\x9f\x04\x88\x26\xc0\x26\x04\x11\xd2\0\x9f\x04\
\xc0\x26\xf8\x26\x04\x11\xd3\0\x9f\x04\xf8\x26\xb0\x27\x04\x11\xd4\0\x9f\x04\
\xb0\x27\xe8\x27\x04\x11\xd5\0\x9f\x04\xe8\x27\xa0\x28\x04\x11\xd6\0\x9f\x04\
\xa0\x28\xd8\x28\x04\x11\xd7\0\x9f\x04\xd8\x28\x90\x29\x04\x11\xd8\0\x9f\x04\
\x90\x29\xc8\x29\x04\x11\xd9\0\x9f\x04\xc8\x29\x80\x2a\x04\x11\xda\0\x9f\x04\
\x80\x2a\xb8\x2a\x04\x11\xdb\0\x9f\x04\xb8\x2a\xf0\x2a\x04\x11\xdc\0\x9f\x04\
\xf0\x2a\xa8\x2b\x04\x11\xdd\0\x9f\x04\xa8\x2b\xe0\x2b\x04\x11\xde\0\x9f\x04\
\xe0\x2b\x98\x2c\x04\x11\xdf\0\x9f\x04\x98\x2c\xd0\x2c\x04\x11\xe0\0\x9f\x04\
\xd0\x2c\x88\x2d\x04\x11\xe1\0\x9f\x04\x88\x2d\xc0\x2d\x04\x11\xe2\0\x9f\x04\
\xc0\x2d\xf8\x2d\x04\x11\xe3\0\x9f\x04\xf8\x2d\xb0\x2e\x04\x11\xe4\0\x9f\x04\
\xb0\x2e\xe8\x2e\x04\x11\xe5\0\x9f\x04\xe8\x2e\xa0\x2f\x04\x11\xe6\0\x9f\x04\
\xa0\x2f\xd8\x2f\x04\x11\xe7\0\x9f\x04\xd8\x2f\x90\x30\x04\x11\xe8\0\x9f\x04\
\x90\x30\xc8\x30\x04\x11\xe9\0\x9f\x04\xc8\x30\x80\x31\x04\x11\xea\0\x9f\x04\
\x80\x31\xb8\x31\x04\x11\xeb\0\x9f\x04\xb8\x31\xf0\x31\x04\x11\xec\0\x9f\x04\
\xf0\x31\xa8\x32\x04\x11\xed\0\x9f\x04\xa8\x32\xe0\x32\x04\x11\xee\0\x9f\x04\
\xe0\x32\x98\x33\x04\x11\xef\0\x9f\x04\x98\x33\xd0\x33\x04\x11\xf0\0\x9f\x04\
\xd0\x33\x88\x34\x04\x11\xf1\0\x9f\x04\x88\x34\xc0\x34\x04\x11\xf2\0\x9f\x04\
\xc0\x34\xf8\x34\x04\x11\xf3\0\x9f\x04\xf8\x34\xb0\x35\x04\x11\xf4\0\x9f\x04\
\xb0\x35\xe8\x35\x04\x11\xf5\0\x9f\x04\xe8\x35\xa0\x36\x04\x11\xf6\0\x9f\x04\
\xa0\x36\xd8\x36\x04\x11\xf7\0\x9f\x04\xd8\x36\x90\x37\x04\x11\xf8\0\x9f\x04\
\x90\x37\xc8\x37\x04\x11\xf9\0\x9f\x04\xc8\x37\x80\x38\x04\x11\xfa\0\x9f\x04\
\x80\x38\xb8\x38\x04\x11\xfb\0\x9f\x04\xb8\x38\xf0\x38\x04\x11\xfc\0\x9f\x04\
\xf0\x38\xa8\x39\x04\x11\xfd\0\x9f\x04\xa8\x39\xe0\x39\x04\x11\xfe\0\x9f\x04\
\xe0\x39\x98\x3a\x04\x11\xff\0\x9f\x04\x98\x3a\xd0\x3a\x04\x11\x80\x01\x9f\x04\
\xd0\x3a\x88\x3b\x04\x11\x81\x01\x9f\x04\x88\x3b\xc0\x3b\x04\x11\x82\x01\x9f\
\x04\xc0\x3b\xf8\x3b\x04\x11\x83\x01\x9f\x04\xf8\x3b\xb0\x3c\x04\x11\x84\x01\
\x9f\x04\xb0\x3c\xe8\x3c\x04\x11\x85\x01\x9f\x04\xe8\x3c\xa0\x3d\x04\x11\x86\
\x01\x9f\x04\xa0\x3d\xd8\x3d\x04\x11\x87\x01\x9f\x04\xd8\x3d\x90\x3e\x04\x11\
\x88\x01\x9f\x04\x90\x3e\xc8\x3e\x04\x11\x89\x01\x9f\x04\xc8\x3e\x80\x3f\x04\
\x11\x8a\x01\x9f\x04\x80\x3f\xb8\x3f\x04\x11\x8b\x01\x9f\x04\xb8\x3f\xf0\x3f\
\x04\x11\x8c\x01\x9f\x04\xf0\x3f\xa8\x40\x04\x11\x8d\x01\x9f\x04\xa8\x40\xe0\
\x40\x04\x11\x8e\x01\x9f\x04\xe0\x40\x98\x41\x04\x11\x8f\x01\x9f\x04\x98\x41\
\xd0\x41\x04\x11\x90\x01\x9f\x04\xd0\x41\x88\x42\x04\x11\x91\x01\x9f\x04\x88\
\x42\xc0\x42\x04\x11\x92\x01\x9f\x04\xc0\x42\xf8\x42\x04\x11\x93\x01\x9f\x04\
\xf8\x42\xb0\x43\x04\x11\x94\x01\x9f\x04\xb0\x43\xe8\x43\x04\x11\x95\x01\x9f\
\x04\xe8\x43\xa0\x44\x04\x11\x96\x01\x9f\x04\xa0\x44\xd8\x44\x04\x11\x97\x01\
\x9f\x04\xd8\x44\x90\x45\x04\x11\x98\x01\x9f\x04\x90\x45\xc8\x45\x04\x11\x99\
\x01\x9f\x04\xc8\x45\x80\x46\x04\x11\x9a\x01\x9f\x04\x80\x46\xb8\x46\x04\x11\
\x9b\x01\x9f\x04\xb8\x46\xf0\x46\x04\x11\x9c\x01\x9f\x04\xf0\x46\xa8\x47\x04\
\x11\x9d\x01\x9f\x04\xa8\x47\xe0\x47\x04\x11\x9e\x01\x9f\x04\xe0\x47\x98\x48\
\x04\x11\x9f\x01\x9f\x04\x98\x48\xd0\x48\x04\x11\xa0\x01\x9f\x04\xd0\x48\x88\
\x49\x04\x11\xa1\x01\x9f\x04\x88\x49\xc0\x49\x04\x11\xa2\x01\x9f\x04\xc0\x49\
\xf8\x49\x04\x11\xa3\x01\x9f\x04\xf8\x49\xb0\x4a\x04\x11\xa4\x01\x9f\x04\xb0\
\x4a\xe8\x4a\x04\x11\xa5\x01\x9f\x04\xe8\x4a\xa0\x4b\x04\x11\xa6\x01\x9f\x04\
\xa0\x4b\xd8\x4b\x04\x11\xa7\x01\x9f\x04\xd8\x4b\x90\x4c\x04\x11\xa8\x01\x9f\
\x04\x90\x4c\xc8\x4c\x04\x11\xa9\x01\x9f\x04\xc8\x4c\x80\x4d\x04\x11\xaa\x01\
\x9f\x04\x80\x4d\xb8\x4d\x04\x11\xab\x01\x9f\x04\xb8\x4d\xf0\x4d\x04\x11\xac\
\x01\x9f\x04\xf0\x4d\xa8\x4e\x04\x11\xad\x01\x9f\x04\xa8\x4e\xe0\x4e\x04\x11\
\xae\x01\x9f\x04\xe0\x4e\x98\x4f\x04\x11\xaf\x01\x9f\x04\x98\x4f\xd0\x4f\x04\
\x11\xb0\x01\x9f\x04\xd0\x4f\x88\x50\x04\x11\xb1\x01\x9f\x04\x88\x50\xc0\x50\
\x04\x11\xb2\x01\x9f\x04\xc0\x50\xf8\x50\x04\x11\xb3\x01\x9f\x04\xf8\x50\xb0\
\x51\x04\x11\xb4\x01\x9f\x04\xb0\x51\xe8\x51\x04\x11\xb5\x01\x9f\x04\xe8\x51\
\xa0\x52\x04\x11\xb6\x01\x9f\x04\xa0\x52\xd8\x52\x04\x11\xb7\x01\x9f\x04\xd8\
\x52\x90\x53\x04\x11\xb8\x01\x9f\x04\x90\x53\xc8\x53\x04\x11\xb9\x01\x9f\x04\
\xc8\x53\x80\x54\x04\x11\xba\x01\x9f\x04\x80\x54\xb8\x54\x04\x11\xbb\x01\x9f\
\x04\xb8\x54\xf0\x54\x04\x11\xbc\x01\x9f\x04\xf0\x54\xa8\x55\x04\x11\xbd\x01\
\x9f\x04\xa8\x55\xe0\x55\x04\x11\xbe\x01\x9f\x04\xe0\x55\x98\x56\x04\x11\xbf\
\x01\x9f\x04\x98\x56\xd0\x56\x04\x11\xc0\x01\x9f\x04\xd0\x56\x88\x57\x04\x11\
\xc1\x01\x9f\x04\x88\x57\xc0\x57\x04\x11\xc2\x01\x9f\x04\xc0\x57\xf8\x57\x04\
\x11\xc3\x01\x9f\x04\xf8\x57\xb0\x58\x04\x11\xc4\x01\x9f\x04\xb0\x58\xe8\x58\
\x04\x11\xc5\x01\x9f\x04\xe8\x58\xa0\x59\x04\x11\xc6\x01\x9f\x04\xa0\x59\xd8\
\x59\x04\x11\xc7\x01\x9f\x04\xd8\x59\x90\x5a\x04\x11\xc8\x01\x9f\x04\x90\x5a\
\xc8\x5a\x04\x11\xc9\x01\x9f\x04\xc8\x5a\x80\x5b\x04\x11\xca\x01\x9f\x04\x80\
\x5b\xb8\x5b\x04\x11\xcb\x01\x9f\x04\xb8\x5b\xf0\x5b\x04\x11\xcc\x01\x9f\x04\
\xf0\x5b\xa8\x5c\x04\x11\xcd\x01\x9f\x04\xa8\x5c\xe0\x5c\x04\x11\xce\x01\x9f\
\x04\xe0\x5c\x98\x5d\x04\x11\xcf\x01\x9f\x04\x98\x5d\xd0\x5d\x04\x11\xd0\x01\
\x9f\x04\xd0\x5d\x88\x5e\x04\x11\xd1\x01\x9f\x04\x88\x5e\xc0\x5e\x04\x11\xd2\
\x01\x9f\x04\xc0\x5e\xf8\x5e\x04\x11\xd3\x01\x9f\x04\xf8\x5e\xb0\x5f\x04\x11\
\xd4\x01\x9f\x04\xb0\x5f\xe8\x5f\x04\x11\xd5\x01\x9f\x04\xe8\x5f\xa0\x60\x04\
\x11\xd6\x01\x9f\x04\xa0\x60\xd8\x60\x04\x11\xd7\x01\x9f\x04\xd8\x60\x90\x61\
\x04\x11\xd8\x01\x9f\x04\x90\x61\xc8\x61\x04\x11\xd9\x01\x9f\x04\xc8\x61\x80\
\x62\x04\x11\xda\x01\x9f\x04\x80\x62\xb8\x62\x04\x11\xdb\x01\x9f\x04\xb8\x62\
\xf0\x62\x04\x11\xdc\x01\x9f\x04\xf0\x62\xa8\x63\x04\x11\xdd\x01\x9f\x04\xa8\
\x63\xe0\x63\x04\x11\xde\x01\x9f\x04\xe0\x63\x98\x64\x04\x11\xdf\x01\x9f\x04\
\x98\x64\xd0\x64\x04\x11\xe0\x01\x9f\x04\xd0\x64\x88\x65\x04\x11\xe1\x01\x9f\
\x04\x88\x65\xc0\x65\x04\x11\xe2\x01\x9f\x04\xc0\x65\xf8\x65\x04\x11\xe3\x01\
\x9f\x04\xf8\x65\xb0\x66\x04\x11\xe4\x01\x9f\x04\xb0\x66\xe8\x66\x04\x11\xe5\
\x01\x9f\x04\xe8\x66\xa0\x67\x04\x11\xe6\x01\x9f\x04\xa0\x67\xd8\x67\x04\x11\
\xe7\x01\x9f\x04\xd8\x67\x90\x68\x04\x11\xe8\x01\x9f\x04\x90\x68\xc8\x68\x04\
\x11\xe9\x01\x9f\x04\xc8\x68\x80\x69\x04\x11\xea\x01\x9f\x04\x80\x69\xb8\x69\
\x04\x11\xeb\x01\x9f\x04\xb8\x69\xf0\x69\x04\x11\xec\x01\x9f\x04\xf0\x69\xa8\
\x6a\x04\x11\xed\x01\x9f\x04\xa8\x6a\xe0\x6a\x04\x11\xee\x01\x9f\x04\xe0\x6a\
\x98\x6b\x04\x11\xef\x01\x9f\x04\x98\x6b\xd0\x6b\x04\x11\xf0\x01\x9f\x04\xd0\
\x6b\x88\x6c\x04\x11\xf1\x01\x9f\x04\x88\x6c\xc0\x6c\x04\x11\xf2\x01\x9f\x04\
\xc0\x6c\xf8\x6c\x04\x11\xf3\x01\x9f\x04\xf8\x6c\xb0\x6d\x04\x11\xf4\x01\x9f\
\x04\xb0\x6d\xe8\x6d\x04\x11\xf5\x01\x9f\x04\xe8\x6d\xa0\x6e\x04\x11\xf6\x01\
\x9f\x04\xa0\x6e\xd8\x6e\x04\x11\xf7\x01\x9f\x04\xd8\x6e\x90\x6f\x04\x11\xf8\
\x01\x9f\x04\x90\x6f\xc8\x6f\x04\x11\xf9\x01\x9f\x04\xc8\x6f\x80\x70\x04\x11\
\xfa\x01\x9f\x04\x80\x70\xb8\x70\x04\x11\xfb\x01\x9f\x04\xb8\x70\xf0\x70\x04\
\x11\xfc\x01\x9f\x04\xf0\x70\xa8\x71\x04\x11\xfd\x01\x9f\x04\xa8\x71\xe0\x71\
\x04\x11\xfe\x01\x9f\x04\xe0\x71\x98\x72\x04\x11\xff\x01\x9f\x04\x98\x72\xd0\
\x72\x04\x11\x80\x02\x9f\x04\xd0\x72\x88\x73\x04\x11\x81\x02\x9f\x04\x88\x73\
\xc0\x73\x04\x11\x82\x02\x9f\x04\xc0\x73\xf8\x73\x04\x11\x83\x02\x9f\x04\xf8\
\x73\xb0\x74\x04\x11\x84\x02\x9f\x04\xb0\x74\xe8\x74\x04\x11\x85\x02\x9f\x04\
\xe8\x74\xa0\x75\x04\x11\x86\x02\x9f\x04\xa0\x75\xd8\x75\x04\x11\x87\x02\x9f\
\x04\xd8\x75\x90\x76\x04\x11\x88\x02\x9f\x04\x90\x76\xc8\x76\x04\x11\x89\x02\
\x9f\x04\xc8\x76\x80\x77\x04\x11\x8a\x02\x9f\x04\x80\x77\xb8\x77\x04\x11\x8b\
\x02\x9f\x04\xb8\x77\xf0\x77\x04\x11\x8c\x02\x9f\x04\xf0\x77\xa8\x78\x04\x11\
\x8d\x02\x9f\x04\xa8\x78\xe0\x78\x04\x11\x8e\x02\x9f\x04\xe0\x78\x98\x79\x04\
\x11\x8f\x02\x9f\x04\x98\x79\xd0\x79\x04\x11\x90\x02\x9f\x04\xd0\x79\x88\x7a\
\x04\x11\x91\x02\x9f\x04\x88\x7a\xc0\x7a\x04\x11\x92\x02\x9f\x04\xc0\x7a\xf8\
\x7a\x04\x11\x93\x02\x9f\x04\xf8\x7a\xb0\x7b\x04\x11\x94\x02\x9f\x04\xb0\x7b\
\xe8\x7b\x04\x11\x95\x02\x9f\x04\xe8\x7b\xa0\x7c\x04\x11\x96\x02\x9f\x04\xa0\
\x7c\xd8\x7c\x04\x11\x97\x02\x9f\x04\xd8\x7c\x90\x7d\x04\x11\x98\x02\x9f\x04\
\x90\x7d\xc8\x7d\x04\x11\x99\x02\x9f\x04\xc8\x7d\x80\x7e\x04\x11\x9a\x02\x9f\
\x04\x80\x7e\xb8\x7e\x04\x11\x9b\x02\x9f\x04\xb8\x7e\xf0\x7e\x04\x11\x9c\x02\
\x9f\x04\xf0\x7e\xa8\x7f\x04\x11\x9d\x02\x9f\x04\xa8\x7f\xe0\x7f\x04\x11\x9e\
\x02\x9f\x04\xe0\x7f\x98\x80\x01\x04\x11\x9f\x02\x9f\x04\x98\x80\x01\xd0\x80\
\x01\x04\x11\xa0\x02\x9f\x04\xd0\x80\x01\x88\x81\x01\x04\x11\xa1\x02\x9f\x04\
\x88\x81\x01\xc0\x81\x01\x04\x11\xa2\x02\x9f\x04\xc0\x81\x01\xf8\x81\x01\x04\
\x11\xa3\x02\x9f\x04\xf8\x81\x01\xb0\x82\x01\x04\x11\xa4\x02\x9f\x04\xb0\x82\
\x01\xe8\x82\x01\x04\x11\xa5\x02\x9f\x04\xe8\x82\x01\xa0\x83\x01\x04\x11\xa6\
\x02\x9f\x04\xa0\x83\x01\xd8\x83\x01\x04\x11\xa7\x02\x9f\x04\xd8\x83\x01\x90\
\x84\x01\x04\x11\xa8\x02\x9f\x04\x90\x84\x01\xc8\x84\x01\x04\x11\xa9\x02\x9f\
\x04\xc8\x84\x01\x80\x85\x01\x04\x11\xaa\x02\x9f\x04\x80\x85\x01\xb8\x85\x01\
\x04\x11\xab\x02\x9f\x04\xb8\x85\x01\xf0\x85\x01\x04\x11\xac\x02\x9f\x04\xf0\
\x85\x01\xa8\x86\x01\x04\x11\xad\x02\x9f\x04\xa8\x86\x01\xe0\x86\x01\x04\x11\
\xae\x02\x9f\x04\xe0\x86\x01\x98\x87\x01\x04\x11\xaf\x02\x9f\x04\x98\x87\x01\
\xd0\x87\x01\x04\x11\xb0\x02\x9f\x04\xd0\x87\x01\x88\x88\x01\x04\x11\xb1\x02\
\x9f\x04\x88\x88\x01\xc0\x88\x01\x04\x11\xb2\x02\x9f\x04\xc0\x88\x01\xf8\x88\
\x01\x04\x11\xb3\x02\x9f\x04\xf8\x88\x01\xb0\x89\x01\x04\x11\xb4\x02\x9f\x04\
\xb0\x89\x01\xe8\x89\x01\x04\x11\xb5\x02\x9f\x04\xe8\x89\x01\xa0\x8a\x01\x04\
\x11\xb6\x02\x9f\x04\xa0\x8a\x01\xd8\x8a\x01\x04\x11\xb7\x02\x9f\x04\xd8\x8a\
\x01\x90\x8b\x01\x04\x11\xb8\x02\x9f\x04\x90\x8b\x01\xc8\x8b\x01\x04\x11\xb9\
\x02\x9f\x04\xc8\x8b\x01\x80\x8c\x01\x04\x11\xba\x02\x9f\x04\x80\x8c\x01\xb8\
\x8c\x01\x04\x11\xbb\x02\x9f\x04\xb8\x8c\x01\xf0\x8c\x01\x04\x11\xbc\x02\x9f\
\x04\xf0\x8c\x01\xa8\x8d\x01\x04\x11\xbd\x02\x9f\x04\xa8\x8d\x01\xe0\x8d\x01\
\x04\x11\xbe\x02\x9f\x04\xe0\x8d\x01\x98\x8e\x01\x04\x11\xbf\x02\x9f\x04\x98\
\x8e\x01\xd0\x8e\x01\x04\x11\xc0\x02\x9f\x04\xd0\x8e\x01\x88\x8f\x01\x04\x11\
\xc1\x02\x9f\x04\x88\x8f\x01\xc0\x8f\x01\x04\x11\xc2\x02\x9f\x04\xc0\x8f\x01\
\xf8\x8f\x01\x04\x11\xc3\x02\x9f\x04\xf8\x8f\x01\xb0\x90\x01\x04\x11\xc4\x02\
\x9f\x04\xb0\x90\x01\xe8\x90\x01\x04\x11\xc5\x02\x9f\x04\xe8\x90\x01\xa0\x91\
\x01\x04\x11\xc6\x02\x9f\x04\xa0\x91\x01\xd8\x91\x01\x04\x11\xc7\x02\x9f\x04\
\xd8\x91\x01\x90\x92\x01\x04\x11\xc8\x02\x9f\x04\x90\x92\x01\xc8\x92\x01\x04\
\x11\xc9\x02\x9f\x04\xc8\x92\x01\x80\x93\x01\x04\x11\xca\x02\x9f\x04\x80\x93\
\x01\xb8\x93\x01\x04\x11\xcb\x02\x9f\x04\xb8\x93\x01\xf0\x93\x01\x04\x11\xcc\
\x02\x9f\x04\xf0\x93\x01\xa8\x94\x01\x04\x11\xcd\x02\x9f\x04\xa8\x94\x01\xe0\
\x94\x01\x04\x11\xce\x02\x9f\x04\xe0\x94\x01\x98\x95\x01\x04\x11\xcf\x02\x9f\
\x04\x98\x95\x01\xd0\x95\x01\x04\x11\xd0\x02\x9f\x04\xd0\x95\x01\x88\x96\x01\
\x04\x11\xd1\x02\x9f\x04\x88\x96\x01\xc0\x96\x01\x04\x11\xd2\x02\x9f\x04\xc0\
\x96\x01\xf8\x96\x01\x04\x11\xd3\x02\x9f\x04\xf8\x96\x01\xb0\x97\x01\x04\x11\
\xd4\x02\x9f\x04\xb0\x97\x01\xe8\x97\x01\x04\x11\xd5\x02\x9f\x04\xe8\x97\x01\
\xa0\x98\x01\x04\x11\xd6\x02\x9f\x04\xa0\x98\x01\xd8\x98\x01\x04\x11\xd7\x02\
\x9f\x04\xd8\x98\x01\x90\x99\x01\x04\x11\xd8\x02\x9f\x04\x90\x99\x01\xc8\x99\
\x01\x04\x11\xd9\x02\x9f\x04\xc8\x99\x01\x80\x9a\x01\x04\x11\xda\x02\x9f\x04\
\x80\x9a\x01\xb8\x9a\x01\x04\x11\xdb\x02\x9f\x04\xb8\x9a\x01\xf0\x9a\x01\x04\
\x11\xdc\x02\x9f\x04\xf0\x9a\x01\xa8\x9b\x01\x04\x11\xdd\x02\x9f\x04\xa8\x9b\
\x01\xe0\x9b\x01\x04\x11\xde\x02\x9f\x04\xe0\x9b\x01\x98\x9c\x01\x04\x11\xdf\
\x02\x9f\x04\x98\x9c\x01\xd0\x9c\x01\x04\x11\xe0\x02\x9f\x04\xd0\x9c\x01\x88\
\x9d\x01\x04\x11\xe1\x02\x9f\x04\x88\x9d\x01\xc0\x9d\x01\x04\x11\xe2\x02\x9f\
\x04\xc0\x9d\x01\xf8\x9d\x01\x04\x11\xe3\x02\x9f\x04\xf8\x9d\x01\xb0\x9e\x01\
\x04\x11\xe4\x02\x9f\x04\xb0\x9e\x01\xe8\x9e\x01\x04\x11\xe5\x02\x9f\x04\xe8\
\x9e\x01\xa0\x9f\x01\x04\x11\xe6\x02\x9f\x04\xa0\x9f\x01\xd8\x9f\x01\x04\x11\
\xe7\x02\x9f\x04\xd8\x9f\x01\x90\xa0\x01\x04\x11\xe8\x02\x9f\x04\x90\xa0\x01\
\xc8\xa0\x01\x04\x11\xe9\x02\x9f\x04\xc8\xa0\x01\x80\xa1\x01\x04\x11\xea\x02\
\x9f\x04\x80\xa1\x01\xb8\xa1\x01\x04\x11\xeb\x02\x9f\x04\xb8\xa1\x01\xf0\xa1\
\x01\x04\x11\xec\x02\x9f\x04\xf0\xa1\x01\xa8\xa2\x01\x04\x11\xed\x02\x9f\x04\
\xa8\xa2\x01\xe0\xa2\x01\x04\x11\xee\x02\x9f\x04\xe0\xa2\x01\x98\xa3\x01\x04\
\x11\xef\x02\x9f\x04\x98\xa3\x01\xd0\xa3\x01\x04\x11\xf0\x02\x9f\x04\xd0\xa3\
\x01\x88\xa4\x01\x04\x11\xf1\x02\x9f\x04\x88\xa4\x01\xc0\xa4\x01\x04\x11\xf2\
\x02\x9f\x04\xc0\xa4\x01\xf8\xa4\x01\x04\x11\xf3\x02\x9f\x04\xf8\xa4\x01\xb0\
\xa5\x01\x04\x11\xf4\x02\x9f\x04\xb0\xa5\x01\xe8\xa5\x01\x04\x11\xf5\x02\x9f\
\x04\xe8\xa5\x01\xa0\xa6\x01\x04\x11\xf6\x02\x9f\x04\xa0\xa6\x01\xd8\xa6\x01\
\x04\x11\xf7\x02\x9f\x04\xd8\xa6\x01\x90\xa7\x01\x04\x11\xf8\x02\x9f\x04\x90\
\xa7\x01\xc8\xa7\x01\x04\x11\xf9\x02\x9f\x04\xc8\xa7\x01\x80\xa8\x01\x04\x11\
\xfa\x02\x9f\x04\x80\xa8\x01\xb8\xa8\x01\x04\x11\xfb\x02\x9f\x04\xb8\xa8\x01\
\xf0\xa8\x01\x04\x11\xfc\x02\x9f\x04\xf0\xa8\x01\xa8\xa9\x01\x04\x11\xfd\x02\
\x9f\x04\xa8\xa9\x01\xe0\xa9\x01\x04\x11\xfe\x02\x9f\x04\xe0\xa9\x01\x98\xaa\
\x01\x04\x11\xff\x02\x9f\x04\x98\xaa\x01\xd0\xaa\x01\x04\x11\x80\x03\x9f\x04\
\xd0\xaa\x01\x88\xab\x01\x04\x11\x81\x03\x9f\x04\x88\xab\x01\xc0\xab\x01\x04\
\x11\x82\x03\x9f\x04\xc0\xab\x01\xf8\xab\x01\x04\x11\x83\x03\x9f\x04\xf8\xab\
\x01\xb0\xac\x01\x04\x11\x84\x03\x9f\x04\xb0\xac\x01\xe8\xac\x01\x04\x11\x85\
\x03\x9f\x04\xe8\xac\x01\xa0\xad\x01\x04\x11\x86\x03\x9f\x04\xa0\xad\x01\xd8\
\xad\x01\x04\x11\x87\x03\x9f\x04\xd8\xad\x01\x90\xae\x01\x04\x11\x88\x03\x9f\
\x04\x90\xae\x01\xc8\xae\x01\x04\x11\x89\x03\x9f\x04\xc8\xae\x01\x80\xaf\x01\
\x04\x11\x8a\x03\x9f\x04\x80\xaf\x01\xb8\xaf\x01\x04\x11\x8b\x03\x9f\x04\xb8\
\xaf\x01\xf0\xaf\x01\x04\x11\x8c\x03\x9f\x04\xf0\xaf\x01\xa8\xb0\x01\x04\x11\
\x8d\x03\x9f\x04\xa8\xb0\x01\xe0\xb0\x01\x04\x11\x8e\x03\x9f\x04\xe0\xb0\x01\
\x98\xb1\x01\x04\x11\x8f\x03\x9f\x04\x98\xb1\x01\xd0\xb1\x01\x04\x11\x90\x03\
\x9f\x04\xd0\xb1\x01\x88\xb2\x01\x04\x11\x91\x03\x9f\x04\x88\xb2\x01\xc0\xb2\
\x01\x04\x11\x92\x03\x9f\x04\xc0\xb2\x01\xf8\xb2\x01\x04\x11\x93\x03\x9f\x04\
\xf8\xb2\x01\xb0\xb3\x01\x04\x11\x94\x03\x9f\x04\xb0\xb3\x01\xe8\xb3\x01\x04\
\x11\x95\x03\x9f\x04\xe8\xb3\x01\xa0\xb4\x01\x04\x11\x96\x03\x9f\x04\xa0\xb4\
\x01\xd8\xb4\x01\x04\x11\x97\x03\x9f\x04\xd8\xb4\x01\x90\xb5\x01\x04\x11\x98\
\x03\x9f\x04\x90\xb5\x01\xc8\xb5\x01\x04\x11\x99\x03\x9f\x04\xc8\xb5\x01\x80\
\xb6\x01\x04\x11\x9a\x03\x9f\x04\x80\xb6\x01\xb8\xb6\x01\x04\x11\x9b\x03\x9f\
\x04\xb8\xb6\x01\xf0\xb6\x01\x04\x11\x9c\x03\x9f\x04\xf0\xb6\x01\xa8\xb7\x01\
\x04\x11\x9d\x03\x9f\x04\xa8\xb7\x01\xe0\xb7\x01\x04\x11\x9e\x03\x9f\x04\xe0\
\xb7\x01\x98\xb8\x01\x04\x11\x9f\x03\x9f\x04\x98\xb8\x01\xd0\xb8\x01\x04\x11\
\xa0\x03\x9f\x04\xd0\xb8\x01\x88\xb9\x01\x04\x11\xa1\x03\x9f\x04\x88\xb9\x01\
\xc0\xb9\x01\x04\x11\xa2\x03\x9f\x04\xc0\xb9\x01\xf8\xb9\x01\x04\x11\xa3\x03\
\x9f\x04\xf8\xb9\x01\xb0\xba\x01\x04\x11\xa4\x03\x9f\x04\xb0\xba\x01\xe8\xba\
\x01\x04\x11\xa5\x03\x9f\x04\xe8\xba\x01\xa0\xbb\x01\x04\x11\xa6\x03\x9f\x04\
\xa0\xbb\x01\xd8\xbb\x01\x04\x11\xa7\x03\x9f\x04\xd8\xbb\x01\x90\xbc\x01\x04\
\x11\xa8\x03\x9f\x04\x90\xbc\x01\xc8\xbc\x01\x04\x11\xa9\x03\x9f\x04\xc8\xbc\
\x01\x80\xbd\x01\x04\x11\xaa\x03\x9f\x04\x80\xbd\x01\xb8\xbd\x01\x04\x11\xab\
\x03\x9f\x04\xb8\xbd\x01\xf0\xbd\x01\x04\x11\xac\x03\x9f\x04\xf0\xbd\x01\xa8\
\xbe\x01\x04\x11\xad\x03\x9f\x04\xa8\xbe\x01\xe0\xbe\x01\x04\x11\xae\x03\x9f\
\x04\xe0\xbe\x01\x98\xbf\x01\x04\x11\xaf\x03\x9f\x04\x98\xbf\x01\xd0\xbf\x01\
\x04\x11\xb0\x03\x9f\x04\xd0\xbf\x01\x88\xc0\x01\x04\x11\xb1\x03\x9f\x04\x88\
\xc0\x01\xc0\xc0\x01\x04\x11\xb2\x03\x9f\x04\xc0\xc0\x01\xf8\xc0\x01\x04\x11\
\xb3\x03\x9f\x04\xf8\xc0\x01\xb0\xc1\x01\x04\x11\xb4\x03\x9f\x04\xb0\xc1\x01\
\xe8\xc1\x01\x04\x11\xb5\x03\x9f\x04\xe8\xc1\x01\xa0\xc2\x01\x04\x11\xb6\x03\
\x9f\x04\xa0\xc2\x01\xd8\xc2\x01\x04\x11\xb7\x03\x9f\x04\xd8\xc2\x01\x90\xc3\
\x01\x04\x11\xb8\x03\x9f\x04\x90\xc3\x01\xc8\xc3\x01\x04\x11\xb9\x03\x9f\x04\
\xc8\xc3\x01\x80\xc4\x01\x04\x11\xba\x03\x9f\x04\x80\xc4\x01\xb8\xc4\x01\x04\
\x11\xbb\x03\x9f\x04\xb8\xc4\x01\xf0\xc4\x01\x04\x11\xbc\x03\x9f\x04\xf0\xc4\
\x01\xa8\xc5\x01\x04\x11\xbd\x03\x9f\x04\xa8\xc5\x01\xe0\xc5\x01\x04\x11\xbe\
\x03\x9f\x04\xe0\xc5\x01\x98\xc6\x01\x04\x11\xbf\x03\x9f\x04\x98\xc6\x01\xd0\
\xc6\x01\x04\x11\xc0\x03\x9f\x04\xd0\xc6\x01\x88\xc7\x01\x04\x11\xc1\x03\x9f\
\x04\x88\xc7\x01\xc0\xc7\x01\x04\x11\xc2\x03\x9f\x04\xc0\xc7\x01\xf8\xc7\x01\
\x04\x11\xc3\x03\x9f\x04\xf8\xc7\x01\xb0\xc8\x01\x04\x11\xc4\x03\x9f\x04\xb0\
\xc8\x01\xe8\xc8\x01\x04\x11\xc5\x03\x9f\x04\xe8\xc8\x01\xa0\xc9\x01\x04\x11\
\xc6\x03\x9f\x04\xa0\xc9\x01\xd8\xc9\x01\x04\x11\xc7\x03\x9f\x04\xd8\xc9\x01\
\x90\xca\x01\x04\x11\xc8\x03\x9f\x04\x90\xca\x01\xc8\xca\x01\x04\x11\xc9\x03\
\x9f\x04\xc8\xca\x01\x80\xcb\x01\x04\x11\xca\x03\x9f\x04\x80\xcb\x01\xb8\xcb\
\x01\x04\x11\xcb\x03\x9f\x04\xb8\xcb\x01\xf0\xcb\x01\x04\x11\xcc\x03\x9f\x04\
\xf0\xcb\x01\xa8\xcc\x01\x04\x11\xcd\x03\x9f\x04\xa8\xcc\x01\xe0\xcc\x01\x04\
\x11\xce\x03\x9f\x04\xe0\xcc\x01\x98\xcd\x01\x04\x11\xcf\x03\x9f\x04\x98\xcd\
\x01\xd0\xcd\x01\x04\x11\xd0\x03\x9f\x04\xd0\xcd\x01\x88\xce\x01\x04\x11\xd1\
\x03\x9f\x04\x88\xce\x01\xc0\xce\x01\x04\x11\xd2\x03\x9f\x04\xc0\xce\x01\xf8\
\xce\x01\x04\x11\xd3\x03\x9f\x04\xf8\xce\x01\xb0\xcf\x01\x04\x11\xd4\x03\x9f\
\x04\xb0\xcf\x01\xe8\xcf\x01\x04\x11\xd5\x03\x9f\x04\xe8\xcf\x01\xa0\xd0\x01\
\x04\x11\xd6\x03\x9f\x04\xa0\xd0\x01\xd8\xd0\x01\x04\x11\xd7\x03\x9f\x04\xd8\
\xd0\x01\x90\xd1\x01\x04\x11\xd8\x03\x9f\x04\x90\xd1\x01\xc8\xd1\x01\x04\x11\
\xd9\x03\x9f\x04\xc8\xd1\x01\x80\xd2\x01\x04\x11\xda\x03\x9f\x04\x80\xd2\x01\
\xb8\xd2\x01\x04\x11\xdb\x03\x9f\x04\xb8\xd2\x01\xf0\xd2\x01\x04\x11\xdc\x03\
\x9f\x04\xf0\xd2\x01\xa8\xd3\x01\x04\x11\xdd\x03\x9f\x04\xa8\xd3\x01\xe0\xd3\
\x01\x04\x11\xde\x03\x9f\x04\xe0\xd3\x01\x98\xd4\x01\x04\x11\xdf\x03\x9f\x04\
\x98\xd4\x01\xd0\xd4\x01\x04\x11\xe0\x03\x9f\x04\xd0\xd4\x01\x88\xd5\x01\x04\
\x11\xe1\x03\x9f\x04\x88\xd5\x01\xc0\xd5\x01\x04\x11\xe2\x03\x9f\x04\xc0\xd5\
\x01\xf8\xd5\x01\x04\x11\xe3\x03\x9f\x04\xf8\xd5\x01\xb0\xd6\x01\x04\x11\xe4\
\x03\x9f\x04\xb0\xd6\x01\xe8\xd6\x01\x04\x11\xe5\x03\x9f\x04\xe8\xd6\x01\xa0\
\xd7\x01\x04\x11\xe6\x03\x9f\x04\xa0\xd7\x01\xd8\xd7\x01\x04\x11\xe7\x03\x9f\
\x04\xd8\xd7\x01\x90\xd8\x01\x04\x11\xe8\x03\x9f\x04\x90\xd8\x01\xc8\xd8\x01\
\x04\x11\xe9\x03\x9f\x04\xc8\xd8\x01\x80\xd9\x01\x04\x11\xea\x03\x9f\x04\x80\
\xd9\x01\xb8\xd9\x01\x04\x11\xeb\x03\x9f\x04\xb8\xd9\x01\xf0\xd9\x01\x04\x11\
\xec\x03\x9f\x04\xf0\xd9\x01\xa8\xda\x01\x04\x11\xed\x03\x9f\x04\xa8\xda\x01\
\xe0\xda\x01\x04\x11\xee\x03\x9f\x04\xe0\xda\x01\x98\xdb\x01\x04\x11\xef\x03\
\x9f\x04\x98\xdb\x01\xd0\xdb\x01\x04\x11\xf0\x03\x9f\x04\xd0\xdb\x01\x88\xdc\
\x01\x04\x11\xf1\x03\x9f\x04\x88\xdc\x01\xc0\xdc\x01\x04\x11\xf2\x03\x9f\x04\
\xc0\xdc\x01\xf8\xdc\x01\x04\x11\xf3\x03\x9f\x04\xf8\xdc\x01\xb0\xdd\x01\x04\
\x11\xf4\x03\x9f\x04\xb0\xdd\x01\xe8\xdd\x01\x04\x11\xf5\x03\x9f\x04\xe8\xdd\
\x01\xa0\xde\x01\x04\x11\xf6\x03\x9f\x04\xa0\xde\x01\xd8\xde\x01\x04\x11\xf7\
\x03\x9f\x04\xd8\xde\x01\x90\xdf\x01\x04\x11\xf8\x03\x9f\x04\x90\xdf\x01\xc8\
\xdf\x01\x04\x11\xf9\x03\x9f\x04\xc8\xdf\x01\x80\xe0\x01\x04\x11\xfa\x03\x9f\
\x04\x80\xe0\x01\xb8\xe0\x01\x04\x11\xfb\x03\x9f\x04\xb8\xe0\x01\xf0\xe0\x01\
\x04\x11\xfc\x03\x9f\x04\xf0\xe0\x01\xa8\xe1\x01\x04\x11\xfd\x03\x9f\x04\xa8\
\xe1\x01\xe0\xe1\x01\x04\x11\xfe\x03\x9f\x04\xe0\xe1\x01\x98\xe2\x01\x04\x11\
\xff\x03\x9f\0\x01\x11\x01\x25\x25\x13\x05\x03\x25\x72\x17\x10\x17\x1b\x25\x11\
\x1b\x12\x06\x73\x17\x8c\x01\x17\0\0\x02\x34\0\x03\x25\x49\x13\x3f\x19\x3a\x0b\
\x3b\x0b\x02\x18\0\0\x03\x01\x01\x49\x13\0\0\x04\x21\0\x49\x13\x37\x0b\0\0\x05\
\x24\0\x03\x25\x3e\x0b\x0b\x0b\0\0\x06\x24\0\x03\x25\x0b\x0b\x3e\x0b\0\0\x07\
\x16\0\x49\x13\x03\x25\x3a\x0b\x3b\x0b\0\0\x08\x34\0\x03\x25\x49\x13\x3a\x0b\
\x3b\x05\x1c\x0f\0\0\x09\x0f\0\x49\x13\0\0\x0a\x15\x01\x49\x13\x27\x19\0\0\x0b\
\x05\0\x49\x13\0\0\x0c\x13\x01\x03\x25\x0b\x0b\x3a\x0b\x3b\x05\0\0\x0d\x0d\0\
\x03\x25\x49\x13\x3a\x0b\x3b\x05\x38\x0b\0\0\x0e\x0d\0\x49\x13\x3a\x0b\x3b\x05\
\x88\x01\x0f\x38\x0b\0\0\x0f\x17\x01\x0b\x0b\x3a\x0b\x3b\x05\x88\x01\x0f\0\0\
\x10\x0d\0\x49\x13\x3a\x0b\x3b\x05\x38\x0b\0\0\x11\x17\x01\x0b\x0b\x3a\x0b\x3b\
\x05\0\0\x12\x13\x01\x0b\x0b\x3a\x0b\x3b\x05\0\0\x13\x04\x01\x49\x13\x0b\x0b\
\x3a\x0b\x3b\x0b\0\0\x14\x28\0\x03\x25\x1c\x0f\0\0\x15\x0f\0\0\0\x16\x2e\x01\
\x11\x1b\x12\x06\x40\x18\x7a\x19\x03\x25\x3a\x0b\x3b\x0b\x27\x19\x49\x13\x3f\
\x19\0\0\x17\x05\0\x02\x22\x03\x25\x3a\x0b\x3b\x0b\x49\x13\0\0\x18\x34\0\x02\
\x22\x03\x25\x3a\x0b\x3b\x0b\x49\x13\0\0\x19\x34\0\x03\x25\x3a\x0b\x3b\x0b\x49\
\x13\0\0\x1a\x0b\x01\x11\x1b\x12\x06\0\0\x1b\x13\x01\x03\x25\x0b\x0b\x3a\x0b\
\x3b\x0b\0\0\x1c\x0d\0\x03\x25\x49\x13\x3a\x0b\x3b\x0b\x38\x0b\0\0\x1d\x0d\0\
\x03\x25\x49\x13\x3a\x0b\x3b\x0b\x0d\x0b\x6b\x0b\0\0\x1e\x0d\0\x49\x13\x3a\x0b\
\x3b\x0b\x38\x0b\0\0\x1f\x17\x01\x0b\x0b\x3a\x0b\x3b\x0b\0\0\x20\x13\x01\x0b\
\x0b\x3a\x0b\x3b\x0b\0\0\0\xec\x05\0\0\x05\0\x01\x08\0\0\0\0\x01\0\x1d\0\x01\
\x08\0\0\0\0\0\0\0\x02\x02\xe0\x71\0\0\x08\0\0\0\x0c\0\0\0\x02\x03\x32\0\0\0\0\
\x0c\x02\xa1\0\x03\x3e\0\0\0\x04\x42\0\0\0\x04\0\x05\x04\x06\x01\x06\x05\x08\
\x07\x02\x06\x51\0\0\0\0\x0e\x02\xa1\x01\x07\x59\0\0\0\x08\x01\x1f\x05\x07\x07\
\x08\x08\x09\x67\0\0\0\x04\x65\x01\x0d\x09\x6c\0\0\0\x0a\x81\0\0\0\x0b\x85\0\0\
\0\x0b\x07\x02\0\0\x0b\x51\0\0\0\0\x05\x0a\x05\x08\x09\x8a\0\0\0\x0c\x53\xc0\
\x02\xf1\x17\x0d\x0b\x07\x02\0\0\x02\xf2\x17\0\x0d\x0e\x07\x02\0\0\x02\xf3\x17\
\x04\x0d\x0f\x07\x02\0\0\x02\xf4\x17\x08\x0d\x10\x07\x02\0\0\x02\xf5\x17\x0c\
\x0d\x11\x07\x02\0\0\x02\xf6\x17\x10\x0d\x12\x07\x02\0\0\x02\xf7\x17\x14\x0d\
\x13\x07\x02\0\0\x02\xf8\x17\x18\x0d\x14\x07\x02\0\0\x02\xf9\x17\x1c\x0d\x15\
\x07\x02\0\0\x02\xfa\x17\x20\x0d\x16\x07\x02\0\0\x02\xfb\x17\x24\x0d\x17\x07\
\x02\0\0\x02\xfc\x17\x28\x0d\x18\x07\x02\0\0\x02\xfd\x17\x2c\x0d\x19\x13\x02\0\
\0\x02\xfe\x17\x30\x0d\x1a\x07\x02\0\0\x02\xff\x17\x44\x0d\x1b\x07\x02\0\0\x02\
\0\x18\x48\x0d\x1c\x07\x02\0\0\x02\x01\x18\x4c\x0d\x1d\x07\x02\0\0\x02\x02\x18\
\x50\x0d\x1e\x07\x02\0\0\x02\x03\x18\x54\x0d\x1f\x07\x02\0\0\x02\x06\x18\x58\
\x0d\x20\x07\x02\0\0\x02\x07\x18\x5c\x0d\x21\x07\x02\0\0\x02\x08\x18\x60\x0d\
\x22\x1f\x02\0\0\x02\x09\x18\x64\x0d\x23\x1f\x02\0\0\x02\x0a\x18\x74\x0d\x24\
\x07\x02\0\0\x02\x0b\x18\x84\x0d\x25\x07\x02\0\0\x02\x0c\x18\x88\x0d\x26\x07\
\x02\0\0\x02\x0f\x18\x8c\x0e\x9e\x01\0\0\x02\x10\x18\x08\x90\x0f\x08\x02\x10\
\x18\x08\x0d\x27\x2b\x02\0\0\x02\x10\x18\0\0\x0d\x3f\x51\0\0\0\x02\x11\x18\x98\
\x0d\x40\x07\x02\0\0\x02\x12\x18\xa0\x0d\x41\x07\x02\0\0\x02\x13\x18\xa4\x0e\
\xd7\x01\0\0\x02\x14\x18\x08\xa8\x0f\x08\x02\x14\x18\x08\x0d\x42\x2c\x03\0\0\
\x02\x14\x18\0\0\x0d\x50\x07\x02\0\0\x02\x15\x18\xb0\x0d\x51\x10\x03\0\0\x02\
\x16\x18\xb4\x0d\x52\x51\0\0\0\x02\x18\x18\xb8\0\x07\x0f\x02\0\0\x0d\x01\x1b\
\x05\x0c\x07\x04\x03\x07\x02\0\0\x04\x42\0\0\0\x05\0\x03\x07\x02\0\0\x04\x42\0\
\0\0\x04\0\x09\x30\x02\0\0\x0c\x3e\x38\x02\xf0\x1b\x0d\x28\x04\x03\0\0\x02\xf1\
\x1b\0\x0d\x2b\x04\x03\0\0\x02\xf2\x1b\x02\x0d\x2c\x04\x03\0\0\x02\xf3\x1b\x04\
\x0d\x2d\x10\x03\0\0\x02\xf4\x1b\x06\x0d\x30\x10\x03\0\0\x02\xf5\x1b\x07\x0d\
\x31\x10\x03\0\0\x02\xf6\x1b\x08\x0d\x32\x10\x03\0\0\x02\xf7\x1b\x09\x0d\x33\
\x1c\x03\0\0\x02\xf8\x1b\x0a\x0d\x35\x1c\x03\0\0\x02\xf9\x1b\x0c\x0d\x36\x1c\
\x03\0\0\x02\xfa\x1b\x0e\x10\xa3\x02\0\0\x02\xfb\x1b\x10\x11\x20\x02\xfb\x1b\
\x10\xb1\x02\0\0\x02\xfc\x1b\0\x12\x08\x02\xfc\x1b\x0d\x37\x24\x03\0\0\x02\xfd\
\x1b\0\x0d\x39\x24\x03\0\0\x02\xfe\x1b\x04\0\x10\xd4\x02\0\0\x02\0\x1c\0\x12\
\x20\x02\0\x1c\x0d\x3a\x1f\x02\0\0\x02\x01\x1c\0\x0d\x3b\x1f\x02\0\0\x02\x02\
\x1c\x10\0\0\x0d\x3c\x07\x02\0\0\x02\x05\x1c\x30\x0d\x3d\x24\x03\0\0\x02\x06\
\x1c\x34\0\x07\x0c\x03\0\0\x2a\x01\x18\x05\x29\x07\x02\x07\x18\x03\0\0\x2f\x01\
\x15\x05\x2e\x08\x01\x07\x04\x03\0\0\x34\x03\x20\x07\x07\x02\0\0\x38\x03\x22\
\x09\x31\x03\0\0\x0c\x4f\x50\x02\x59\x18\x0d\x43\x07\x02\0\0\x02\x5a\x18\0\x0d\
\x1f\x07\x02\0\0\x02\x5b\x18\x04\x0d\x44\x07\x02\0\0\x02\x5c\x18\x08\x0d\x11\
\x07\x02\0\0\x02\x5d\x18\x0c\x0d\x0f\x07\x02\0\0\x02\x5e\x18\x10\x0d\x15\x07\
\x02\0\0\x02\x5f\x18\x14\x0d\x45\x07\x02\0\0\x02\x61\x18\x18\x0d\x46\x1f\x02\0\
\0\x02\x62\x18\x1c\x0d\x47\x07\x02\0\0\x02\x63\x18\x2c\x0d\x48\x1c\x03\0\0\x02\
\x64\x18\x30\x0d\x49\x07\x02\0\0\x02\x66\x18\x34\x0d\x4a\x1f\x02\0\0\x02\x67\
\x18\x38\x0d\x4b\x07\x02\0\0\x02\x68\x18\x48\x0d\x4c\xc4\x03\0\0\x02\x69\x18\
\x4c\0\x07\xcc\x03\0\0\x4e\x01\x1a\x05\x4d\x05\x04\x08\x54\xda\x03\0\0\x04\x6d\
\x02\x17\x09\xdf\x03\0\0\x0a\x81\0\0\0\x0b\x07\x02\0\0\x0b\x51\0\0\0\0\x13\x0f\
\x02\0\0\x04\x05\x1d\x14\x55\0\x14\x56\x01\x14\x57\x02\x14\x58\x04\x14\x59\x06\
\x14\x5a\x08\x14\x5b\x0c\x14\x5c\x11\x14\x5d\x16\x14\x5e\x1d\x14\x5f\x21\x14\
\x60\x29\x14\x61\x2e\x14\x62\x2f\x14\x63\x32\x14\x64\x33\x14\x65\x5c\x14\x66\
\x5e\x14\x67\x62\x14\x68\x67\x14\x69\x6c\x14\x6a\x73\x14\x6b\x84\x01\x14\x6c\
\x88\x01\x14\x6d\x89\x01\x14\x6e\x8f\x01\x14\x6f\xff\x01\x14\x70\x86\x02\x14\
\x71\x87\x02\0\x15\x16\x02\xe0\x71\0\0\x01\x5a\x72\0\x12\xcc\x03\0\0\x17\0\x73\
\0\x12\x85\0\0\0\x18\x01\x1c\0\x13\x56\x04\0\0\x18\x02\x74\0\x16\xd7\x04\0\0\
\x18\x03\x1d\0\x14\x56\x04\0\0\x18\x04\x79\0\x1c\x09\x05\0\0\x18\x05\x7a\0\x22\
\x10\x03\0\0\x18\x06\x87\0\x2a\xbb\x05\0\0\x18\x07\x8b\0\x26\x56\x04\0\0\x19\
\x8d\0\x30\x56\x04\0\0\x19\x8e\0\x33\xea\x05\0\0\x19\x8f\0\x56\xea\x05\0\0\x1a\
\x03\x08\x70\0\0\x18\x08\x8c\0\x38\xcc\x03\0\0\0\0\x09\xdc\x04\0\0\x1b\x78\x0e\
\x06\xad\x1c\x75\xfd\x04\0\0\x06\xae\0\x1c\x76\xfd\x04\0\0\x06\xaf\x06\x1c\x77\
\x1c\x03\0\0\x06\xb0\x0c\0\x03\x18\x03\0\0\x04\x42\0\0\0\x06\0\x09\x0e\x05\0\0\
\x1b\x86\x14\x07\x57\x1d\x7a\x10\x03\0\0\x07\x59\x04\0\x1d\x7b\x10\x03\0\0\x07\
\x5a\x04\x04\x1c\x7c\x10\x03\0\0\x07\x61\x01\x1c\x7d\x1c\x03\0\0\x07\x62\x02\
\x1c\x7e\x1c\x03\0\0\x07\x63\x04\x1c\x7f\x1c\x03\0\0\x07\x64\x06\x1c\x80\x10\
\x03\0\0\x07\x65\x08\x1c\x11\x10\x03\0\0\x07\x66\x09\x1c\x81\xb3\x05\0\0\x07\
\x67\x0a\x1e\x6e\x05\0\0\x07\x68\x0c\x1f\x08\x07\x68\x1e\x7a\x05\0\0\x07\x68\0\
\x20\x08\x07\x68\x1c\x83\x24\x03\0\0\x07\x68\0\x1c\x84\x24\x03\0\0\x07\x68\x04\
\0\x1c\x85\x9a\x05\0\0\x07\x68\0\x20\x08\x07\x68\x1c\x83\x24\x03\0\0\x07\x68\0\
\x1c\x84\x24\x03\0\0\x07\x68\x04\0\0\0\x07\x04\x03\0\0\x82\x03\x26\x09\xc0\x05\
\0\0\x1b\x8a\x08\x08\x17\x1c\x88\x1c\x03\0\0\x08\x18\0\x1c\x89\x1c\x03\0\0\x08\
\x19\x02\x1c\x0b\x1c\x03\0\0\x08\x1a\x04\x1c\x81\xb3\x05\0\0\x08\x1b\x06\0\x09\
\x18\x03\0\0\0\x44\x02\0\0\x05\0\0\0\0\0\0\0\x27\0\0\0\x36\0\0\0\x60\0\0\0\x68\
\0\0\0\x6d\0\0\0\x81\0\0\0\x89\0\0\0\x9c\0\0\0\xa2\0\0\0\xb5\0\0\0\xba\0\0\0\
\xbe\0\0\0\xcb\0\0\0\xd1\0\0\0\xda\0\0\0\xdf\0\0\0\xed\0\0\0\xf6\0\0\0\x03\x01\
\0\0\x0c\x01\0\0\x17\x01\0\0\x20\x01\0\0\x30\x01\0\0\x38\x01\0\0\x41\x01\0\0\
\x44\x01\0\0\x49\x01\0\0\x54\x01\0\0\x59\x01\0\0\x62\x01\0\0\x6a\x01\0\0\x71\
\x01\0\0\x7c\x01\0\0\x86\x01\0\0\x91\x01\0\0\x9b\x01\0\0\xa7\x01\0\0\xb2\x01\0\
\0\xbc\x01\0\0\xc6\x01\0\0\xcc\x01\0\0\xdb\x01\0\0\xe1\x01\0\0\xe7\x01\0\0\xf2\
\x01\0\0\xfa\x01\0\0\x08\x02\0\0\x0d\x02\0\0\x1b\x02\0\0\x24\x02\0\0\x2d\x02\0\
\0\x35\x02\0\0\x3c\x02\0\0\x42\x02\0\0\x48\x02\0\0\x51\x02\0\0\x58\x02\0\0\x61\
\x02\0\0\x6a\x02\0\0\x73\x02\0\0\x79\x02\0\0\x84\x02\0\0\x92\x02\0\0\x99\x02\0\
\0\xa2\x02\0\0\xab\x02\0\0\xae\x02\0\0\xbb\x02\0\0\xc0\x02\0\0\xc8\x02\0\0\xd0\
\x02\0\0\xd9\x02\0\0\xe2\x02\0\0\xea\x02\0\0\xf2\x02\0\0\xf8\x02\0\0\x09\x03\0\
\0\x0d\x03\0\0\x13\x03\0\0\x1c\x03\0\0\x25\x03\0\0\x31\x03\0\0\x3a\x03\0\0\x44\
\x03\0\0\x51\x03\0\0\x5c\x03\0\0\x69\x03\0\0\x76\x03\0\0\x83\x03\0\0\x8f\x03\0\
\0\x9b\x03\0\0\xa7\x03\0\0\xb3\x03\0\0\xbf\x03\0\0\xca\x03\0\0\xd7\x03\0\0\xe4\
\x03\0\0\xf1\x03\0\0\xfd\x03\0\0\x09\x04\0\0\x14\x04\0\0\x20\x04\0\0\x2f\x04\0\
\0\x3d\x04\0\0\x49\x04\0\0\x56\x04\0\0\x63\x04\0\0\x70\x04\0\0\x80\x04\0\0\x8d\
\x04\0\0\x9e\x04\0\0\xaa\x04\0\0\xb8\x04\0\0\xc4\x04\0\0\xcd\x04\0\0\xd1\x04\0\
\0\xd5\x04\0\0\xdc\x04\0\0\xe5\x04\0\0\xed\x04\0\0\xf4\x04\0\0\xf7\x04\0\0\xfb\
\x04\0\0\x03\x05\0\0\x07\x05\0\0\x0f\x05\0\0\x12\x05\0\0\x1b\x05\0\0\x1f\x05\0\
\0\x25\x05\0\0\x2d\x05\0\0\x33\x05\0\0\x39\x05\0\0\x3f\x05\0\0\x45\x05\0\0\x49\
\x05\0\0\x50\x05\0\0\x55\x05\0\0\x5c\x05\0\0\x63\x05\0\0\x65\x05\0\0\x6d\x05\0\
\0\x6f\x05\0\0\x55\x62\x75\x6e\x74\x75\x20\x63\x6c\x61\x6e\x67\x20\x76\x65\x72\
\x73\x69\x6f\x6e\x20\x31\x38\x2e\x31\x2e\x33\x20\x28\x31\x75\x62\x75\x6e\x74\
\x75\x31\x29\0\x74\x63\x5f\x63\x6c\x6f\x6e\x65\x2e\x62\x70\x66\x2e\x63\0\x2f\
\x68\x6f\x6d\x65\x2f\x76\x6c\x61\x64\x69\x6d\x69\x72\x6f\x2f\x78\x64\x70\x2d\
\x63\x6c\x6f\x6e\x65\x2f\x74\x63\x2d\x63\x6c\x6f\x6e\x65\x2d\x74\x73\x74\x61\
\x6d\x70\0\x4c\x49\x43\x45\x4e\x53\x45\0\x63\x68\x61\x72\0\x5f\x5f\x41\x52\x52\
\x41\x59\x5f\x53\x49\x5a\x45\x5f\x54\x59\x50\x45\x5f\x5f\0\x6e\x5f\x63\x6c\x6f\
\x6e\x65\0\x75\x6e\x73\x69\x67\x6e\x65\x64\x20\x6c\x6f\x6e\x67\x20\x6c\x6f\x6e\
\x67\0\x5f\x5f\x75\x36\x34\0\x62\x70\x66\x5f\x63\x6c\x6f\x6e\x65\x5f\x72\x65\
\x64\x69\x72\x65\x63\x74\0\x6c\x6f\x6e\x67\0\x6c\x65\x6e\0\x75\x6e\x73\x69\x67\
\x6e\x65\x64\x20\x69\x6e\x74\0\x5f\x5f\x75\x33\x32\0\x70\x6b\x74\x5f\x74\x79\
\x70\x65\0\x6d\x61\x72\x6b\0\x71\x75\x65\x75\x65\x5f\x6d\x61\x70\x70\x69\x6e\
\x67\0\x70\x72\x6f\x74\x6f\x63\x6f\x6c\0\x76\x6c\x61\x6e\x5f\x70\x72\x65\x73\
\x65\x6e\x74\0\x76\x6c\x61\x6e\x5f\x74\x63\x69\0\x76\x6c\x61\x6e\x5f\x70\x72\
\x6f\x74\x6f\0\x70\x72\x69\x6f\x72\x69\x74\x79\0\x69\x6e\x67\x72\x65\x73\x73\
\x5f\x69\x66\x69\x6e\x64\x65\x78\0\x69\x66\x69\x6e\x64\x65\x78\0\x74\x63\x5f\
\x69\x6e\x64\x65\x78\0\x63\x62\0\x68\x61\x73\x68\0\x74\x63\x5f\x63\x6c\x61\x73\
\x73\x69\x64\0\x64\x61\x74\x61\0\x64\x61\x74\x61\x5f\x65\x6e\x64\0\x6e\x61\x70\
\x69\x5f\x69\x64\0\x66\x61\x6d\x69\x6c\x79\0\x72\x65\x6d\x6f\x74\x65\x5f\x69\
\x70\x34\0\x6c\x6f\x63\x61\x6c\x5f\x69\x70\x34\0\x72\x65\x6d\x6f\x74\x65\x5f\
\x69\x70\x36\0\x6c\x6f\x63\x61\x6c\x5f\x69\x70\x36\0\x72\x65\x6d\x6f\x74\x65\
\x5f\x70\x6f\x72\x74\0\x6c\x6f\x63\x61\x6c\x5f\x70\x6f\x72\x74\0\x64\x61\x74\
\x61\x5f\x6d\x65\x74\x61\0\x66\x6c\x6f\x77\x5f\x6b\x65\x79\x73\0\x6e\x68\x6f\
\x66\x66\0\x75\x6e\x73\x69\x67\x6e\x65\x64\x20\x73\x68\x6f\x72\x74\0\x5f\x5f\
\x75\x31\x36\0\x74\x68\x6f\x66\x66\0\x61\x64\x64\x72\x5f\x70\x72\x6f\x74\x6f\0\
\x69\x73\x5f\x66\x72\x61\x67\0\x75\x6e\x73\x69\x67\x6e\x65\x64\x20\x63\x68\x61\
\x72\0\x5f\x5f\x75\x38\0\x69\x73\x5f\x66\x69\x72\x73\x74\x5f\x66\x72\x61\x67\0\
\x69\x73\x5f\x65\x6e\x63\x61\x70\0\x69\x70\x5f\x70\x72\x6f\x74\x6f\0\x6e\x5f\
\x70\x72\x6f\x74\x6f\0\x5f\x5f\x62\x65\x31\x36\0\x73\x70\x6f\x72\x74\0\x64\x70\
\x6f\x72\x74\0\x69\x70\x76\x34\x5f\x73\x72\x63\0\x5f\x5f\x62\x65\x33\x32\0\x69\
\x70\x76\x34\x5f\x64\x73\x74\0\x69\x70\x76\x36\x5f\x73\x72\x63\0\x69\x70\x76\
\x36\x5f\x64\x73\x74\0\x66\x6c\x61\x67\x73\0\x66\x6c\x6f\x77\x5f\x6c\x61\x62\
\x65\x6c\0\x62\x70\x66\x5f\x66\x6c\x6f\x77\x5f\x6b\x65\x79\x73\0\x74\x73\x74\
\x61\x6d\x70\0\x77\x69\x72\x65\x5f\x6c\x65\x6e\0\x67\x73\x6f\x5f\x73\x65\x67\
\x73\0\x73\x6b\0\x62\x6f\x75\x6e\x64\x5f\x64\x65\x76\x5f\x69\x66\0\x74\x79\x70\
\x65\0\x73\x72\x63\x5f\x69\x70\x34\0\x73\x72\x63\x5f\x69\x70\x36\0\x73\x72\x63\
\x5f\x70\x6f\x72\x74\0\x64\x73\x74\x5f\x70\x6f\x72\x74\0\x64\x73\x74\x5f\x69\
\x70\x34\0\x64\x73\x74\x5f\x69\x70\x36\0\x73\x74\x61\x74\x65\0\x72\x78\x5f\x71\
\x75\x65\x75\x65\x5f\x6d\x61\x70\x70\x69\x6e\x67\0\x69\x6e\x74\0\x5f\x5f\x73\
\x33\x32\0\x62\x70\x66\x5f\x73\x6f\x63\x6b\0\x67\x73\x6f\x5f\x73\x69\x7a\x65\0\
\x74\x73\x74\x61\x6d\x70\x5f\x74\x79\x70\x65\0\x68\x77\x74\x73\x74\x61\x6d\x70\
\0\x5f\x5f\x73\x6b\x5f\x62\x75\x66\x66\0\x62\x70\x66\x5f\x72\x65\x64\x69\x72\
\x65\x63\x74\0\x49\x50\x50\x52\x4f\x54\x4f\x5f\x49\x50\0\x49\x50\x50\x52\x4f\
\x54\x4f\x5f\x49\x43\x4d\x50\0\x49\x50\x50\x52\x4f\x54\x4f\x5f\x49\x47\x4d\x50\
\0\x49\x50\x50\x52\x4f\x54\x4f\x5f\x49\x50\x49\x50\0\x49\x50\x50\x52\x4f\x54\
\x4f\x5f\x54\x43\x50\0\x49\x50\x50\x52\x4f\x54\x4f\x5f\x45\x47\x50\0\x49\x50\
\x50\x52\x4f\x54\x4f\x5f\x50\x55\x50\0\x49\x50\x50\x52\x4f\x54\x4f\x5f\x55\x44\
\x50\0\x49\x50\x50\x52\x4f\x54\x4f\x5f\x49\x44\x50\0\x49\x50\x50\x52\x4f\x54\
\x4f\x5f\x54\x50\0\x49\x50\x50\x52\x4f\x54\x4f\x5f\x44\x43\x43\x50\0\x49\x50\
\x50\x52\x4f\x54\x4f\x5f\x49\x50\x56\x36\0\x49\x50\x50\x52\x4f\x54\x4f\x5f\x52\
\x53\x56\x50\0\x49\x50\x50\x52\x4f\x54\x4f\x5f\x47\x52\x45\0\x49\x50\x50\x52\
\x4f\x54\x4f\x5f\x45\x53\x50\0\x49\x50\x50\x52\x4f\x54\x4f\x5f\x41\x48\0\x49\
\x50\x50\x52\x4f\x54\x4f\x5f\x4d\x54\x50\0\x49\x50\x50\x52\x4f\x54\x4f\x5f\x42\
\x45\x45\x54\x50\x48\0\x49\x50\x50\x52\x4f\x54\x4f\x5f\x45\x4e\x43\x41\x50\0\
\x49\x50\x50\x52\x4f\x54\x4f\x5f\x50\x49\x4d\0\x49\x50\x50\x52\x4f\x54\x4f\x5f\
\x43\x4f\x4d\x50\0\x49\x50\x50\x52\x4f\x54\x4f\x5f\x4c\x32\x54\x50\0\x49\x50\
\x50\x52\x4f\x54\x4f\x5f\x53\x43\x54\x50\0\x49\x50\x50\x52\x4f\x54\x4f\x5f\x55\
\x44\x50\x4c\x49\x54\x45\0\x49\x50\x50\x52\x4f\x54\x4f\x5f\x4d\x50\x4c\x53\0\
\x49\x50\x50\x52\x4f\x54\x4f\x5f\x45\x54\x48\x45\x52\x4e\x45\x54\0\x49\x50\x50\
\x52\x4f\x54\x4f\x5f\x52\x41\x57\0\x49\x50\x50\x52\x4f\x54\x4f\x5f\x4d\x50\x54\
\x43\x50\0\x49\x50\x50\x52\x4f\x54\x4f\x5f\x4d\x41\x58\0\x74\x63\x5f\x63\x6c\
\x6f\x6e\x65\0\x73\x6b\x62\0\x65\x74\x68\0\x68\x5f\x64\x65\x73\x74\0\x68\x5f\
\x73\x6f\x75\x72\x63\x65\0\x68\x5f\x70\x72\x6f\x74\x6f\0\x65\x74\x68\x68\x64\
\x72\0\x69\x70\0\x69\x68\x6c\0\x76\x65\x72\x73\x69\x6f\x6e\0\x74\x6f\x73\0\x74\
\x6f\x74\x5f\x6c\x65\x6e\0\x69\x64\0\x66\x72\x61\x67\x5f\x6f\x66\x66\0\x74\x74\
\x6c\0\x63\x68\x65\x63\x6b\0\x5f\x5f\x73\x75\x6d\x31\x36\0\x73\x61\x64\x64\x72\
\0\x64\x61\x64\x64\x72\0\x61\x64\x64\x72\x73\0\x69\x70\x68\x64\x72\0\x75\x64\
\x70\0\x73\x6f\x75\x72\x63\x65\0\x64\x65\x73\x74\0\x75\x64\x70\x68\x64\x72\0\
\x69\x70\x5f\x65\x6e\x64\0\x69\0\x70\x61\x79\x6c\x6f\x61\x64\0\x70\0\x70\x32\0\
\x24\0\0\0\x05\0\x08\0\0\0\0\0\0\0\0\0\0\0\0\0\0\0\0\0\0\0\0\0\0\0\0\0\x10\x01\
\0\0\0\0\0\0\0\x9f\xeb\x01\0\x18\0\0\0\0\0\0\0\x4c\x03\0\0\x4c\x03\0\0\x8f\x04\
\0\0\0\0\0\0\0\0\0\x02\x02\0\0\0\x01\0\0\0\x22\0\0\x04\xc0\0\0\0\x0b\0\0\0\x03\
\0\0\0\0\0\0\0\x0f\0\0\0\x03\0\0\0\x20\0\0\0\x18\0\0\0\x03\0\0\0\x40\0\0\0\x1d\
\0\0\0\x03\0\0\0\x60\0\0\0\x2b\0\0\0\x03\0\0\0\x80\0\0\0\x34\0\0\0\x03\0\0\0\
\xa0\0\0\0\x41\0\0\0\x03\0\0\0\xc0\0\0\0\x4a\0\0\0\x03\0\0\0\xe0\0\0\0\x55\0\0\
\0\x03\0\0\0\0\x01\0\0\x5e\0\0\0\x03\0\0\0\x20\x01\0\0\x6e\0\0\0\x03\0\0\0\x40\
\x01\0\0\x76\0\0\0\x03\0\0\0\x60\x01\0\0\x7f\0\0\0\x05\0\0\0\x80\x01\0\0\x82\0\
\0\0\x03\0\0\0\x20\x02\0\0\x87\0\0\0\x03\0\0\0\x40\x02\0\0\x92\0\0\0\x03\0\0\0\
\x60\x02\0\0\x97\0\0\0\x03\0\0\0\x80\x02\0\0\xa0\0\0\0\x03\0\0\0\xa0\x02\0\0\
\xa8\0\0\0\x03\0\0\0\xc0\x02\0\0\xaf\0\0\0\x03\0\0\0\xe0\x02\0\0\xba\0\0\0\x03\
\0\0\0\0\x03\0\0\xc4\0\0\0\x07\0\0\0\x20\x03\0\0\xcf\0\0\0\x07\0\0\0\xa0\x03\0\
\0\xd9\0\0\0\x03\0\0\0\x20\x04\0\0\xe5\0\0\0\x03\0\0\0\x40\x04\0\0\xf0\0\0\0\
\x03\0\0\0\x60\x04\0\0\0\0\0\0\x08\0\0\0\x80\x04\0\0\xfa\0\0\0\x0a\0\0\0\xc0\
\x04\0\0\x01\x01\0\0\x03\0\0\0\0\x05\0\0\x0a\x01\0\0\x03\0\0\0\x20\x05\0\0\0\0\
\0\0\x0c\0\0\0\x40\x05\0\0\x13\x01\0\0\x03\0\0\0\x80\x05\0\0\x1c\x01\0\0\x0e\0\
\0\0\xa0\x05\0\0\x28\x01\0\0\x0a\0\0\0\xc0\x05\0\0\x31\x01\0\0\0\0\0\x08\x04\0\
\0\0\x37\x01\0\0\0\0\0\x01\x04\0\0\0\x20\0\0\0\0\0\0\0\0\0\0\x03\0\0\0\0\x03\0\
\0\0\x06\0\0\0\x05\0\0\0\x44\x01\0\0\0\0\0\x01\x04\0\0\0\x20\0\0\0\0\0\0\0\0\0\
\0\x03\0\0\0\0\x03\0\0\0\x06\0\0\0\x04\0\0\0\0\0\0\0\x01\0\0\x05\x08\0\0\0\x58\
\x01\0\0\x09\0\0\0\0\0\0\0\0\0\0\0\0\0\0\x02\x19\0\0\0\x62\x01\0\0\0\0\0\x08\
\x0b\0\0\0\x68\x01\0\0\0\0\0\x01\x08\0\0\0\x40\0\0\0\0\0\0\0\x01\0\0\x05\x08\0\
\0\0\x7b\x01\0\0\x0d\0\0\0\0\0\0\0\0\0\0\0\0\0\0\x02\x1a\0\0\0\x7e\x01\0\0\0\0\
\0\x08\x0f\0\0\0\x83\x01\0\0\0\0\0\x01\x01\0\0\0\x08\0\0\0\0\0\0\0\x01\0\0\x0d\
\x11\0\0\0\x91\x01\0\0\x01\0\0\0\x95\x01\0\0\0\0\0\x01\x04\0\0\0\x20\0\0\x01\
\x99\x01\0\0\x01\0\0\x0c\x10\0\0\0\x55\x04\0\0\0\0\0\x01\x01\0\0\0\x08\0\0\x01\
\0\0\0\0\0\0\0\x03\0\0\0\0\x13\0\0\0\x06\0\0\0\x04\0\0\0\x5a\x04\0\0\0\0\0\x0e\
\x14\0\0\0\x01\0\0\0\x62\x04\0\0\0\0\0\x0e\x0a\0\0\0\x01\0\0\0\x6a\x04\0\0\x01\
\0\0\x0f\0\0\0\0\x16\0\0\0\0\0\0\0\x08\0\0\0\x70\x04\0\0\x01\0\0\x0f\0\0\0\0\
\x15\0\0\0\0\0\0\0\x04\0\0\0\x78\x04\0\0\0\0\0\x07\0\0\0\0\x86\x04\0\0\0\0\0\
\x07\0\0\0\0\0\x5f\x5f\x73\x6b\x5f\x62\x75\x66\x66\0\x6c\x65\x6e\0\x70\x6b\x74\
\x5f\x74\x79\x70\x65\0\x6d\x61\x72\x6b\0\x71\x75\x65\x75\x65\x5f\x6d\x61\x70\
\x70\x69\x6e\x67\0\x70\x72\x6f\x74\x6f\x63\x6f\x6c\0\x76\x6c\x61\x6e\x5f\x70\
\x72\x65\x73\x65\x6e\x74\0\x76\x6c\x61\x6e\x5f\x74\x63\x69\0\x76\x6c\x61\x6e\
\x5f\x70\x72\x6f\x74\x6f\0\x70\x72\x69\x6f\x72\x69\x74\x79\0\x69\x6e\x67\x72\
\x65\x73\x73\x5f\x69\x66\x69\x6e\x64\x65\x78\0\x69\x66\x69\x6e\x64\x65\x78\0\
\x74\x63\x5f\x69\x6e\x64\x65\x78\0\x63\x62\0\x68\x61\x73\x68\0\x74\x63\x5f\x63\
\x6c\x61\x73\x73\x69\x64\0\x64\x61\x74\x61\0\x64\x61\x74\x61\x5f\x65\x6e\x64\0\
\x6e\x61\x70\x69\x5f\x69\x64\0\x66\x61\x6d\x69\x6c\x79\0\x72\x65\x6d\x6f\x74\
\x65\x5f\x69\x70\x34\0\x6c\x6f\x63\x61\x6c\x5f\x69\x70\x34\0\x72\x65\x6d\x6f\
\x74\x65\x5f\x69\x70\x36\0\x6c\x6f\x63\x61\x6c\x5f\x69\x70\x36\0\x72\x65\x6d\
\x6f\x74\x65\x5f\x70\x6f\x72\x74\0\x6c\x6f\x63\x61\x6c\x5f\x70\x6f\x72\x74\0\
\x64\x61\x74\x61\x5f\x6d\x65\x74\x61\0\x74\x73\x74\x61\x6d\x70\0\x77\x69\x72\
\x65\x5f\x6c\x65\x6e\0\x67\x73\x6f\x5f\x73\x65\x67\x73\0\x67\x73\x6f\x5f\x73\
\x69\x7a\x65\0\x74\x73\x74\x61\x6d\x70\x5f\x74\x79\x70\x65\0\x68\x77\x74\x73\
\x74\x61\x6d\x70\0\x5f\x5f\x75\x33\x32\0\x75\x6e\x73\x69\x67\x6e\x65\x64\x20\
\x69\x6e\x74\0\x5f\x5f\x41\x52\x52\x41\x59\x5f\x53\x49\x5a\x45\x5f\x54\x59\x50\
\x45\x5f\x5f\0\x66\x6c\x6f\x77\x5f\x6b\x65\x79\x73\0\x5f\x5f\x75\x36\x34\0\x75\
\x6e\x73\x69\x67\x6e\x65\x64\x20\x6c\x6f\x6e\x67\x20\x6c\x6f\x6e\x67\0\x73\x6b\
\0\x5f\x5f\x75\x38\0\x75\x6e\x73\x69\x67\x6e\x65\x64\x20\x63\x68\x61\x72\0\x73\
\x6b\x62\0\x69\x6e\x74\0\x74\x63\x5f\x63\x6c\x6f\x6e\x65\0\x74\x63\0\x2f\x68\
\x6f\x6d\x65\x2f\x76\x6c\x61\x64\x69\x6d\x69\x72\x6f\x2f\x78\x64\x70\x2d\x63\
\x6c\x6f\x6e\x65\x2f\x74\x63\x2d\x63\x6c\x6f\x6e\x65\x2d\x74\x73\x74\x61\x6d\
\x70\x2f\x74\x63\x5f\x63\x6c\x6f\x6e\x65\x2e\x62\x70\x66\x2e\x63\0\x69\x6e\x74\
\x20\x74\x63\x5f\x63\x6c\x6f\x6e\x65\x28\x73\x74\x72\x75\x63\x74\x20\x5f\x5f\
\x73\x6b\x5f\x62\x75\x66\x66\x20\x2a\x73\x6b\x62\x29\x20\x7b\0\x20\x20\x76\x6f\
\x69\x64\x20\x2a\x64\x61\x74\x61\x5f\x65\x6e\x64\x20\x3d\x20\x28\x76\x6f\x69\
\x64\x20\x2a\x29\x28\x6c\x6f\x6e\x67\x29\x73\x6b\x62\x2d\x3e\x64\x61\x74\x61\
\x5f\x65\x6e\x64\x3b\0\x20\x20\x76\x6f\x69\x64\x20\x2a\x64\x61\x74\x61\x20\x3d\
\x20\x28\x76\x6f\x69\x64\x20\x2a\x29\x28\x6c\x6f\x6e\x67\x29\x73\x6b\x62\x2d\
\x3e\x64\x61\x74\x61\x3b\0\x20\x20\x69\x66\x20\x28\x28\x76\x6f\x69\x64\x20\x2a\
\x29\x28\x65\x74\x68\x20\x2b\x20\x31\x29\x20\x3e\x20\x64\x61\x74\x61\x5f\x65\
\x6e\x64\x29\0\x20\x20\x69\x66\x20\x28\x62\x70\x66\x5f\x6e\x74\x6f\x68\x73\x28\
\x65\x74\x68\x2d\x3e\x68\x5f\x70\x72\x6f\x74\x6f\x29\x20\x21\x3d\x20\x45\x54\
\x48\x5f\x50\x5f\x49\x50\x29\0\x20\x20\x69\x66\x20\x28\x69\x70\x2d\x3e\x70\x72\
\x6f\x74\x6f\x63\x6f\x6c\x20\x21\x3d\x20\x49\x50\x50\x52\x4f\x54\x4f\x5f\x55\
\x44\x50\x29\0\x20\x20\x5f\x5f\x75\x38\x20\x69\x68\x6c\x20\x3d\x20\x69\x70\x2d\
\x3e\x69\x68\x6c\x3b\0\x20\x20\x69\x66\x20\x28\x69\x68\x6c\x20\x3c\x20\x35\x29\
\0\x20\x20\x76\x6f\x69\x64\x20\x2a\x69\x70\x5f\x65\x6e\x64\x20\x3d\x20\x28\x76\
\x6f\x69\x64\x20\x2a\x29\x69\x70\x20\x2b\x20\x69\x68\x6c\x20\x2a\x20\x34\x3b\0\
\x20\x20\x69\x66\x20\x28\x69\x70\x5f\x65\x6e\x64\x20\x3e\x20\x64\x61\x74\x61\
\x5f\x65\x6e\x64\x29\0\x20\x20\x69\x66\x20\x28\x62\x70\x66\x5f\x6e\x74\x6f\x68\
\x73\x28\x75\x64\x70\x2d\x3e\x64\x65\x73\x74\x29\x20\x21\x3d\x20\x38\x39\x30\
\x31\x29\0\x20\x20\x70\x5b\x32\x5d\x20\x3d\x20\x30\x78\x30\x30\x3b\0\x20\x20\
\x20\x20\x69\x66\x20\x28\x69\x20\x3e\x3d\x20\x6e\x5f\x63\x6c\x6f\x6e\x65\x29\0\
\x20\x20\x20\x20\x62\x70\x66\x5f\x63\x6c\x6f\x6e\x65\x5f\x72\x65\x64\x69\x72\
\x65\x63\x74\x28\x73\x6b\x62\x2c\x20\x73\x6b\x62\x2d\x3e\x69\x66\x69\x6e\x64\
\x65\x78\x2c\x20\x30\x29\x3b\0\x20\x20\x64\x61\x74\x61\x20\x3d\x20\x28\x76\x6f\
\x69\x64\x20\x2a\x29\x28\x6c\x6f\x6e\x67\x29\x73\x6b\x62\x2d\x3e\x64\x61\x74\
\x61\x3b\0\x20\x20\x64\x61\x74\x61\x5f\x65\x6e\x64\x20\x3d\x20\x28\x76\x6f\x69\
\x64\x20\x2a\x29\x28\x6c\x6f\x6e\x67\x29\x73\x6b\x62\x2d\x3e\x64\x61\x74\x61\
\x5f\x65\x6e\x64\x3b\0\x20\x20\x69\x70\x5f\x65\x6e\x64\x20\x3d\x20\x28\x76\x6f\
\x69\x64\x20\x2a\x29\x69\x70\x20\x2b\x20\x69\x70\x2d\x3e\x69\x68\x6c\x20\x2a\
\x20\x34\x3b\0\x20\x20\x70\x32\x5b\x32\x5d\x20\x3d\x20\x30\x78\x61\x62\x3b\0\
\x20\x20\x72\x65\x74\x75\x72\x6e\x20\x62\x70\x66\x5f\x72\x65\x64\x69\x72\x65\
\x63\x74\x28\x73\x6b\x62\x2d\x3e\x69\x66\x69\x6e\x64\x65\x78\x2c\x20\x30\x29\
\x3b\0\x7d\0\x63\x68\x61\x72\0\x4c\x49\x43\x45\x4e\x53\x45\0\x6e\x5f\x63\x6c\
\x6f\x6e\x65\0\x2e\x64\x61\x74\x61\0\x6c\x69\x63\x65\x6e\x73\x65\0\x62\x70\x66\
\x5f\x66\x6c\x6f\x77\x5f\x6b\x65\x79\x73\0\x62\x70\x66\x5f\x73\x6f\x63\x6b\0\0\
\x9f\xeb\x01\0\x20\0\0\0\0\0\0\0\x14\0\0\0\x14\0\0\0\xcc\x61\0\0\xe0\x61\0\0\0\
\0\0\0\x08\0\0\0\xa2\x01\0\0\x01\0\0\0\0\0\0\0\x12\0\0\0\x10\0\0\0\xa2\x01\0\0\
\x1c\x06\0\0\0\0\0\0\xa5\x01\0\0\xde\x01\0\0\0\x48\0\0\x08\0\0\0\xa5\x01\0\0\
\x04\x02\0\0\x27\x50\0\0\x10\0\0\0\xa5\x01\0\0\x34\x02\0\0\x23\x4c\0\0\x18\0\0\
\0\xa5\x01\0\0\x5c\x02\0\0\x14\x5c\0\0\x28\0\0\0\xa5\x01\0\0\x5c\x02\0\0\x07\
\x5c\0\0\x30\0\0\0\xa5\x01\0\0\x80\x02\0\0\x07\x64\0\0\x50\0\0\0\xa5\x01\0\0\
\x80\x02\0\0\x07\x64\0\0\x70\0\0\0\xa5\x01\0\0\xab\x02\0\0\x0b\x7c\0\0\x78\0\0\
\0\xa5\x01\0\0\xab\x02\0\0\x07\x7c\0\0\x80\0\0\0\xa5\x01\0\0\xce\x02\0\0\x12\
\x88\0\0\x98\0\0\0\xa5\x01\0\0\xe4\x02\0\0\x07\x8c\0\0\xa0\0\0\0\xa5\x01\0\0\
\xf3\x02\0\0\x23\x98\0\0\xa8\0\0\0\xa5\x01\0\0\xf3\x02\0\0\x1d\x98\0\0\xb0\0\0\
\0\xa5\x01\0\0\x1a\x03\0\0\x07\x9c\0\0\xd0\0\0\0\xa5\x01\0\0\x33\x03\0\0\x07\
\xb4\0\0\xd8\0\0\0\xa5\x01\0\0\x33\x03\0\0\x07\xb4\0\0\x08\x01\0\0\xa5\x01\0\0\
\x57\x03\0\0\x08\xd0\0\0\x10\x01\0\0\xa5\x01\0\0\x66\x03\0\0\x0e\xe4\0\0\x28\
\x01\0\0\xa5\x01\0\0\x66\x03\0\0\x09\xe4\0\0\x38\x01\0\0\xa5\x01\0\0\x7c\x03\0\
\0\x05\xf0\0\0\x50\x01\0\0\xa5\x01\0\0\x66\x03\0\0\x0e\xe4\0\0\x60\x01\0\0\xa5\
\x01\0\0\x66\x03\0\0\x09\xe4\0\0\x70\x01\0\0\xa5\x01\0\0\x7c\x03\0\0\x05\xf0\0\
\0\x88\x01\0\0\xa5\x01\0\0\x66\x03\0\0\x0e\xe4\0\0\x98\x01\0\0\xa5\x01\0\0\x66\
\x03\0\0\x09\xe4\0\0\xa8\x01\0\0\xa5\x01\0\0\x7c\x03\0\0\x05\xf0\0\0\xc0\x01\0\
\0\xa5\x01\0\0\x66\x03\0\0\x0e\xe4\0\0\xd0\x01\0\0\xa5\x01\0\0\x66\x03\0\0\x09\
\xe4\0\0\xe0\x01\0\0\xa5\x01\0\0\x7c\x03\0\0\x05\xf0\0\0\xf8\x01\0\0\xa5\x01\0\
\0\x66\x03\0\0\x0e\xe4\0\0\x08\x02\0\0\xa5\x01\0\0\x66\x03\0\0\x09\xe4\0\0\x18\
\x02\0\0\xa5\x01\0\0\x7c\x03\0\0\x05\xf0\0\0\x30\x02\0\0\xa5\x01\0\0\x66\x03\0\
\0\x0e\xe4\0\0\x40\x02\0\0\xa5\x01\0\0\x66\x03\0\0\x09\xe4\0\0\x50\x02\0\0\xa5\
\x01\0\0\x7c\x03\0\0\x05\xf0\0\0\x68\x02\0\0\xa5\x01\0\0\x66\x03\0\0\x0e\xe4\0\
\0\x78\x02\0\0\xa5\x01\0\0\x66\x03\0\0\x09\xe4\0\0\x88\x02\0\0\xa5\x01\0\0\x7c\
\x03\0\0\x05\xf0\0\0\xa0\x02\0\0\xa5\x01\0\0\x66\x03\0\0\x0e\xe4\0\0\xb0\x02\0\
\0\xa5\x01\0\0\x66\x03\0\0\x09\xe4\0\0\xc0\x02\0\0\xa5\x01\0\0\x7c\x03\0\0\x05\
\xf0\0\0\xd8\x02\0\0\xa5\x01\0\0\x66\x03\0\0\x0e\xe4\0\0\xe8\x02\0\0\xa5\x01\0\
\0\x66\x03\0\0\x09\xe4\0\0\xf8\x02\0\0\xa5\x01\0\0\x7c\x03\0\0\x05\xf0\0\0\x10\
\x03\0\0\xa5\x01\0\0\x66\x03\0\0\x0e\xe4\0\0\x20\x03\0\0\xa5\x01\0\0\x66\x03\0\
\0\x09\xe4\0\0\x30\x03\0\0\xa5\x01\0\0\x7c\x03\0\0\x05\xf0\0\0\x48\x03\0\0\xa5\
\x01\0\0\x66\x03\0\0\x0e\xe4\0\0\x58\x03\0\0\xa5\x01\0\0\x66\x03\0\0\x09\xe4\0\
\0\x68\x03\0\0\xa5\x01\0\0\x7c\x03\0\0\x05\xf0\0\0\x80\x03\0\0\xa5\x01\0\0\x66\
\x03\0\0\x0e\xe4\0\0\x90\x03\0\0\xa5\x01\0\0\x66\x03\0\0\x09\xe4\0\0\xa0\x03\0\
\0\xa5\x01\0\0\x7c\x03\0\0\x05\xf0\0\0\xb8\x03\0\0\xa5\x01\0\0\x66\x03\0\0\x0e\
\xe4\0\0\xc8\x03\0\0\xa5\x01\0\0\x66\x03\0\0\x09\xe4\0\0\xd8\x03\0\0\xa5\x01\0\
\0\x7c\x03\0\0\x05\xf0\0\0\xf0\x03\0\0\xa5\x01\0\0\x66\x03\0\0\x0e\xe4\0\0\0\
\x04\0\0\xa5\x01\0\0\x66\x03\0\0\x09\xe4\0\0\x10\x04\0\0\xa5\x01\0\0\x7c\x03\0\
\0\x05\xf0\0\0\x28\x04\0\0\xa5\x01\0\0\x66\x03\0\0\x0e\xe4\0\0\x38\x04\0\0\xa5\
\x01\0\0\x66\x03\0\0\x09\xe4\0\0\x48\x04\0\0\xa5\x01\0\0\x7c\x03\0\0\x05\xf0\0\
\0\x60\x04\0\0\xa5\x01\0\0\x66\x03\0\0\x0e\xe4\0\0\x70\x04\0\0\xa5\x01\0\0\x66\
\x03\0\0\x09\xe4\0\0\x80\x04\0\0\xa5\x01\0\0\x7c\x03\0\0\x05\xf0\0\0\x98\x04\0\
\0\xa5\x01\0\0\x66\x03\0\0\x0e\xe4\0\0\xa8\x04\0\0\xa5\x01\0\0\x66\x03\0\0\x09\
\xe4\0\0\xb8\x04\0\0\xa5\x01\0\0\x7c\x03\0\0\x05\xf0\0\0\xd0\x04\0\0\xa5\x01\0\
\0\x66\x03\0\0\x0e\xe4\0\0\xe0\x04\0\0\xa5\x01\0\0\x66\x03\0\0\x09\xe4\0\0\xf0\
\x04\0\0\xa5\x01\0\0\x7c\x03\0\0\x05\xf0\0\0\x08\x05\0\0\xa5\x01\0\0\x66\x03\0\
\0\x0e\xe4\0\0\x18\x05\0\0\xa5\x01\0\0\x66\x03\0\0\x09\xe4\0\0\x28\x05\0\0\xa5\
\x01\0\0\x7c\x03\0\0\x05\xf0\0\0\x40\x05\0\0\xa5\x01\0\0\x66\x03\0\0\x0e\xe4\0\
\0\x50\x05\0\0\xa5\x01\0\0\x66\x03\0\0\x09\xe4\0\0\x60\x05\0\0\xa5\x01\0\0\x7c\
\x03\0\0\x05\xf0\0\0\x78\x05\0\0\xa5\x01\0\0\x66\x03\0\0\x0e\xe4\0\0\x88\x05\0\
\0\xa5\x01\0\0\x66\x03\0\0\x09\xe4\0\0\x98\x05\0\0\xa5\x01\0\0\x7c\x03\0\0\x05\
\xf0\0\0\xb0\x05\0\0\xa5\x01\0\0\x66\x03\0\0\x0e\xe4\0\0\xc0\x05\0\0\xa5\x01\0\
\0\x66\x03\0\0\x09\xe4\0\0\xd0\x05\0\0\xa5\x01\0\0\x7c\x03\0\0\x05\xf0\0\0\xe8\
\x05\0\0\xa5\x01\0\0\x66\x03\0\0\x0e\xe4\0\0\xf8\x05\0\0\xa5\x01\0\0\x66\x03\0\
\0\x09\xe4\0\0\x08\x06\0\0\xa5\x01\0\0\x7c\x03\0\0\x05\xf0\0\0\x20\x06\0\0\xa5\
\x01\0\0\x66\x03\0\0\x0e\xe4\0\0\x30\x06\0\0\xa5\x01\0\0\x66\x03\0\0\x09\xe4\0\
\0\x40\x06\0\0\xa5\x01\0\0\x7c\x03\0\0\x05\xf0\0\0\x58\x06\0\0\xa5\x01\0\0\x66\
\x03\0\0\x0e\xe4\0\0\x68\x06\0\0\xa5\x01\0\0\x66\x03\0\0\x09\xe4\0\0\x78\x06\0\
\0\xa5\x01\0\0\x7c\x03\0\0\x05\xf0\0\0\x90\x06\0\0\xa5\x01\0\0\x66\x03\0\0\x0e\
\xe4\0\0\xa0\x06\0\0\xa5\x01\0\0\x66\x03\0\0\x09\xe4\0\0\xb0\x06\0\0\xa5\x01\0\
\0\x7c\x03\0\0\x05\xf0\0\0\xc8\x06\0\0\xa5\x01\0\0\x66\x03\0\0\x0e\xe4\0\0\xd8\
\x06\0\0\xa5\x01\0\0\x66\x03\0\0\x09\xe4\0\0\xe8\x06\0\0\xa5\x01\0\0\x7c\x03\0\
\0\x05\xf0\0\0\0\x07\0\0\xa5\x01\0\0\x66\x03\0\0\x0e\xe4\0\0\x10\x07\0\0\xa5\
\x01\0\0\x66\x03\0\0\x09\xe4\0\0\x20\x07\0\0\xa5\x01\0\0\x7c\x03\0\0\x05\xf0\0\
\0\x38\x07\0\0\xa5\x01\0\0\x66\x03\0\0\x0e\xe4\0\0\x48\x07\0\0\xa5\x01\0\0\x66\
\x03\0\0\x09\xe4\0\0\x58\x07\0\0\xa5\x01\0\0\x7c\x03\0\0\x05\xf0\0\0\x70\x07\0\
\0\xa5\x01\0\0\x66\x03\0\0\x0e\xe4\0\0\x80\x07\0\0\xa5\x01\0\0\x66\x03\0\0\x09\
\xe4\0\0\x90\x07\0\0\xa5\x01\0\0\x7c\x03\0\0\x05\xf0\0\0\xa8\x07\0\0\xa5\x01\0\
\0\x66\x03\0\0\x0e\xe4\0\0\xb8\x07\0\0\xa5\x01\0\0\x66\x03\0\0\x09\xe4\0\0\xc8\
\x07\0\0\xa5\x01\0\0\x7c\x03\0\0\x05\xf0\0\0\xe0\x07\0\0\xa5\x01\0\0\x66\x03\0\
\0\x0e\xe4\0\0\xf0\x07\0\0\xa5\x01\0\0\x66\x03\0\0\x09\xe4\0\0\0\x08\0\0\xa5\
\x01\0\0\x7c\x03\0\0\x05\xf0\0\0\x18\x08\0\0\xa5\x01\0\0\x66\x03\0\0\x0e\xe4\0\
\0\x28\x08\0\0\xa5\x01\0\0\x66\x03\0\0\x09\xe4\0\0\x38\x08\0\0\xa5\x01\0\0\x7c\
\x03\0\0\x05\xf0\0\0\x50\x08\0\0\xa5\x01\0\0\x66\x03\0\0\x0e\xe4\0\0\x60\x08\0\
\0\xa5\x01\0\0\x66\x03\0\0\x09\xe4\0\0\x70\x08\0\0\xa5\x01\0\0\x7c\x03\0\0\x05\
\xf0\0\0\x88\x08\0\0\xa5\x01\0\0\x66\x03\0\0\x0e\xe4\0\0\x98\x08\0\0\xa5\x01\0\
\0\x66\x03\0\0\x09\xe4\0\0\xa8\x08\0\0\xa5\x01\0\0\x7c\x03\0\0\x05\xf0\0\0\xc0\
\x08\0\0\xa5\x01\0\0\x66\x03\0\0\x0e\xe4\0\0\xd0\x08\0\0\xa5\x01\0\0\x66\x03\0\
\0\x09\xe4\0\0\xe0\x08\0\0\xa5\x01\0\0\x7c\x03\0\0\x05\xf0\0\0\xf8\x08\0\0\xa5\
\x01\0\0\x66\x03\0\0\x0e\xe4\0\0\x08\x09\0\0\xa5\x01\0\0\x66\x03\0\0\x09\xe4\0\
\0\x18\x09\0\0\xa5\x01\0\0\x7c\x03\0\0\x05\xf0\0\0\x30\x09\0\0\xa5\x01\0\0\x66\
\x03\0\0\x0e\xe4\0\0\x40\x09\0\0\xa5\x01\0\0\x66\x03\0\0\x09\xe4\0\0\x50\x09\0\
\0\xa5\x01\0\0\x7c\x03\0\0\x05\xf0\0\0\x68\x09\0\0\xa5\x01\0\0\x66\x03\0\0\x0e\
\xe4\0\0\x78\x09\0\0\xa5\x01\0\0\x66\x03\0\0\x09\xe4\0\0\x88\x09\0\0\xa5\x01\0\
\0\x7c\x03\0\0\x05\xf0\0\0\xa0\x09\0\0\xa5\x01\0\0\x66\x03\0\0\x0e\xe4\0\0\xb0\
\x09\0\0\xa5\x01\0\0\x66\x03\0\0\x09\xe4\0\0\xc0\x09\0\0\xa5\x01\0\0\x7c\x03\0\
\0\x05\xf0\0\0\xd8\x09\0\0\xa5\x01\0\0\x66\x03\0\0\x0e\xe4\0\0\xe8\x09\0\0\xa5\
\x01\0\0\x66\x03\0\0\x09\xe4\0\0\xf8\x09\0\0\xa5\x01\0\0\x7c\x03\0\0\x05\xf0\0\
\0\x10\x0a\0\0\xa5\x01\0\0\x66\x03\0\0\x0e\xe4\0\0\x20\x0a\0\0\xa5\x01\0\0\x66\
\x03\0\0\x09\xe4\0\0\x30\x0a\0\0\xa5\x01\0\0\x7c\x03\0\0\x05\xf0\0\0\x48\x0a\0\
\0\xa5\x01\0\0\x66\x03\0\0\x0e\xe4\0\0\x58\x0a\0\0\xa5\x01\0\0\x66\x03\0\0\x09\
\xe4\0\0\x68\x0a\0\0\xa5\x01\0\0\x7c\x03\0\0\x05\xf0\0\0\x80\x0a\0\0\xa5\x01\0\
\0\x66\x03\0\0\x0e\xe4\0\0\x90\x0a\0\0\xa5\x01\0\0\x66\x03\0\0\x09\xe4\0\0\xa0\
\x0a\0\0\xa5\x01\0\0\x7c\x03\0\0\x05\xf0\0\0\xb8\x0a\0\0\xa5\x01\0\0\x66\x03\0\
\0\x0e\xe4\0\0\xc8\x0a\0\0\xa5\x01\0\0\x66\x03\0\0\x09\xe4\0\0\xd8\x0a\0\0\xa5\
\x01\0\0\x7c\x03\0\0\x05\xf0\0\0\xf0\x0a\0\0\xa5\x01\0\0\x66\x03\0\0\x0e\xe4\0\
\0\0\x0b\0\0\xa5\x01\0\0\x66\x03\0\0\x09\xe4\0\0\x10\x0b\0\0\xa5\x01\0\0\x7c\
\x03\0\0\x05\xf0\0\0\x28\x0b\0\0\xa5\x01\0\0\x66\x03\0\0\x0e\xe4\0\0\x38\x0b\0\
\0\xa5\x01\0\0\x66\x03\0\0\x09\xe4\0\0\x48\x0b\0\0\xa5\x01\0\0\x7c\x03\0\0\x05\
\xf0\0\0\x60\x0b\0\0\xa5\x01\0\0\x66\x03\0\0\x0e\xe4\0\0\x70\x0b\0\0\xa5\x01\0\
\0\x66\x03\0\0\x09\xe4\0\0\x80\x0b\0\0\xa5\x01\0\0\x7c\x03\0\0\x05\xf0\0\0\x98\
\x0b\0\0\xa5\x01\0\0\x66\x03\0\0\x0e\xe4\0\0\xa8\x0b\0\0\xa5\x01\0\0\x66\x03\0\
\0\x09\xe4\0\0\xb8\x0b\0\0\xa5\x01\0\0\x7c\x03\0\0\x05\xf0\0\0\xd0\x0b\0\0\xa5\
\x01\0\0\x66\x03\0\0\x0e\xe4\0\0\xe0\x0b\0\0\xa5\x01\0\0\x66\x03\0\0\x09\xe4\0\
\0\xf0\x0b\0\0\xa5\x01\0\0\x7c\x03\0\0\x05\xf0\0\0\x08\x0c\0\0\xa5\x01\0\0\x66\
\x03\0\0\x0e\xe4\0\0\x18\x0c\0\0\xa5\x01\0\0\x66\x03\0\0\x09\xe4\0\0\x28\x0c\0\
\0\xa5\x01\0\0\x7c\x03\0\0\x05\xf0\0\0\x40\x0c\0\0\xa5\x01\0\0\x66\x03\0\0\x0e\
\xe4\0\0\x50\x0c\0\0\xa5\x01\0\0\x66\x03\0\0\x09\xe4\0\0\x60\x0c\0\0\xa5\x01\0\
\0\x7c\x03\0\0\x05\xf0\0\0\x78\x0c\0\0\xa5\x01\0\0\x66\x03\0\0\x0e\xe4\0\0\x88\
\x0c\0\0\xa5\x01\0\0\x66\x03\0\0\x09\xe4\0\0\x98\x0c\0\0\xa5\x01\0\0\x7c\x03\0\
\0\x05\xf0\0\0\xb0\x0c\0\0\xa5\x01\0\0\x66\x03\0\0\x0e\xe4\0\0\xc0\x0c\0\0\xa5\
\x01\0\0\x66\x03\0\0\x09\xe4\0\0\xd0\x0c\0\0\xa5\x01\0\0\x7c\x03\0\0\x05\xf0\0\
\0\xe8\x0c\0\0\xa5\x01\0\0\x66\x03\0\0\x0e\xe4\0\0\xf8\x0c\0\0\xa5\x01\0\0\x66\
\x03\0\0\x09\xe4\0\0\x08\x0d\0\0\xa5\x01\0\0\x7c\x03\0\0\x05\xf0\0\0\x20\x0d\0\
\0\xa5\x01\0\0\x66\x03\0\0\x0e\xe4\0\0\x30\x0d\0\0\xa5\x01\0\0\x66\x03\0\0\x09\
\xe4\0\0\x40\x0d\0\0\xa5\x01\0\0\x7c\x03\0\0\x05\xf0\0\0\x58\x0d\0\0\xa5\x01\0\
\0\x66\x03\0\0\x0e\xe4\0\0\x68\x0d\0\0\xa5\x01\0\0\x66\x03\0\0\x09\xe4\0\0\x78\
\x0d\0\0\xa5\x01\0\0\x7c\x03\0\0\x05\xf0\0\0\x90\x0d\0\0\xa5\x01\0\0\x66\x03\0\
\0\x0e\xe4\0\0\xa0\x0d\0\0\xa5\x01\0\0\x66\x03\0\0\x09\xe4\0\0\xb0\x0d\0\0\xa5\
\x01\0\0\x7c\x03\0\0\x05\xf0\0\0\xc8\x0d\0\0\xa5\x01\0\0\x66\x03\0\0\x0e\xe4\0\
\0\xd8\x0d\0\0\xa5\x01\0\0\x66\x03\0\0\x09\xe4\0\0\xe8\x0d\0\0\xa5\x01\0\0\x7c\
\x03\0\0\x05\xf0\0\0\0\x0e\0\0\xa5\x01\0\0\x66\x03\0\0\x0e\xe4\0\0\x10\x0e\0\0\
\xa5\x01\0\0\x66\x03\0\0\x09\xe4\0\0\x20\x0e\0\0\xa5\x01\0\0\x7c\x03\0\0\x05\
\xf0\0\0\x38\x0e\0\0\xa5\x01\0\0\x66\x03\0\0\x0e\xe4\0\0\x48\x0e\0\0\xa5\x01\0\
\0\x66\x03\0\0\x09\xe4\0\0\x58\x0e\0\0\xa5\x01\0\0\x7c\x03\0\0\x05\xf0\0\0\x70\
\x0e\0\0\xa5\x01\0\0\x66\x03\0\0\x0e\xe4\0\0\x80\x0e\0\0\xa5\x01\0\0\x66\x03\0\
\0\x09\xe4\0\0\x90\x0e\0\0\xa5\x01\0\0\x7c\x03\0\0\x05\xf0\0\0\xa8\x0e\0\0\xa5\
\x01\0\0\x66\x03\0\0\x0e\xe4\0\0\xb8\x0e\0\0\xa5\x01\0\0\x66\x03\0\0\x09\xe4\0\
\0\xc8\x0e\0\0\xa5\x01\0\0\x7c\x03\0\0\x05\xf0\0\0\xe0\x0e\0\0\xa5\x01\0\0\x66\
\x03\0\0\x0e\xe4\0\0\xf0\x0e\0\0\xa5\x01\0\0\x66\x03\0\0\x09\xe4\0\0\0\x0f\0\0\
\xa5\x01\0\0\x7c\x03\0\0\x05\xf0\0\0\x18\x0f\0\0\xa5\x01\0\0\x66\x03\0\0\x0e\
\xe4\0\0\x28\x0f\0\0\xa5\x01\0\0\x66\x03\0\0\x09\xe4\0\0\x38\x0f\0\0\xa5\x01\0\
\0\x7c\x03\0\0\x05\xf0\0\0\x50\x0f\0\0\xa5\x01\0\0\x66\x03\0\0\x0e\xe4\0\0\x60\
\x0f\0\0\xa5\x01\0\0\x66\x03\0\0\x09\xe4\0\0\x70\x0f\0\0\xa5\x01\0\0\x7c\x03\0\
\0\x05\xf0\0\0\x88\x0f\0\0\xa5\x01\0\0\x66\x03\0\0\x0e\xe4\0\0\x98\x0f\0\0\xa5\
\x01\0\0\x66\x03\0\0\x09\xe4\0\0\xa8\x0f\0\0\xa5\x01\0\0\x7c\x03\0\0\x05\xf0\0\
\0\xc0\x0f\0\0\xa5\x01\0\0\x66\x03\0\0\x0e\xe4\0\0\xd0\x0f\0\0\xa5\x01\0\0\x66\
\x03\0\0\x09\xe4\0\0\xe0\x0f\0\0\xa5\x01\0\0\x7c\x03\0\0\x05\xf0\0\0\xf8\x0f\0\
\0\xa5\x01\0\0\x66\x03\0\0\x0e\xe4\0\0\x08\x10\0\0\xa5\x01\0\0\x66\x03\0\0\x09\
\xe4\0\0\x18\x10\0\0\xa5\x01\0\0\x7c\x03\0\0\x05\xf0\0\0\x30\x10\0\0\xa5\x01\0\
\0\x66\x03\0\0\x0e\xe4\0\0\x40\x10\0\0\xa5\x01\0\0\x66\x03\0\0\x09\xe4\0\0\x50\
\x10\0\0\xa5\x01\0\0\x7c\x03\0\0\x05\xf0\0\0\x68\x10\0\0\xa5\x01\0\0\x66\x03\0\
\0\x0e\xe4\0\0\x78\x10\0\0\xa5\x01\0\0\x66\x03\0\0\x09\xe4\0\0\x88\x10\0\0\xa5\
\x01\0\0\x7c\x03\0\0\x05\xf0\0\0\xa0\x10\0\0\xa5\x01\0\0\x66\x03\0\0\x0e\xe4\0\
\0\xb0\x10\0\0\xa5\x01\0\0\x66\x03\0\0\x09\xe4\0\0\xc0\x10\0\0\xa5\x01\0\0\x7c\
\x03\0\0\x05\xf0\0\0\xd8\x10\0\0\xa5\x01\0\0\x66\x03\0\0\x0e\xe4\0\0\xe8\x10\0\
\0\xa5\x01\0\0\x66\x03\0\0\x09\xe4\0\0\xf8\x10\0\0\xa5\x01\0\0\x7c\x03\0\0\x05\
\xf0\0\0\x10\x11\0\0\xa5\x01\0\0\x66\x03\0\0\x0e\xe4\0\0\x20\x11\0\0\xa5\x01\0\
\0\x66\x03\0\0\x09\xe4\0\0\x30\x11\0\0\xa5\x01\0\0\x7c\x03\0\0\x05\xf0\0\0\x48\
\x11\0\0\xa5\x01\0\0\x66\x03\0\0\x0e\xe4\0\0\x58\x11\0\0\xa5\x01\0\0\x66\x03\0\
\0\x09\xe4\0\0\x68\x11\0\0\xa5\x01\0\0\x7c\x03\0\0\x05\xf0\0\0\x80\x11\0\0\xa5\
\x01\0\0\x66\x03\0\0\x0e\xe4\0\0\x90\x11\0\0\xa5\x01\0\0\x66\x03\0\0\x09\xe4\0\
\0\xa0\x11\0\0\xa5\x01\0\0\x7c\x03\0\0\x05\xf0\0\0\xb8\x11\0\0\xa5\x01\0\0\x66\
\x03\0\0\x0e\xe4\0\0\xc8\x11\0\0\xa5\x01\0\0\x66\x03\0\0\x09\xe4\0\0\xd8\x11\0\
\0\xa5\x01\0\0\x7c\x03\0\0\x05\xf0\0\0\xf0\x11\0\0\xa5\x01\0\0\x66\x03\0\0\x0e\
\xe4\0\0\0\x12\0\0\xa5\x01\0\0\x66\x03\0\0\x09\xe4\0\0\x10\x12\0\0\xa5\x01\0\0\
\x7c\x03\0\0\x05\xf0\0\0\x28\x12\0\0\xa5\x01\0\0\x66\x03\0\0\x0e\xe4\0\0\x38\
\x12\0\0\xa5\x01\0\0\x66\x03\0\0\x09\xe4\0\0\x48\x12\0\0\xa5\x01\0\0\x7c\x03\0\
\0\x05\xf0\0\0\x60\x12\0\0\xa5\x01\0\0\x66\x03\0\0\x0e\xe4\0\0\x70\x12\0\0\xa5\
\x01\0\0\x66\x03\0\0\x09\xe4\0\0\x80\x12\0\0\xa5\x01\0\0\x7c\x03\0\0\x05\xf0\0\
\0\x98\x12\0\0\xa5\x01\0\0\x66\x03\0\0\x0e\xe4\0\0\xa8\x12\0\0\xa5\x01\0\0\x66\
\x03\0\0\x09\xe4\0\0\xb8\x12\0\0\xa5\x01\0\0\x7c\x03\0\0\x05\xf0\0\0\xd0\x12\0\
\0\xa5\x01\0\0\x66\x03\0\0\x0e\xe4\0\0\xe0\x12\0\0\xa5\x01\0\0\x66\x03\0\0\x09\
\xe4\0\0\xf0\x12\0\0\xa5\x01\0\0\x7c\x03\0\0\x05\xf0\0\0\x08\x13\0\0\xa5\x01\0\
\0\x66\x03\0\0\x0e\xe4\0\0\x18\x13\0\0\xa5\x01\0\0\x66\x03\0\0\x09\xe4\0\0\x28\
\x13\0\0\xa5\x01\0\0\x7c\x03\0\0\x05\xf0\0\0\x40\x13\0\0\xa5\x01\0\0\x66\x03\0\
\0\x0e\xe4\0\0\x50\x13\0\0\xa5\x01\0\0\x66\x03\0\0\x09\xe4\0\0\x60\x13\0\0\xa5\
\x01\0\0\x7c\x03\0\0\x05\xf0\0\0\x78\x13\0\0\xa5\x01\0\0\x66\x03\0\0\x0e\xe4\0\
\0\x88\x13\0\0\xa5\x01\0\0\x66\x03\0\0\x09\xe4\0\0\x98\x13\0\0\xa5\x01\0\0\x7c\
\x03\0\0\x05\xf0\0\0\xb0\x13\0\0\xa5\x01\0\0\x66\x03\0\0\x0e\xe4\0\0\xc0\x13\0\
\0\xa5\x01\0\0\x66\x03\0\0\x09\xe4\0\0\xd0\x13\0\0\xa5\x01\0\0\x7c\x03\0\0\x05\
\xf0\0\0\xe8\x13\0\0\xa5\x01\0\0\x66\x03\0\0\x0e\xe4\0\0\xf8\x13\0\0\xa5\x01\0\
\0\x66\x03\0\0\x09\xe4\0\0\x08\x14\0\0\xa5\x01\0\0\x7c\x03\0\0\x05\xf0\0\0\x20\
\x14\0\0\xa5\x01\0\0\x66\x03\0\0\x0e\xe4\0\0\x30\x14\0\0\xa5\x01\0\0\x66\x03\0\
\0\x09\xe4\0\0\x40\x14\0\0\xa5\x01\0\0\x7c\x03\0\0\x05\xf0\0\0\x58\x14\0\0\xa5\
\x01\0\0\x66\x03\0\0\x0e\xe4\0\0\x68\x14\0\0\xa5\x01\0\0\x66\x03\0\0\x09\xe4\0\
\0\x78\x14\0\0\xa5\x01\0\0\x7c\x03\0\0\x05\xf0\0\0\x90\x14\0\0\xa5\x01\0\0\x66\
\x03\0\0\x0e\xe4\0\0\xa0\x14\0\0\xa5\x01\0\0\x66\x03\0\0\x09\xe4\0\0\xb0\x14\0\
\0\xa5\x01\0\0\x7c\x03\0\0\x05\xf0\0\0\xc8\x14\0\0\xa5\x01\0\0\x66\x03\0\0\x0e\
\xe4\0\0\xd8\x14\0\0\xa5\x01\0\0\x66\x03\0\0\x09\xe4\0\0\xe8\x14\0\0\xa5\x01\0\
\0\x7c\x03\0\0\x05\xf0\0\0\0\x15\0\0\xa5\x01\0\0\x66\x03\0\0\x0e\xe4\0\0\x10\
\x15\0\0\xa5\x01\0\0\x66\x03\0\0\x09\xe4\0\0\x20\x15\0\0\xa5\x01\0\0\x7c\x03\0\
\0\x05\xf0\0\0\x38\x15\0\0\xa5\x01\0\0\x66\x03\0\0\x0e\xe4\0\0\x48\x15\0\0\xa5\
\x01\0\0\x66\x03\0\0\x09\xe4\0\0\x58\x15\0\0\xa5\x01\0\0\x7c\x03\0\0\x05\xf0\0\
\0\x70\x15\0\0\xa5\x01\0\0\x66\x03\0\0\x0e\xe4\0\0\x80\x15\0\0\xa5\x01\0\0\x66\
\x03\0\0\x09\xe4\0\0\x90\x15\0\0\xa5\x01\0\0\x7c\x03\0\0\x05\xf0\0\0\xa8\x15\0\
\0\xa5\x01\0\0\x66\x03\0\0\x0e\xe4\0\0\xb8\x15\0\0\xa5\x01\0\0\x66\x03\0\0\x09\
\xe4\0\0\xc8\x15\0\0\xa5\x01\0\0\x7c\x03\0\0\x05\xf0\0\0\xe0\x15\0\0\xa5\x01\0\
\0\x66\x03\0\0\x0e\xe4\0\0\xf0\x15\0\0\xa5\x01\0\0\x66\x03\0\0\x09\xe4\0\0\0\
\x16\0\0\xa5\x01\0\0\x7c\x03\0\0\x05\xf0\0\0\x18\x16\0\0\xa5\x01\0\0\x66\x03\0\
\0\x0e\xe4\0\0\x28\x16\0\0\xa5\x01\0\0\x66\x03\0\0\x09\xe4\0\0\x38\x16\0\0\xa5\
\x01\0\0\x7c\x03\0\0\x05\xf0\0\0\x50\x16\0\0\xa5\x01\0\0\x66\x03\0\0\x0e\xe4\0\
\0\x60\x16\0\0\xa5\x01\0\0\x66\x03\0\0\x09\xe4\0\0\x70\x16\0\0\xa5\x01\0\0\x7c\
\x03\0\0\x05\xf0\0\0\x88\x16\0\0\xa5\x01\0\0\x66\x03\0\0\x0e\xe4\0\0\x98\x16\0\
\0\xa5\x01\0\0\x66\x03\0\0\x09\xe4\0\0\xa8\x16\0\0\xa5\x01\0\0\x7c\x03\0\0\x05\
\xf0\0\0\xc0\x16\0\0\xa5\x01\0\0\x66\x03\0\0\x0e\xe4\0\0\xd0\x16\0\0\xa5\x01\0\
\0\x66\x03\0\0\x09\xe4\0\0\xe0\x16\0\0\xa5\x01\0\0\x7c\x03\0\0\x05\xf0\0\0\xf8\
\x16\0\0\xa5\x01\0\0\x66\x03\0\0\x0e\xe4\0\0\x08\x17\0\0\xa5\x01\0\0\x66\x03\0\
\0\x09\xe4\0\0\x18\x17\0\0\xa5\x01\0\0\x7c\x03\0\0\x05\xf0\0\0\x30\x17\0\0\xa5\
\x01\0\0\x66\x03\0\0\x0e\xe4\0\0\x40\x17\0\0\xa5\x01\0\0\x66\x03\0\0\x09\xe4\0\
\0\x50\x17\0\0\xa5\x01\0\0\x7c\x03\0\0\x05\xf0\0\0\x68\x17\0\0\xa5\x01\0\0\x66\
\x03\0\0\x0e\xe4\0\0\x78\x17\0\0\xa5\x01\0\0\x66\x03\0\0\x09\xe4\0\0\x88\x17\0\
\0\xa5\x01\0\0\x7c\x03\0\0\x05\xf0\0\0\xa0\x17\0\0\xa5\x01\0\0\x66\x03\0\0\x0e\
\xe4\0\0\xb0\x17\0\0\xa5\x01\0\0\x66\x03\0\0\x09\xe4\0\0\xc0\x17\0\0\xa5\x01\0\
\0\x7c\x03\0\0\x05\xf0\0\0\xd8\x17\0\0\xa5\x01\0\0\x66\x03\0\0\x0e\xe4\0\0\xe8\
\x17\0\0\xa5\x01\0\0\x66\x03\0\0\x09\xe4\0\0\xf8\x17\0\0\xa5\x01\0\0\x7c\x03\0\
\0\x05\xf0\0\0\x10\x18\0\0\xa5\x01\0\0\x66\x03\0\0\x0e\xe4\0\0\x20\x18\0\0\xa5\
\x01\0\0\x66\x03\0\0\x09\xe4\0\0\x30\x18\0\0\xa5\x01\0\0\x7c\x03\0\0\x05\xf0\0\
\0\x48\x18\0\0\xa5\x01\0\0\x66\x03\0\0\x0e\xe4\0\0\x58\x18\0\0\xa5\x01\0\0\x66\
\x03\0\0\x09\xe4\0\0\x68\x18\0\0\xa5\x01\0\0\x7c\x03\0\0\x05\xf0\0\0\x80\x18\0\
\0\xa5\x01\0\0\x66\x03\0\0\x0e\xe4\0\0\x90\x18\0\0\xa5\x01\0\0\x66\x03\0\0\x09\
\xe4\0\0\xa0\x18\0\0\xa5\x01\0\0\x7c\x03\0\0\x05\xf0\0\0\xb8\x18\0\0\xa5\x01\0\
\0\x66\x03\0\0\x0e\xe4\0\0\xc8\x18\0\0\xa5\x01\0\0\x66\x03\0\0\x09\xe4\0\0\xd8\
\x18\0\0\xa5\x01\0\0\x7c\x03\0\0\x05\xf0\0\0\xf0\x18\0\0\xa5\x01\0\0\x66\x03\0\
\0\x0e\xe4\0\0\0\x19\0\0\xa5\x01\0\0\x66\x03\0\0\x09\xe4\0\0\x10\x19\0\0\xa5\
\x01\0\0\x7c\x03\0\0\x05\xf0\0\0\x28\x19\0\0\xa5\x01\0\0\x66\x03\0\0\x0e\xe4\0\
\0\x38\x19\0\0\xa5\x01\0\0\x66\x03\0\0\x09\xe4\0\0\x48\x19\0\0\xa5\x01\0\0\x7c\
\x03\0\0\x05\xf0\0\0\x60\x19\0\0\xa5\x01\0\0\x66\x03\0\0\x0e\xe4\0\0\x70\x19\0\
\0\xa5\x01\0\0\x66\x03\0\0\x09\xe4\0\0\x80\x19\0\0\xa5\x01\0\0\x7c\x03\0\0\x05\
\xf0\0\0\x98\x19\0\0\xa5\x01\0\0\x66\x03\0\0\x0e\xe4\0\0\xa8\x19\0\0\xa5\x01\0\
\0\x66\x03\0\0\x09\xe4\0\0\xb8\x19\0\0\xa5\x01\0\0\x7c\x03\0\0\x05\xf0\0\0\xd0\
\x19\0\0\xa5\x01\0\0\x66\x03\0\0\x0e\xe4\0\0\xe0\x19\0\0\xa5\x01\0\0\x66\x03\0\
\0\x09\xe4\0\0\xf0\x19\0\0\xa5\x01\0\0\x7c\x03\0\0\x05\xf0\0\0\x08\x1a\0\0\xa5\
\x01\0\0\x66\x03\0\0\x0e\xe4\0\0\x18\x1a\0\0\xa5\x01\0\0\x66\x03\0\0\x09\xe4\0\
\0\x28\x1a\0\0\xa5\x01\0\0\x7c\x03\0\0\x05\xf0\0\0\x40\x1a\0\0\xa5\x01\0\0\x66\
\x03\0\0\x0e\xe4\0\0\x50\x1a\0\0\xa5\x01\0\0\x66\x03\0\0\x09\xe4\0\0\x60\x1a\0\
\0\xa5\x01\0\0\x7c\x03\0\0\x05\xf0\0\0\x78\x1a\0\0\xa5\x01\0\0\x66\x03\0\0\x0e\
\xe4\0\0\x88\x1a\0\0\xa5\x01\0\0\x66\x03\0\0\x09\xe4\0\0\x98\x1a\0\0\xa5\x01\0\
\0\x7c\x03\0\0\x05\xf0\0\0\xb0\x1a\0\0\xa5\x01\0\0\x66\x03\0\0\x0e\xe4\0\0\xc0\
\x1a\0\0\xa5\x01\0\0\x66\x03\0\0\x09\xe4\0\0\xd0\x1a\0\0\xa5\x01\0\0\x7c\x03\0\
\0\x05\xf0\0\0\xe8\x1a\0\0\xa5\x01\0\0\x66\x03\0\0\x0e\xe4\0\0\xf8\x1a\0\0\xa5\
\x01\0\0\x66\x03\0\0\x09\xe4\0\0\x08\x1b\0\0\xa5\x01\0\0\x7c\x03\0\0\x05\xf0\0\
\0\x20\x1b\0\0\xa5\x01\0\0\x66\x03\0\0\x0e\xe4\0\0\x30\x1b\0\0\xa5\x01\0\0\x66\
\x03\0\0\x09\xe4\0\0\x40\x1b\0\0\xa5\x01\0\0\x7c\x03\0\0\x05\xf0\0\0\x58\x1b\0\
\0\xa5\x01\0\0\x66\x03\0\0\x0e\xe4\0\0\x68\x1b\0\0\xa5\x01\0\0\x66\x03\0\0\x09\
\xe4\0\0\x78\x1b\0\0\xa5\x01\0\0\x7c\x03\0\0\x05\xf0\0\0\x90\x1b\0\0\xa5\x01\0\
\0\x66\x03\0\0\x0e\xe4\0\0\xa0\x1b\0\0\xa5\x01\0\0\x66\x03\0\0\x09\xe4\0\0\xb0\
\x1b\0\0\xa5\x01\0\0\x7c\x03\0\0\x05\xf0\0\0\xc8\x1b\0\0\xa5\x01\0\0\x66\x03\0\
\0\x0e\xe4\0\0\xd8\x1b\0\0\xa5\x01\0\0\x66\x03\0\0\x09\xe4\0\0\xe8\x1b\0\0\xa5\
\x01\0\0\x7c\x03\0\0\x05\xf0\0\0\0\x1c\0\0\xa5\x01\0\0\x66\x03\0\0\x0e\xe4\0\0\
\x10\x1c\0\0\xa5\x01\0\0\x66\x03\0\0\x09\xe4\0\0\x20\x1c\0\0\xa5\x01\0\0\x7c\
\x03\0\0\x05\xf0\0\0\x38\x1c\0\0\xa5\x01\0\0\x66\x03\0\0\x0e\xe4\0\0\x48\x1c\0\
\0\xa5\x01\0\0\x66\x03\0\0\x09\xe4\0\0\x58\x1c\0\0\xa5\x01\0\0\x7c\x03\0\0\x05\
\xf0\0\0\x70\x1c\0\0\xa5\x01\0\0\x66\x03\0\0\x0e\xe4\0\0\x80\x1c\0\0\xa5\x01\0\
\0\x66\x03\0\0\x09\xe4\0\0\x90\x1c\0\0\xa5\x01\0\0\x7c\x03\0\0\x05\xf0\0\0\xa8\
\x1c\0\0\xa5\x01\0\0\x66\x03\0\0\x0e\xe4\0\0\xb8\x1c\0\0\xa5\x01\0\0\x66\x03\0\
\0\x09\xe4\0\0\xc8\x1c\0\0\xa5\x01\0\0\x7c\x03\0\0\x05\xf0\0\0\xe0\x1c\0\0\xa5\
\x01\0\0\x66\x03\0\0\x0e\xe4\0\0\xf0\x1c\0\0\xa5\x01\0\0\x66\x03\0\0\x09\xe4\0\
\0\0\x1d\0\0\xa5\x01\0\0\x7c\x03\0\0\x05\xf0\0\0\x18\x1d\0\0\xa5\x01\0\0\x66\
\x03\0\0\x0e\xe4\0\0\x28\x1d\0\0\xa5\x01\0\0\x66\x03\0\0\x09\xe4\0\0\x38\x1d\0\
\0\xa5\x01\0\0\x7c\x03\0\0\x05\xf0\0\0\x50\x1d\0\0\xa5\x01\0\0\x66\x03\0\0\x0e\
\xe4\0\0\x60\x1d\0\0\xa5\x01\0\0\x66\x03\0\0\x09\xe4\0\0\x70\x1d\0\0\xa5\x01\0\
\0\x7c\x03\0\0\x05\xf0\0\0\x88\x1d\0\0\xa5\x01\0\0\x66\x03\0\0\x0e\xe4\0\0\x98\
\x1d\0\0\xa5\x01\0\0\x66\x03\0\0\x09\xe4\0\0\xa8\x1d\0\0\xa5\x01\0\0\x7c\x03\0\
\0\x05\xf0\0\0\xc0\x1d\0\0\xa5\x01\0\0\x66\x03\0\0\x0e\xe4\0\0\xd0\x1d\0\0\xa5\
\x01\0\0\x66\x03\0\0\x09\xe4\0\0\xe0\x1d\0\0\xa5\x01\0\0\x7c\x03\0\0\x05\xf0\0\
\0\xf8\x1d\0\0\xa5\x01\0\0\x66\x03\0\0\x0e\xe4\0\0\x08\x1e\0\0\xa5\x01\0\0\x66\
\x03\0\0\x09\xe4\0\0\x18\x1e\0\0\xa5\x01\0\0\x7c\x03\0\0\x05\xf0\0\0\x30\x1e\0\
\0\xa5\x01\0\0\x66\x03\0\0\x0e\xe4\0\0\x40\x1e\0\0\xa5\x01\0\0\x66\x03\0\0\x09\
\xe4\0\0\x50\x1e\0\0\xa5\x01\0\0\x7c\x03\0\0\x05\xf0\0\0\x68\x1e\0\0\xa5\x01\0\
\0\x66\x03\0\0\x0e\xe4\0\0\x78\x1e\0\0\xa5\x01\0\0\x66\x03\0\0\x09\xe4\0\0\x88\
\x1e\0\0\xa5\x01\0\0\x7c\x03\0\0\x05\xf0\0\0\xa0\x1e\0\0\xa5\x01\0\0\x66\x03\0\
\0\x0e\xe4\0\0\xb0\x1e\0\0\xa5\x01\0\0\x66\x03\0\0\x09\xe4\0\0\xc0\x1e\0\0\xa5\
\x01\0\0\x7c\x03\0\0\x05\xf0\0\0\xd8\x1e\0\0\xa5\x01\0\0\x66\x03\0\0\x0e\xe4\0\
\0\xe8\x1e\0\0\xa5\x01\0\0\x66\x03\0\0\x09\xe4\0\0\xf8\x1e\0\0\xa5\x01\0\0\x7c\
\x03\0\0\x05\xf0\0\0\x10\x1f\0\0\xa5\x01\0\0\x66\x03\0\0\x0e\xe4\0\0\x20\x1f\0\
\0\xa5\x01\0\0\x66\x03\0\0\x09\xe4\0\0\x30\x1f\0\0\xa5\x01\0\0\x7c\x03\0\0\x05\
\xf0\0\0\x48\x1f\0\0\xa5\x01\0\0\x66\x03\0\0\x0e\xe4\0\0\x58\x1f\0\0\xa5\x01\0\
\0\x66\x03\0\0\x09\xe4\0\0\x68\x1f\0\0\xa5\x01\0\0\x7c\x03\0\0\x05\xf0\0\0\x80\
\x1f\0\0\xa5\x01\0\0\x66\x03\0\0\x0e\xe4\0\0\x90\x1f\0\0\xa5\x01\0\0\x66\x03\0\
\0\x09\xe4\0\0\xa0\x1f\0\0\xa5\x01\0\0\x7c\x03\0\0\x05\xf0\0\0\xb8\x1f\0\0\xa5\
\x01\0\0\x66\x03\0\0\x0e\xe4\0\0\xc8\x1f\0\0\xa5\x01\0\0\x66\x03\0\0\x09\xe4\0\
\0\xd8\x1f\0\0\xa5\x01\0\0\x7c\x03\0\0\x05\xf0\0\0\xf0\x1f\0\0\xa5\x01\0\0\x66\
\x03\0\0\x0e\xe4\0\0\0\x20\0\0\xa5\x01\0\0\x66\x03\0\0\x09\xe4\0\0\x10\x20\0\0\
\xa5\x01\0\0\x7c\x03\0\0\x05\xf0\0\0\x28\x20\0\0\xa5\x01\0\0\x66\x03\0\0\x0e\
\xe4\0\0\x38\x20\0\0\xa5\x01\0\0\x66\x03\0\0\x09\xe4\0\0\x48\x20\0\0\xa5\x01\0\
\0\x7c\x03\0\0\x05\xf0\0\0\x60\x20\0\0\xa5\x01\0\0\x66\x03\0\0\x0e\xe4\0\0\x70\
\x20\0\0\xa5\x01\0\0\x66\x03\0\0\x09\xe4\0\0\x80\x20\0\0\xa5\x01\0\0\x7c\x03\0\
\0\x05\xf0\0\0\x98\x20\0\0\xa5\x01\0\0\x66\x03\0\0\x0e\xe4\0\0\xa8\x20\0\0\xa5\
\x01\0\0\x66\x03\0\0\x09\xe4\0\0\xb8\x20\0\0\xa5\x01\0\0\x7c\x03\0\0\x05\xf0\0\
\0\xd0\x20\0\0\xa5\x01\0\0\x66\x03\0\0\x0e\xe4\0\0\xe0\x20\0\0\xa5\x01\0\0\x66\
\x03\0\0\x09\xe4\0\0\xf0\x20\0\0\xa5\x01\0\0\x7c\x03\0\0\x05\xf0\0\0\x08\x21\0\
\0\xa5\x01\0\0\x66\x03\0\0\x0e\xe4\0\0\x18\x21\0\0\xa5\x01\0\0\x66\x03\0\0\x09\
\xe4\0\0\x28\x21\0\0\xa5\x01\0\0\x7c\x03\0\0\x05\xf0\0\0\x40\x21\0\0\xa5\x01\0\
\0\x66\x03\0\0\x0e\xe4\0\0\x50\x21\0\0\xa5\x01\0\0\x66\x03\0\0\x09\xe4\0\0\x60\
\x21\0\0\xa5\x01\0\0\x7c\x03\0\0\x05\xf0\0\0\x78\x21\0\0\xa5\x01\0\0\x66\x03\0\
\0\x0e\xe4\0\0\x88\x21\0\0\xa5\x01\0\0\x66\x03\0\0\x09\xe4\0\0\x98\x21\0\0\xa5\
\x01\0\0\x7c\x03\0\0\x05\xf0\0\0\xb0\x21\0\0\xa5\x01\0\0\x66\x03\0\0\x0e\xe4\0\
\0\xc0\x21\0\0\xa5\x01\0\0\x66\x03\0\0\x09\xe4\0\0\xd0\x21\0\0\xa5\x01\0\0\x7c\
\x03\0\0\x05\xf0\0\0\xe8\x21\0\0\xa5\x01\0\0\x66\x03\0\0\x0e\xe4\0\0\xf8\x21\0\
\0\xa5\x01\0\0\x66\x03\0\0\x09\xe4\0\0\x08\x22\0\0\xa5\x01\0\0\x7c\x03\0\0\x05\
\xf0\0\0\x20\x22\0\0\xa5\x01\0\0\x66\x03\0\0\x0e\xe4\0\0\x30\x22\0\0\xa5\x01\0\
\0\x66\x03\0\0\x09\xe4\0\0\x40\x22\0\0\xa5\x01\0\0\x7c\x03\0\0\x05\xf0\0\0\x58\
\x22\0\0\xa5\x01\0\0\x66\x03\0\0\x0e\xe4\0\0\x68\x22\0\0\xa5\x01\0\0\x66\x03\0\
\0\x09\xe4\0\0\x78\x22\0\0\xa5\x01\0\0\x7c\x03\0\0\x05\xf0\0\0\x90\x22\0\0\xa5\
\x01\0\0\x66\x03\0\0\x0e\xe4\0\0\xa0\x22\0\0\xa5\x01\0\0\x66\x03\0\0\x09\xe4\0\
\0\xb0\x22\0\0\xa5\x01\0\0\x7c\x03\0\0\x05\xf0\0\0\xc8\x22\0\0\xa5\x01\0\0\x66\
\x03\0\0\x0e\xe4\0\0\xd8\x22\0\0\xa5\x01\0\0\x66\x03\0\0\x09\xe4\0\0\xe8\x22\0\
\0\xa5\x01\0\0\x7c\x03\0\0\x05\xf0\0\0\0\x23\0\0\xa5\x01\0\0\x66\x03\0\0\x0e\
\xe4\0\0\x10\x23\0\0\xa5\x01\0\0\x66\x03\0\0\x09\xe4\0\0\x20\x23\0\0\xa5\x01\0\
\0\x7c\x03\0\0\x05\xf0\0\0\x38\x23\0\0\xa5\x01\0\0\x66\x03\0\0\x0e\xe4\0\0\x48\
\x23\0\0\xa5\x01\0\0\x66\x03\0\0\x09\xe4\0\0\x58\x23\0\0\xa5\x01\0\0\x7c\x03\0\
\0\x05\xf0\0\0\x70\x23\0\0\xa5\x01\0\0\x66\x03\0\0\x0e\xe4\0\0\x80\x23\0\0\xa5\
\x01\0\0\x66\x03\0\0\x09\xe4\0\0\x90\x23\0\0\xa5\x01\0\0\x7c\x03\0\0\x05\xf0\0\
\0\xa8\x23\0\0\xa5\x01\0\0\x66\x03\0\0\x0e\xe4\0\0\xb8\x23\0\0\xa5\x01\0\0\x66\
\x03\0\0\x09\xe4\0\0\xc8\x23\0\0\xa5\x01\0\0\x7c\x03\0\0\x05\xf0\0\0\xe0\x23\0\
\0\xa5\x01\0\0\x66\x03\0\0\x0e\xe4\0\0\xf0\x23\0\0\xa5\x01\0\0\x66\x03\0\0\x09\
\xe4\0\0\0\x24\0\0\xa5\x01\0\0\x7c\x03\0\0\x05\xf0\0\0\x18\x24\0\0\xa5\x01\0\0\
\x66\x03\0\0\x0e\xe4\0\0\x28\x24\0\0\xa5\x01\0\0\x66\x03\0\0\x09\xe4\0\0\x38\
\x24\0\0\xa5\x01\0\0\x7c\x03\0\0\x05\xf0\0\0\x50\x24\0\0\xa5\x01\0\0\x66\x03\0\
\0\x0e\xe4\0\0\x60\x24\0\0\xa5\x01\0\0\x66\x03\0\0\x09\xe4\0\0\x70\x24\0\0\xa5\
\x01\0\0\x7c\x03\0\0\x05\xf0\0\0\x88\x24\0\0\xa5\x01\0\0\x66\x03\0\0\x0e\xe4\0\
\0\x98\x24\0\0\xa5\x01\0\0\x66\x03\0\0\x09\xe4\0\0\xa8\x24\0\0\xa5\x01\0\0\x7c\
\x03\0\0\x05\xf0\0\0\xc0\x24\0\0\xa5\x01\0\0\x66\x03\0\0\x0e\xe4\0\0\xd0\x24\0\
\0\xa5\x01\0\0\x66\x03\0\0\x09\xe4\0\0\xe0\x24\0\0\xa5\x01\0\0\x7c\x03\0\0\x05\
\xf0\0\0\xf8\x24\0\0\xa5\x01\0\0\x66\x03\0\0\x0e\xe4\0\0\x08\x25\0\0\xa5\x01\0\
\0\x66\x03\0\0\x09\xe4\0\0\x18\x25\0\0\xa5\x01\0\0\x7c\x03\0\0\x05\xf0\0\0\x30\
\x25\0\0\xa5\x01\0\0\x66\x03\0\0\x0e\xe4\0\0\x40\x25\0\0\xa5\x01\0\0\x66\x03\0\
\0\x09\xe4\0\0\x50\x25\0\0\xa5\x01\0\0\x7c\x03\0\0\x05\xf0\0\0\x68\x25\0\0\xa5\
\x01\0\0\x66\x03\0\0\x0e\xe4\0\0\x78\x25\0\0\xa5\x01\0\0\x66\x03\0\0\x09\xe4\0\
\0\x88\x25\0\0\xa5\x01\0\0\x7c\x03\0\0\x05\xf0\0\0\xa0\x25\0\0\xa5\x01\0\0\x66\
\x03\0\0\x0e\xe4\0\0\xb0\x25\0\0\xa5\x01\0\0\x66\x03\0\0\x09\xe4\0\0\xc0\x25\0\
\0\xa5\x01\0\0\x7c\x03\0\0\x05\xf0\0\0\xd8\x25\0\0\xa5\x01\0\0\x66\x03\0\0\x0e\
\xe4\0\0\xe8\x25\0\0\xa5\x01\0\0\x66\x03\0\0\x09\xe4\0\0\xf8\x25\0\0\xa5\x01\0\
\0\x7c\x03\0\0\x05\xf0\0\0\x10\x26\0\0\xa5\x01\0\0\x66\x03\0\0\x0e\xe4\0\0\x20\
\x26\0\0\xa5\x01\0\0\x66\x03\0\0\x09\xe4\0\0\x30\x26\0\0\xa5\x01\0\0\x7c\x03\0\
\0\x05\xf0\0\0\x48\x26\0\0\xa5\x01\0\0\x66\x03\0\0\x0e\xe4\0\0\x58\x26\0\0\xa5\
\x01\0\0\x66\x03\0\0\x09\xe4\0\0\x68\x26\0\0\xa5\x01\0\0\x7c\x03\0\0\x05\xf0\0\
\0\x80\x26\0\0\xa5\x01\0\0\x66\x03\0\0\x0e\xe4\0\0\x90\x26\0\0\xa5\x01\0\0\x66\
\x03\0\0\x09\xe4\0\0\xa0\x26\0\0\xa5\x01\0\0\x7c\x03\0\0\x05\xf0\0\0\xb8\x26\0\
\0\xa5\x01\0\0\x66\x03\0\0\x0e\xe4\0\0\xc8\x26\0\0\xa5\x01\0\0\x66\x03\0\0\x09\
\xe4\0\0\xd8\x26\0\0\xa5\x01\0\0\x7c\x03\0\0\x05\xf0\0\0\xf0\x26\0\0\xa5\x01\0\
\0\x66\x03\0\0\x0e\xe4\0\0\0\x27\0\0\xa5\x01\0\0\x66\x03\0\0\x09\xe4\0\0\x10\
\x27\0\0\xa5\x01\0\0\x7c\x03\0\0\x05\xf0\0\0\x28\x27\0\0\xa5\x01\0\0\x66\x03\0\
\0\x0e\xe4\0\0\x38\x27\0\0\xa5\x01\0\0\x66\x03\0\0\x09\xe4\0\0\x48\x27\0\0\xa5\
\x01\0\0\x7c\x03\0\0\x05\xf0\0\0\x60\x27\0\0\xa5\x01\0\0\x66\x03\0\0\x0e\xe4\0\
\0\x70\x27\0\0\xa5\x01\0\0\x66\x03\0\0\x09\xe4\0\0\x80\x27\0\0\xa5\x01\0\0\x7c\
\x03\0\0\x05\xf0\0\0\x98\x27\0\0\xa5\x01\0\0\x66\x03\0\0\x0e\xe4\0\0\xa8\x27\0\
\0\xa5\x01\0\0\x66\x03\0\0\x09\xe4\0\0\xb8\x27\0\0\xa5\x01\0\0\x7c\x03\0\0\x05\
\xf0\0\0\xd0\x27\0\0\xa5\x01\0\0\x66\x03\0\0\x0e\xe4\0\0\xe0\x27\0\0\xa5\x01\0\
\0\x66\x03\0\0\x09\xe4\0\0\xf0\x27\0\0\xa5\x01\0\0\x7c\x03\0\0\x05\xf0\0\0\x08\
\x28\0\0\xa5\x01\0\0\x66\x03\0\0\x0e\xe4\0\0\x18\x28\0\0\xa5\x01\0\0\x66\x03\0\
\0\x09\xe4\0\0\x28\x28\0\0\xa5\x01\0\0\x7c\x03\0\0\x05\xf0\0\0\x40\x28\0\0\xa5\
\x01\0\0\x66\x03\0\0\x0e\xe4\0\0\x50\x28\0\0\xa5\x01\0\0\x66\x03\0\0\x09\xe4\0\
\0\x60\x28\0\0\xa5\x01\0\0\x7c\x03\0\0\x05\xf0\0\0\x78\x28\0\0\xa5\x01\0\0\x66\
\x03\0\0\x0e\xe4\0\0\x88\x28\0\0\xa5\x01\0\0\x66\x03\0\0\x09\xe4\0\0\x98\x28\0\
\0\xa5\x01\0\0\x7c\x03\0\0\x05\xf0\0\0\xb0\x28\0\0\xa5\x01\0\0\x66\x03\0\0\x0e\
\xe4\0\0\xc0\x28\0\0\xa5\x01\0\0\x66\x03\0\0\x09\xe4\0\0\xd0\x28\0\0\xa5\x01\0\
\0\x7c\x03\0\0\x05\xf0\0\0\xe8\x28\0\0\xa5\x01\0\0\x66\x03\0\0\x0e\xe4\0\0\xf8\
\x28\0\0\xa5\x01\0\0\x66\x03\0\0\x09\xe4\0\0\x08\x29\0\0\xa5\x01\0\0\x7c\x03\0\
\0\x05\xf0\0\0\x20\x29\0\0\xa5\x01\0\0\x66\x03\0\0\x0e\xe4\0\0\x30\x29\0\0\xa5\
\x01\0\0\x66\x03\0\0\x09\xe4\0\0\x40\x29\0\0\xa5\x01\0\0\x7c\x03\0\0\x05\xf0\0\
\0\x58\x29\0\0\xa5\x01\0\0\x66\x03\0\0\x0e\xe4\0\0\x68\x29\0\0\xa5\x01\0\0\x66\
\x03\0\0\x09\xe4\0\0\x78\x29\0\0\xa5\x01\0\0\x7c\x03\0\0\x05\xf0\0\0\x90\x29\0\
\0\xa5\x01\0\0\x66\x03\0\0\x0e\xe4\0\0\xa0\x29\0\0\xa5\x01\0\0\x66\x03\0\0\x09\
\xe4\0\0\xb0\x29\0\0\xa5\x01\0\0\x7c\x03\0\0\x05\xf0\0\0\xc8\x29\0\0\xa5\x01\0\
\0\x66\x03\0\0\x0e\xe4\0\0\xd8\x29\0\0\xa5\x01\0\0\x66\x03\0\0\x09\xe4\0\0\xe8\
\x29\0\0\xa5\x01\0\0\x7c\x03\0\0\x05\xf0\0\0\0\x2a\0\0\xa5\x01\0\0\x66\x03\0\0\
\x0e\xe4\0\0\x10\x2a\0\0\xa5\x01\0\0\x66\x03\0\0\x09\xe4\0\0\x20\x2a\0\0\xa5\
\x01\0\0\x7c\x03\0\0\x05\xf0\0\0\x38\x2a\0\0\xa5\x01\0\0\x66\x03\0\0\x0e\xe4\0\
\0\x48\x2a\0\0\xa5\x01\0\0\x66\x03\0\0\x09\xe4\0\0\x58\x2a\0\0\xa5\x01\0\0\x7c\
\x03\0\0\x05\xf0\0\0\x70\x2a\0\0\xa5\x01\0\0\x66\x03\0\0\x0e\xe4\0\0\x80\x2a\0\
\0\xa5\x01\0\0\x66\x03\0\0\x09\xe4\0\0\x90\x2a\0\0\xa5\x01\0\0\x7c\x03\0\0\x05\
\xf0\0\0\xa8\x2a\0\0\xa5\x01\0\0\x66\x03\0\0\x0e\xe4\0\0\xb8\x2a\0\0\xa5\x01\0\
\0\x66\x03\0\0\x09\xe4\0\0\xc8\x2a\0\0\xa5\x01\0\0\x7c\x03\0\0\x05\xf0\0\0\xe0\
\x2a\0\0\xa5\x01\0\0\x66\x03\0\0\x0e\xe4\0\0\xf0\x2a\0\0\xa5\x01\0\0\x66\x03\0\
\0\x09\xe4\0\0\0\x2b\0\0\xa5\x01\0\0\x7c\x03\0\0\x05\xf0\0\0\x18\x2b\0\0\xa5\
\x01\0\0\x66\x03\0\0\x0e\xe4\0\0\x28\x2b\0\0\xa5\x01\0\0\x66\x03\0\0\x09\xe4\0\
\0\x38\x2b\0\0\xa5\x01\0\0\x7c\x03\0\0\x05\xf0\0\0\x50\x2b\0\0\xa5\x01\0\0\x66\
\x03\0\0\x0e\xe4\0\0\x60\x2b\0\0\xa5\x01\0\0\x66\x03\0\0\x09\xe4\0\0\x70\x2b\0\
\0\xa5\x01\0\0\x7c\x03\0\0\x05\xf0\0\0\x88\x2b\0\0\xa5\x01\0\0\x66\x03\0\0\x0e\
\xe4\0\0\x98\x2b\0\0\xa5\x01\0\0\x66\x03\0\0\x09\xe4\0\0\xa8\x2b\0\0\xa5\x01\0\
\0\x7c\x03\0\0\x05\xf0\0\0\xc0\x2b\0\0\xa5\x01\0\0\x66\x03\0\0\x0e\xe4\0\0\xd0\
\x2b\0\0\xa5\x01\0\0\x66\x03\0\0\x09\xe4\0\0\xe0\x2b\0\0\xa5\x01\0\0\x7c\x03\0\
\0\x05\xf0\0\0\xf8\x2b\0\0\xa5\x01\0\0\x66\x03\0\0\x0e\xe4\0\0\x08\x2c\0\0\xa5\
\x01\0\0\x66\x03\0\0\x09\xe4\0\0\x18\x2c\0\0\xa5\x01\0\0\x7c\x03\0\0\x05\xf0\0\
\0\x30\x2c\0\0\xa5\x01\0\0\x66\x03\0\0\x0e\xe4\0\0\x40\x2c\0\0\xa5\x01\0\0\x66\
\x03\0\0\x09\xe4\0\0\x50\x2c\0\0\xa5\x01\0\0\x7c\x03\0\0\x05\xf0\0\0\x68\x2c\0\
\0\xa5\x01\0\0\x66\x03\0\0\x0e\xe4\0\0\x78\x2c\0\0\xa5\x01\0\0\x66\x03\0\0\x09\
\xe4\0\0\x88\x2c\0\0\xa5\x01\0\0\x7c\x03\0\0\x05\xf0\0\0\xa0\x2c\0\0\xa5\x01\0\
\0\x66\x03\0\0\x0e\xe4\0\0\xb0\x2c\0\0\xa5\x01\0\0\x66\x03\0\0\x09\xe4\0\0\xc0\
\x2c\0\0\xa5\x01\0\0\x7c\x03\0\0\x05\xf0\0\0\xd8\x2c\0\0\xa5\x01\0\0\x66\x03\0\
\0\x0e\xe4\0\0\xe8\x2c\0\0\xa5\x01\0\0\x66\x03\0\0\x09\xe4\0\0\xf8\x2c\0\0\xa5\
\x01\0\0\x7c\x03\0\0\x05\xf0\0\0\x10\x2d\0\0\xa5\x01\0\0\x66\x03\0\0\x0e\xe4\0\
\0\x20\x2d\0\0\xa5\x01\0\0\x66\x03\0\0\x09\xe4\0\0\x30\x2d\0\0\xa5\x01\0\0\x7c\
\x03\0\0\x05\xf0\0\0\x48\x2d\0\0\xa5\x01\0\0\x66\x03\0\0\x0e\xe4\0\0\x58\x2d\0\
\0\xa5\x01\0\0\x66\x03\0\0\x09\xe4\0\0\x68\x2d\0\0\xa5\x01\0\0\x7c\x03\0\0\x05\
\xf0\0\0\x80\x2d\0\0\xa5\x01\0\0\x66\x03\0\0\x0e\xe4\0\0\x90\x2d\0\0\xa5\x01\0\
\0\x66\x03\0\0\x09\xe4\0\0\xa0\x2d\0\0\xa5\x01\0\0\x7c\x03\0\0\x05\xf0\0\0\xb8\
\x2d\0\0\xa5\x01\0\0\x66\x03\0\0\x0e\xe4\0\0\xc8\x2d\0\0\xa5\x01\0\0\x66\x03\0\
\0\x09\xe4\0\0\xd8\x2d\0\0\xa5\x01\0\0\x7c\x03\0\0\x05\xf0\0\0\xf0\x2d\0\0\xa5\
\x01\0\0\x66\x03\0\0\x0e\xe4\0\0\0\x2e\0\0\xa5\x01\0\0\x66\x03\0\0\x09\xe4\0\0\
\x10\x2e\0\0\xa5\x01\0\0\x7c\x03\0\0\x05\xf0\0\0\x28\x2e\0\0\xa5\x01\0\0\x66\
\x03\0\0\x0e\xe4\0\0\x38\x2e\0\0\xa5\x01\0\0\x66\x03\0\0\x09\xe4\0\0\x48\x2e\0\
\0\xa5\x01\0\0\x7c\x03\0\0\x05\xf0\0\0\x60\x2e\0\0\xa5\x01\0\0\x66\x03\0\0\x0e\
\xe4\0\0\x70\x2e\0\0\xa5\x01\0\0\x66\x03\0\0\x09\xe4\0\0\x80\x2e\0\0\xa5\x01\0\
\0\x7c\x03\0\0\x05\xf0\0\0\x98\x2e\0\0\xa5\x01\0\0\x66\x03\0\0\x0e\xe4\0\0\xa8\
\x2e\0\0\xa5\x01\0\0\x66\x03\0\0\x09\xe4\0\0\xb8\x2e\0\0\xa5\x01\0\0\x7c\x03\0\
\0\x05\xf0\0\0\xd0\x2e\0\0\xa5\x01\0\0\x66\x03\0\0\x0e\xe4\0\0\xe0\x2e\0\0\xa5\
\x01\0\0\x66\x03\0\0\x09\xe4\0\0\xf0\x2e\0\0\xa5\x01\0\0\x7c\x03\0\0\x05\xf0\0\
\0\x08\x2f\0\0\xa5\x01\0\0\x66\x03\0\0\x0e\xe4\0\0\x18\x2f\0\0\xa5\x01\0\0\x66\
\x03\0\0\x09\xe4\0\0\x28\x2f\0\0\xa5\x01\0\0\x7c\x03\0\0\x05\xf0\0\0\x40\x2f\0\
\0\xa5\x01\0\0\x66\x03\0\0\x0e\xe4\0\0\x50\x2f\0\0\xa5\x01\0\0\x66\x03\0\0\x09\
\xe4\0\0\x60\x2f\0\0\xa5\x01\0\0\x7c\x03\0\0\x05\xf0\0\0\x78\x2f\0\0\xa5\x01\0\
\0\x66\x03\0\0\x0e\xe4\0\0\x88\x2f\0\0\xa5\x01\0\0\x66\x03\0\0\x09\xe4\0\0\x98\
\x2f\0\0\xa5\x01\0\0\x7c\x03\0\0\x05\xf0\0\0\xb0\x2f\0\0\xa5\x01\0\0\x66\x03\0\
\0\x0e\xe4\0\0\xc0\x2f\0\0\xa5\x01\0\0\x66\x03\0\0\x09\xe4\0\0\xd0\x2f\0\0\xa5\
\x01\0\0\x7c\x03\0\0\x05\xf0\0\0\xe8\x2f\0\0\xa5\x01\0\0\x66\x03\0\0\x0e\xe4\0\
\0\xf8\x2f\0\0\xa5\x01\0\0\x66\x03\0\0\x09\xe4\0\0\x08\x30\0\0\xa5\x01\0\0\x7c\
\x03\0\0\x05\xf0\0\0\x20\x30\0\0\xa5\x01\0\0\x66\x03\0\0\x0e\xe4\0\0\x30\x30\0\
\0\xa5\x01\0\0\x66\x03\0\0\x09\xe4\0\0\x40\x30\0\0\xa5\x01\0\0\x7c\x03\0\0\x05\
\xf0\0\0\x58\x30\0\0\xa5\x01\0\0\x66\x03\0\0\x0e\xe4\0\0\x68\x30\0\0\xa5\x01\0\
\0\x66\x03\0\0\x09\xe4\0\0\x78\x30\0\0\xa5\x01\0\0\x7c\x03\0\0\x05\xf0\0\0\x90\
\x30\0\0\xa5\x01\0\0\x66\x03\0\0\x0e\xe4\0\0\xa0\x30\0\0\xa5\x01\0\0\x66\x03\0\
\0\x09\xe4\0\0\xb0\x30\0\0\xa5\x01\0\0\x7c\x03\0\0\x05\xf0\0\0\xc8\x30\0\0\xa5\
\x01\0\0\x66\x03\0\0\x0e\xe4\0\0\xd8\x30\0\0\xa5\x01\0\0\x66\x03\0\0\x09\xe4\0\
\0\xe8\x30\0\0\xa5\x01\0\0\x7c\x03\0\0\x05\xf0\0\0\0\x31\0\0\xa5\x01\0\0\x66\
\x03\0\0\x0e\xe4\0\0\x10\x31\0\0\xa5\x01\0\0\x66\x03\0\0\x09\xe4\0\0\x20\x31\0\
\0\xa5\x01\0\0\x7c\x03\0\0\x05\xf0\0\0\x38\x31\0\0\xa5\x01\0\0\x66\x03\0\0\x0e\
\xe4\0\0\x48\x31\0\0\xa5\x01\0\0\x66\x03\0\0\x09\xe4\0\0\x58\x31\0\0\xa5\x01\0\
\0\x7c\x03\0\0\x05\xf0\0\0\x70\x31\0\0\xa5\x01\0\0\x66\x03\0\0\x0e\xe4\0\0\x80\
\x31\0\0\xa5\x01\0\0\x66\x03\0\0\x09\xe4\0\0\x90\x31\0\0\xa5\x01\0\0\x7c\x03\0\
\0\x05\xf0\0\0\xa8\x31\0\0\xa5\x01\0\0\x66\x03\0\0\x0e\xe4\0\0\xb8\x31\0\0\xa5\
\x01\0\0\x66\x03\0\0\x09\xe4\0\0\xc8\x31\0\0\xa5\x01\0\0\x7c\x03\0\0\x05\xf0\0\
\0\xe0\x31\0\0\xa5\x01\0\0\x66\x03\0\0\x0e\xe4\0\0\xf0\x31\0\0\xa5\x01\0\0\x66\
\x03\0\0\x09\xe4\0\0\0\x32\0\0\xa5\x01\0\0\x7c\x03\0\0\x05\xf0\0\0\x18\x32\0\0\
\xa5\x01\0\0\x66\x03\0\0\x0e\xe4\0\0\x28\x32\0\0\xa5\x01\0\0\x66\x03\0\0\x09\
\xe4\0\0\x38\x32\0\0\xa5\x01\0\0\x7c\x03\0\0\x05\xf0\0\0\x50\x32\0\0\xa5\x01\0\
\0\x66\x03\0\0\x0e\xe4\0\0\x60\x32\0\0\xa5\x01\0\0\x66\x03\0\0\x09\xe4\0\0\x70\
\x32\0\0\xa5\x01\0\0\x7c\x03\0\0\x05\xf0\0\0\x88\x32\0\0\xa5\x01\0\0\x66\x03\0\
\0\x0e\xe4\0\0\x98\x32\0\0\xa5\x01\0\0\x66\x03\0\0\x09\xe4\0\0\xa8\x32\0\0\xa5\
\x01\0\0\x7c\x03\0\0\x05\xf0\0\0\xc0\x32\0\0\xa5\x01\0\0\x66\x03\0\0\x0e\xe4\0\
\0\xd0\x32\0\0\xa5\x01\0\0\x66\x03\0\0\x09\xe4\0\0\xe0\x32\0\0\xa5\x01\0\0\x7c\
\x03\0\0\x05\xf0\0\0\xf8\x32\0\0\xa5\x01\0\0\x66\x03\0\0\x0e\xe4\0\0\x08\x33\0\
\0\xa5\x01\0\0\x66\x03\0\0\x09\xe4\0\0\x18\x33\0\0\xa5\x01\0\0\x7c\x03\0\0\x05\
\xf0\0\0\x30\x33\0\0\xa5\x01\0\0\x66\x03\0\0\x0e\xe4\0\0\x40\x33\0\0\xa5\x01\0\
\0\x66\x03\0\0\x09\xe4\0\0\x50\x33\0\0\xa5\x01\0\0\x7c\x03\0\0\x05\xf0\0\0\x68\
\x33\0\0\xa5\x01\0\0\x66\x03\0\0\x0e\xe4\0\0\x78\x33\0\0\xa5\x01\0\0\x66\x03\0\
\0\x09\xe4\0\0\x88\x33\0\0\xa5\x01\0\0\x7c\x03\0\0\x05\xf0\0\0\xa0\x33\0\0\xa5\
\x01\0\0\x66\x03\0\0\x0e\xe4\0\0\xb0\x33\0\0\xa5\x01\0\0\x66\x03\0\0\x09\xe4\0\
\0\xc0\x33\0\0\xa5\x01\0\0\x7c\x03\0\0\x05\xf0\0\0\xd8\x33\0\0\xa5\x01\0\0\x66\
\x03\0\0\x0e\xe4\0\0\xe8\x33\0\0\xa5\x01\0\0\x66\x03\0\0\x09\xe4\0\0\xf8\x33\0\
\0\xa5\x01\0\0\x7c\x03\0\0\x05\xf0\0\0\x10\x34\0\0\xa5\x01\0\0\x66\x03\0\0\x0e\
\xe4\0\0\x20\x34\0\0\xa5\x01\0\0\x66\x03\0\0\x09\xe4\0\0\x30\x34\0\0\xa5\x01\0\
\0\x7c\x03\0\0\x05\xf0\0\0\x48\x34\0\0\xa5\x01\0\0\x66\x03\0\0\x0e\xe4\0\0\x58\
\x34\0\0\xa5\x01\0\0\x66\x03\0\0\x09\xe4\0\0\x68\x34\0\0\xa5\x01\0\0\x7c\x03\0\
\0\x05\xf0\0\0\x80\x34\0\0\xa5\x01\0\0\x66\x03\0\0\x0e\xe4\0\0\x90\x34\0\0\xa5\
\x01\0\0\x66\x03\0\0\x09\xe4\0\0\xa0\x34\0\0\xa5\x01\0\0\x7c\x03\0\0\x05\xf0\0\
\0\xb8\x34\0\0\xa5\x01\0\0\x66\x03\0\0\x0e\xe4\0\0\xc8\x34\0\0\xa5\x01\0\0\x66\
\x03\0\0\x09\xe4\0\0\xd8\x34\0\0\xa5\x01\0\0\x7c\x03\0\0\x05\xf0\0\0\xf0\x34\0\
\0\xa5\x01\0\0\x66\x03\0\0\x0e\xe4\0\0\0\x35\0\0\xa5\x01\0\0\x66\x03\0\0\x09\
\xe4\0\0\x10\x35\0\0\xa5\x01\0\0\x7c\x03\0\0\x05\xf0\0\0\x28\x35\0\0\xa5\x01\0\
\0\x66\x03\0\0\x0e\xe4\0\0\x38\x35\0\0\xa5\x01\0\0\x66\x03\0\0\x09\xe4\0\0\x48\
\x35\0\0\xa5\x01\0\0\x7c\x03\0\0\x05\xf0\0\0\x60\x35\0\0\xa5\x01\0\0\x66\x03\0\
\0\x0e\xe4\0\0\x70\x35\0\0\xa5\x01\0\0\x66\x03\0\0\x09\xe4\0\0\x80\x35\0\0\xa5\
\x01\0\0\x7c\x03\0\0\x05\xf0\0\0\x98\x35\0\0\xa5\x01\0\0\x66\x03\0\0\x0e\xe4\0\
\0\xa8\x35\0\0\xa5\x01\0\0\x66\x03\0\0\x09\xe4\0\0\xb8\x35\0\0\xa5\x01\0\0\x7c\
\x03\0\0\x05\xf0\0\0\xd0\x35\0\0\xa5\x01\0\0\x66\x03\0\0\x0e\xe4\0\0\xe0\x35\0\
\0\xa5\x01\0\0\x66\x03\0\0\x09\xe4\0\0\xf0\x35\0\0\xa5\x01\0\0\x7c\x03\0\0\x05\
\xf0\0\0\x08\x36\0\0\xa5\x01\0\0\x66\x03\0\0\x0e\xe4\0\0\x18\x36\0\0\xa5\x01\0\
\0\x66\x03\0\0\x09\xe4\0\0\x28\x36\0\0\xa5\x01\0\0\x7c\x03\0\0\x05\xf0\0\0\x40\
\x36\0\0\xa5\x01\0\0\x66\x03\0\0\x0e\xe4\0\0\x50\x36\0\0\xa5\x01\0\0\x66\x03\0\
\0\x09\xe4\0\0\x60\x36\0\0\xa5\x01\0\0\x7c\x03\0\0\x05\xf0\0\0\x78\x36\0\0\xa5\
\x01\0\0\x66\x03\0\0\x0e\xe4\0\0\x88\x36\0\0\xa5\x01\0\0\x66\x03\0\0\x09\xe4\0\
\0\x98\x36\0\0\xa5\x01\0\0\x7c\x03\0\0\x05\xf0\0\0\xb0\x36\0\0\xa5\x01\0\0\x66\
\x03\0\0\x0e\xe4\0\0\xc0\x36\0\0\xa5\x01\0\0\x66\x03\0\0\x09\xe4\0\0\xd0\x36\0\
\0\xa5\x01\0\0\x7c\x03\0\0\x05\xf0\0\0\xe8\x36\0\0\xa5\x01\0\0\x66\x03\0\0\x0e\
\xe4\0\0\xf8\x36\0\0\xa5\x01\0\0\x66\x03\0\0\x09\xe4\0\0\x08\x37\0\0\xa5\x01\0\
\0\x7c\x03\0\0\x05\xf0\0\0\x20\x37\0\0\xa5\x01\0\0\x66\x03\0\0\x0e\xe4\0\0\x30\
\x37\0\0\xa5\x01\0\0\x66\x03\0\0\x09\xe4\0\0\x40\x37\0\0\xa5\x01\0\0\x7c\x03\0\
\0\x05\xf0\0\0\x58\x37\0\0\xa5\x01\0\0\x66\x03\0\0\x0e\xe4\0\0\x68\x37\0\0\xa5\
\x01\0\0\x66\x03\0\0\x09\xe4\0\0\x78\x37\0\0\xa5\x01\0\0\x7c\x03\0\0\x05\xf0\0\
\0\x90\x37\0\0\xa5\x01\0\0\x66\x03\0\0\x0e\xe4\0\0\xa0\x37\0\0\xa5\x01\0\0\x66\
\x03\0\0\x09\xe4\0\0\xb0\x37\0\0\xa5\x01\0\0\x7c\x03\0\0\x05\xf0\0\0\xc8\x37\0\
\0\xa5\x01\0\0\x66\x03\0\0\x0e\xe4\0\0\xd8\x37\0\0\xa5\x01\0\0\x66\x03\0\0\x09\
\xe4\0\0\xe8\x37\0\0\xa5\x01\0\0\x7c\x03\0\0\x05\xf0\0\0\0\x38\0\0\xa5\x01\0\0\
\x66\x03\0\0\x0e\xe4\0\0\x10\x38\0\0\xa5\x01\0\0\x66\x03\0\0\x09\xe4\0\0\x20\
\x38\0\0\xa5\x01\0\0\x7c\x03\0\0\x05\xf0\0\0\x38\x38\0\0\xa5\x01\0\0\x66\x03\0\
\0\x0e\xe4\0\0\x48\x38\0\0\xa5\x01\0\0\x66\x03\0\0\x09\xe4\0\0\x58\x38\0\0\xa5\
\x01\0\0\x7c\x03\0\0\x05\xf0\0\0\x70\x38\0\0\xa5\x01\0\0\x66\x03\0\0\x0e\xe4\0\
\0\x80\x38\0\0\xa5\x01\0\0\x66\x03\0\0\x09\xe4\0\0\x90\x38\0\0\xa5\x01\0\0\x7c\
\x03\0\0\x05\xf0\0\0\xa8\x38\0\0\xa5\x01\0\0\x66\x03\0\0\x0e\xe4\0\0\xb8\x38\0\
\0\xa5\x01\0\0\x66\x03\0\0\x09\xe4\0\0\xc8\x38\0\0\xa5\x01\0\0\x7c\x03\0\0\x05\
\xf0\0\0\xe0\x38\0\0\xa5\x01\0\0\x66\x03\0\0\x0e\xe4\0\0\xf0\x38\0\0\xa5\x01\0\
\0\x66\x03\0\0\x09\xe4\0\0\0\x39\0\0\xa5\x01\0\0\x7c\x03\0\0\x05\xf0\0\0\x18\
\x39\0\0\xa5\x01\0\0\x66\x03\0\0\x0e\xe4\0\0\x28\x39\0\0\xa5\x01\0\0\x66\x03\0\
\0\x09\xe4\0\0\x38\x39\0\0\xa5\x01\0\0\x7c\x03\0\0\x05\xf0\0\0\x50\x39\0\0\xa5\
\x01\0\0\x66\x03\0\0\x0e\xe4\0\0\x60\x39\0\0\xa5\x01\0\0\x66\x03\0\0\x09\xe4\0\
\0\x70\x39\0\0\xa5\x01\0\0\x7c\x03\0\0\x05\xf0\0\0\x88\x39\0\0\xa5\x01\0\0\x66\
\x03\0\0\x0e\xe4\0\0\x98\x39\0\0\xa5\x01\0\0\x66\x03\0\0\x09\xe4\0\0\xa8\x39\0\
\0\xa5\x01\0\0\x7c\x03\0\0\x05\xf0\0\0\xc0\x39\0\0\xa5\x01\0\0\x66\x03\0\0\x0e\
\xe4\0\0\xd0\x39\0\0\xa5\x01\0\0\x66\x03\0\0\x09\xe4\0\0\xe0\x39\0\0\xa5\x01\0\
\0\x7c\x03\0\0\x05\xf0\0\0\xf8\x39\0\0\xa5\x01\0\0\x66\x03\0\0\x0e\xe4\0\0\x08\
\x3a\0\0\xa5\x01\0\0\x66\x03\0\0\x09\xe4\0\0\x18\x3a\0\0\xa5\x01\0\0\x7c\x03\0\
\0\x05\xf0\0\0\x30\x3a\0\0\xa5\x01\0\0\x66\x03\0\0\x0e\xe4\0\0\x40\x3a\0\0\xa5\
\x01\0\0\x66\x03\0\0\x09\xe4\0\0\x50\x3a\0\0\xa5\x01\0\0\x7c\x03\0\0\x05\xf0\0\
\0\x68\x3a\0\0\xa5\x01\0\0\x66\x03\0\0\x0e\xe4\0\0\x78\x3a\0\0\xa5\x01\0\0\x66\
\x03\0\0\x09\xe4\0\0\x88\x3a\0\0\xa5\x01\0\0\x7c\x03\0\0\x05\xf0\0\0\xa0\x3a\0\
\0\xa5\x01\0\0\x66\x03\0\0\x0e\xe4\0\0\xb0\x3a\0\0\xa5\x01\0\0\x66\x03\0\0\x09\
\xe4\0\0\xc0\x3a\0\0\xa5\x01\0\0\x7c\x03\0\0\x05\xf0\0\0\xd8\x3a\0\0\xa5\x01\0\
\0\x66\x03\0\0\x0e\xe4\0\0\xe8\x3a\0\0\xa5\x01\0\0\x66\x03\0\0\x09\xe4\0\0\xf8\
\x3a\0\0\xa5\x01\0\0\x7c\x03\0\0\x05\xf0\0\0\x10\x3b\0\0\xa5\x01\0\0\x66\x03\0\
\0\x0e\xe4\0\0\x20\x3b\0\0\xa5\x01\0\0\x66\x03\0\0\x09\xe4\0\0\x30\x3b\0\0\xa5\
\x01\0\0\x7c\x03\0\0\x05\xf0\0\0\x48\x3b\0\0\xa5\x01\0\0\x66\x03\0\0\x0e\xe4\0\
\0\x58\x3b\0\0\xa5\x01\0\0\x66\x03\0\0\x09\xe4\0\0\x68\x3b\0\0\xa5\x01\0\0\x7c\
\x03\0\0\x05\xf0\0\0\x80\x3b\0\0\xa5\x01\0\0\x66\x03\0\0\x0e\xe4\0\0\x90\x3b\0\
\0\xa5\x01\0\0\x66\x03\0\0\x09\xe4\0\0\xa0\x3b\0\0\xa5\x01\0\0\x7c\x03\0\0\x05\
\xf0\0\0\xb8\x3b\0\0\xa5\x01\0\0\x66\x03\0\0\x0e\xe4\0\0\xc8\x3b\0\0\xa5\x01\0\
\0\x66\x03\0\0\x09\xe4\0\0\xd8\x3b\0\0\xa5\x01\0\0\x7c\x03\0\0\x05\xf0\0\0\xf0\
\x3b\0\0\xa5\x01\0\0\x66\x03\0\0\x0e\xe4\0\0\0\x3c\0\0\xa5\x01\0\0\x66\x03\0\0\
\x09\xe4\0\0\x10\x3c\0\0\xa5\x01\0\0\x7c\x03\0\0\x05\xf0\0\0\x28\x3c\0\0\xa5\
\x01\0\0\x66\x03\0\0\x0e\xe4\0\0\x38\x3c\0\0\xa5\x01\0\0\x66\x03\0\0\x09\xe4\0\
\0\x48\x3c\0\0\xa5\x01\0\0\x7c\x03\0\0\x05\xf0\0\0\x60\x3c\0\0\xa5\x01\0\0\x66\
\x03\0\0\x0e\xe4\0\0\x70\x3c\0\0\xa5\x01\0\0\x66\x03\0\0\x09\xe4\0\0\x80\x3c\0\
\0\xa5\x01\0\0\x7c\x03\0\0\x05\xf0\0\0\x98\x3c\0\0\xa5\x01\0\0\x66\x03\0\0\x0e\
\xe4\0\0\xa8\x3c\0\0\xa5\x01\0\0\x66\x03\0\0\x09\xe4\0\0\xb8\x3c\0\0\xa5\x01\0\
\0\x7c\x03\0\0\x05\xf0\0\0\xd0\x3c\0\0\xa5\x01\0\0\x66\x03\0\0\x0e\xe4\0\0\xe0\
\x3c\0\0\xa5\x01\0\0\x66\x03\0\0\x09\xe4\0\0\xf0\x3c\0\0\xa5\x01\0\0\x7c\x03\0\
\0\x05\xf0\0\0\x08\x3d\0\0\xa5\x01\0\0\x66\x03\0\0\x0e\xe4\0\0\x18\x3d\0\0\xa5\
\x01\0\0\x66\x03\0\0\x09\xe4\0\0\x28\x3d\0\0\xa5\x01\0\0\x7c\x03\0\0\x05\xf0\0\
\0\x40\x3d\0\0\xa5\x01\0\0\x66\x03\0\0\x0e\xe4\0\0\x50\x3d\0\0\xa5\x01\0\0\x66\
\x03\0\0\x09\xe4\0\0\x60\x3d\0\0\xa5\x01\0\0\x7c\x03\0\0\x05\xf0\0\0\x78\x3d\0\
\0\xa5\x01\0\0\x66\x03\0\0\x0e\xe4\0\0\x88\x3d\0\0\xa5\x01\0\0\x66\x03\0\0\x09\
\xe4\0\0\x98\x3d\0\0\xa5\x01\0\0\x7c\x03\0\0\x05\xf0\0\0\xb0\x3d\0\0\xa5\x01\0\
\0\x66\x03\0\0\x0e\xe4\0\0\xc0\x3d\0\0\xa5\x01\0\0\x66\x03\0\0\x09\xe4\0\0\xd0\
\x3d\0\0\xa5\x01\0\0\x7c\x03\0\0\x05\xf0\0\0\xe8\x3d\0\0\xa5\x01\0\0\x66\x03\0\
\0\x0e\xe4\0\0\xf8\x3d\0\0\xa5\x01\0\0\x66\x03\0\0\x09\xe4\0\0\x08\x3e\0\0\xa5\
\x01\0\0\x7c\x03\0\0\x05\xf0\0\0\x20\x3e\0\0\xa5\x01\0\0\x66\x03\0\0\x0e\xe4\0\
\0\x30\x3e\0\0\xa5\x01\0\0\x66\x03\0\0\x09\xe4\0\0\x40\x3e\0\0\xa5\x01\0\0\x7c\
\x03\0\0\x05\xf0\0\0\x58\x3e\0\0\xa5\x01\0\0\x66\x03\0\0\x0e\xe4\0\0\x68\x3e\0\
\0\xa5\x01\0\0\x66\x03\0\0\x09\xe4\0\0\x78\x3e\0\0\xa5\x01\0\0\x7c\x03\0\0\x05\
\xf0\0\0\x90\x3e\0\0\xa5\x01\0\0\x66\x03\0\0\x0e\xe4\0\0\xa0\x3e\0\0\xa5\x01\0\
\0\x66\x03\0\0\x09\xe4\0\0\xb0\x3e\0\0\xa5\x01\0\0\x7c\x03\0\0\x05\xf0\0\0\xc8\
\x3e\0\0\xa5\x01\0\0\x66\x03\0\0\x0e\xe4\0\0\xd8\x3e\0\0\xa5\x01\0\0\x66\x03\0\
\0\x09\xe4\0\0\xe8\x3e\0\0\xa5\x01\0\0\x7c\x03\0\0\x05\xf0\0\0\0\x3f\0\0\xa5\
\x01\0\0\x66\x03\0\0\x0e\xe4\0\0\x10\x3f\0\0\xa5\x01\0\0\x66\x03\0\0\x09\xe4\0\
\0\x20\x3f\0\0\xa5\x01\0\0\x7c\x03\0\0\x05\xf0\0\0\x38\x3f\0\0\xa5\x01\0\0\x66\
\x03\0\0\x0e\xe4\0\0\x48\x3f\0\0\xa5\x01\0\0\x66\x03\0\0\x09\xe4\0\0\x58\x3f\0\
\0\xa5\x01\0\0\x7c\x03\0\0\x05\xf0\0\0\x70\x3f\0\0\xa5\x01\0\0\x66\x03\0\0\x0e\
\xe4\0\0\x80\x3f\0\0\xa5\x01\0\0\x66\x03\0\0\x09\xe4\0\0\x90\x3f\0\0\xa5\x01\0\
\0\x7c\x03\0\0\x05\xf0\0\0\xa8\x3f\0\0\xa5\x01\0\0\x66\x03\0\0\x0e\xe4\0\0\xb8\
\x3f\0\0\xa5\x01\0\0\x66\x03\0\0\x09\xe4\0\0\xc8\x3f\0\0\xa5\x01\0\0\x7c\x03\0\
\0\x05\xf0\0\0\xe0\x3f\0\0\xa5\x01\0\0\x66\x03\0\0\x0e\xe4\0\0\xf0\x3f\0\0\xa5\
\x01\0\0\x66\x03\0\0\x09\xe4\0\0\0\x40\0\0\xa5\x01\0\0\x7c\x03\0\0\x05\xf0\0\0\
\x18\x40\0\0\xa5\x01\0\0\x66\x03\0\0\x0e\xe4\0\0\x28\x40\0\0\xa5\x01\0\0\x66\
\x03\0\0\x09\xe4\0\0\x38\x40\0\0\xa5\x01\0\0\x7c\x03\0\0\x05\xf0\0\0\x50\x40\0\
\0\xa5\x01\0\0\x66\x03\0\0\x0e\xe4\0\0\x60\x40\0\0\xa5\x01\0\0\x66\x03\0\0\x09\
\xe4\0\0\x70\x40\0\0\xa5\x01\0\0\x7c\x03\0\0\x05\xf0\0\0\x88\x40\0\0\xa5\x01\0\
\0\x66\x03\0\0\x0e\xe4\0\0\x98\x40\0\0\xa5\x01\0\0\x66\x03\0\0\x09\xe4\0\0\xa8\
\x40\0\0\xa5\x01\0\0\x7c\x03\0\0\x05\xf0\0\0\xc0\x40\0\0\xa5\x01\0\0\x66\x03\0\
\0\x0e\xe4\0\0\xd0\x40\0\0\xa5\x01\0\0\x66\x03\0\0\x09\xe4\0\0\xe0\x40\0\0\xa5\
\x01\0\0\x7c\x03\0\0\x05\xf0\0\0\xf8\x40\0\0\xa5\x01\0\0\x66\x03\0\0\x0e\xe4\0\
\0\x08\x41\0\0\xa5\x01\0\0\x66\x03\0\0\x09\xe4\0\0\x18\x41\0\0\xa5\x01\0\0\x7c\
\x03\0\0\x05\xf0\0\0\x30\x41\0\0\xa5\x01\0\0\x66\x03\0\0\x0e\xe4\0\0\x40\x41\0\
\0\xa5\x01\0\0\x66\x03\0\0\x09\xe4\0\0\x50\x41\0\0\xa5\x01\0\0\x7c\x03\0\0\x05\
\xf0\0\0\x68\x41\0\0\xa5\x01\0\0\x66\x03\0\0\x0e\xe4\0\0\x78\x41\0\0\xa5\x01\0\
\0\x66\x03\0\0\x09\xe4\0\0\x88\x41\0\0\xa5\x01\0\0\x7c\x03\0\0\x05\xf0\0\0\xa0\
\x41\0\0\xa5\x01\0\0\x66\x03\0\0\x0e\xe4\0\0\xb0\x41\0\0\xa5\x01\0\0\x66\x03\0\
\0\x09\xe4\0\0\xc0\x41\0\0\xa5\x01\0\0\x7c\x03\0\0\x05\xf0\0\0\xd8\x41\0\0\xa5\
\x01\0\0\x66\x03\0\0\x0e\xe4\0\0\xe8\x41\0\0\xa5\x01\0\0\x66\x03\0\0\x09\xe4\0\
\0\xf8\x41\0\0\xa5\x01\0\0\x7c\x03\0\0\x05\xf0\0\0\x10\x42\0\0\xa5\x01\0\0\x66\
\x03\0\0\x0e\xe4\0\0\x20\x42\0\0\xa5\x01\0\0\x66\x03\0\0\x09\xe4\0\0\x30\x42\0\
\0\xa5\x01\0\0\x7c\x03\0\0\x05\xf0\0\0\x48\x42\0\0\xa5\x01\0\0\x66\x03\0\0\x0e\
\xe4\0\0\x58\x42\0\0\xa5\x01\0\0\x66\x03\0\0\x09\xe4\0\0\x68\x42\0\0\xa5\x01\0\
\0\x7c\x03\0\0\x05\xf0\0\0\x80\x42\0\0\xa5\x01\0\0\x66\x03\0\0\x0e\xe4\0\0\x90\
\x42\0\0\xa5\x01\0\0\x66\x03\0\0\x09\xe4\0\0\xa0\x42\0\0\xa5\x01\0\0\x7c\x03\0\
\0\x05\xf0\0\0\xb8\x42\0\0\xa5\x01\0\0\x66\x03\0\0\x0e\xe4\0\0\xc8\x42\0\0\xa5\
\x01\0\0\x66\x03\0\0\x09\xe4\0\0\xd8\x42\0\0\xa5\x01\0\0\x7c\x03\0\0\x05\xf0\0\
\0\xf0\x42\0\0\xa5\x01\0\0\x66\x03\0\0\x0e\xe4\0\0\0\x43\0\0\xa5\x01\0\0\x66\
\x03\0\0\x09\xe4\0\0\x10\x43\0\0\xa5\x01\0\0\x7c\x03\0\0\x05\xf0\0\0\x28\x43\0\
\0\xa5\x01\0\0\x66\x03\0\0\x0e\xe4\0\0\x38\x43\0\0\xa5\x01\0\0\x66\x03\0\0\x09\
\xe4\0\0\x48\x43\0\0\xa5\x01\0\0\x7c\x03\0\0\x05\xf0\0\0\x60\x43\0\0\xa5\x01\0\
\0\x66\x03\0\0\x0e\xe4\0\0\x70\x43\0\0\xa5\x01\0\0\x66\x03\0\0\x09\xe4\0\0\x80\
\x43\0\0\xa5\x01\0\0\x7c\x03\0\0\x05\xf0\0\0\x98\x43\0\0\xa5\x01\0\0\x66\x03\0\
\0\x0e\xe4\0\0\xa8\x43\0\0\xa5\x01\0\0\x66\x03\0\0\x09\xe4\0\0\xb8\x43\0\0\xa5\
\x01\0\0\x7c\x03\0\0\x05\xf0\0\0\xd0\x43\0\0\xa5\x01\0\0\x66\x03\0\0\x0e\xe4\0\
\0\xe0\x43\0\0\xa5\x01\0\0\x66\x03\0\0\x09\xe4\0\0\xf0\x43\0\0\xa5\x01\0\0\x7c\
\x03\0\0\x05\xf0\0\0\x08\x44\0\0\xa5\x01\0\0\x66\x03\0\0\x0e\xe4\0\0\x18\x44\0\
\0\xa5\x01\0\0\x66\x03\0\0\x09\xe4\0\0\x28\x44\0\0\xa5\x01\0\0\x7c\x03\0\0\x05\
\xf0\0\0\x40\x44\0\0\xa5\x01\0\0\x66\x03\0\0\x0e\xe4\0\0\x50\x44\0\0\xa5\x01\0\
\0\x66\x03\0\0\x09\xe4\0\0\x60\x44\0\0\xa5\x01\0\0\x7c\x03\0\0\x05\xf0\0\0\x78\
\x44\0\0\xa5\x01\0\0\x66\x03\0\0\x0e\xe4\0\0\x88\x44\0\0\xa5\x01\0\0\x66\x03\0\
\0\x09\xe4\0\0\x98\x44\0\0\xa5\x01\0\0\x7c\x03\0\0\x05\xf0\0\0\xb0\x44\0\0\xa5\
\x01\0\0\x66\x03\0\0\x0e\xe4\0\0\xc0\x44\0\0\xa5\x01\0\0\x66\x03\0\0\x09\xe4\0\
\0\xd0\x44\0\0\xa5\x01\0\0\x7c\x03\0\0\x05\xf0\0\0\xe8\x44\0\0\xa5\x01\0\0\x66\
\x03\0\0\x0e\xe4\0\0\xf8\x44\0\0\xa5\x01\0\0\x66\x03\0\0\x09\xe4\0\0\x08\x45\0\
\0\xa5\x01\0\0\x7c\x03\0\0\x05\xf0\0\0\x20\x45\0\0\xa5\x01\0\0\x66\x03\0\0\x0e\
\xe4\0\0\x30\x45\0\0\xa5\x01\0\0\x66\x03\0\0\x09\xe4\0\0\x40\x45\0\0\xa5\x01\0\
\0\x7c\x03\0\0\x05\xf0\0\0\x58\x45\0\0\xa5\x01\0\0\x66\x03\0\0\x0e\xe4\0\0\x68\
\x45\0\0\xa5\x01\0\0\x66\x03\0\0\x09\xe4\0\0\x78\x45\0\0\xa5\x01\0\0\x7c\x03\0\
\0\x05\xf0\0\0\x90\x45\0\0\xa5\x01\0\0\x66\x03\0\0\x0e\xe4\0\0\xa0\x45\0\0\xa5\
\x01\0\0\x66\x03\0\0\x09\xe4\0\0\xb0\x45\0\0\xa5\x01\0\0\x7c\x03\0\0\x05\xf0\0\
\0\xc8\x45\0\0\xa5\x01\0\0\x66\x03\0\0\x0e\xe4\0\0\xd8\x45\0\0\xa5\x01\0\0\x66\
\x03\0\0\x09\xe4\0\0\xe8\x45\0\0\xa5\x01\0\0\x7c\x03\0\0\x05\xf0\0\0\0\x46\0\0\
\xa5\x01\0\0\x66\x03\0\0\x0e\xe4\0\0\x10\x46\0\0\xa5\x01\0\0\x66\x03\0\0\x09\
\xe4\0\0\x20\x46\0\0\xa5\x01\0\0\x7c\x03\0\0\x05\xf0\0\0\x38\x46\0\0\xa5\x01\0\
\0\x66\x03\0\0\x0e\xe4\0\0\x48\x46\0\0\xa5\x01\0\0\x66\x03\0\0\x09\xe4\0\0\x58\
\x46\0\0\xa5\x01\0\0\x7c\x03\0\0\x05\xf0\0\0\x70\x46\0\0\xa5\x01\0\0\x66\x03\0\
\0\x0e\xe4\0\0\x80\x46\0\0\xa5\x01\0\0\x66\x03\0\0\x09\xe4\0\0\x90\x46\0\0\xa5\
\x01\0\0\x7c\x03\0\0\x05\xf0\0\0\xa8\x46\0\0\xa5\x01\0\0\x66\x03\0\0\x0e\xe4\0\
\0\xb8\x46\0\0\xa5\x01\0\0\x66\x03\0\0\x09\xe4\0\0\xc8\x46\0\0\xa5\x01\0\0\x7c\
\x03\0\0\x05\xf0\0\0\xe0\x46\0\0\xa5\x01\0\0\x66\x03\0\0\x0e\xe4\0\0\xf0\x46\0\
\0\xa5\x01\0\0\x66\x03\0\0\x09\xe4\0\0\0\x47\0\0\xa5\x01\0\0\x7c\x03\0\0\x05\
\xf0\0\0\x18\x47\0\0\xa5\x01\0\0\x66\x03\0\0\x0e\xe4\0\0\x28\x47\0\0\xa5\x01\0\
\0\x66\x03\0\0\x09\xe4\0\0\x38\x47\0\0\xa5\x01\0\0\x7c\x03\0\0\x05\xf0\0\0\x50\
\x47\0\0\xa5\x01\0\0\x66\x03\0\0\x0e\xe4\0\0\x60\x47\0\0\xa5\x01\0\0\x66\x03\0\
\0\x09\xe4\0\0\x70\x47\0\0\xa5\x01\0\0\x7c\x03\0\0\x05\xf0\0\0\x88\x47\0\0\xa5\
\x01\0\0\x66\x03\0\0\x0e\xe4\0\0\x98\x47\0\0\xa5\x01\0\0\x66\x03\0\0\x09\xe4\0\
\0\xa8\x47\0\0\xa5\x01\0\0\x7c\x03\0\0\x05\xf0\0\0\xc0\x47\0\0\xa5\x01\0\0\x66\
\x03\0\0\x0e\xe4\0\0\xd0\x47\0\0\xa5\x01\0\0\x66\x03\0\0\x09\xe4\0\0\xe0\x47\0\
\0\xa5\x01\0\0\x7c\x03\0\0\x05\xf0\0\0\xf8\x47\0\0\xa5\x01\0\0\x66\x03\0\0\x0e\
\xe4\0\0\x08\x48\0\0\xa5\x01\0\0\x66\x03\0\0\x09\xe4\0\0\x18\x48\0\0\xa5\x01\0\
\0\x7c\x03\0\0\x05\xf0\0\0\x30\x48\0\0\xa5\x01\0\0\x66\x03\0\0\x0e\xe4\0\0\x40\
\x48\0\0\xa5\x01\0\0\x66\x03\0\0\x09\xe4\0\0\x50\x48\0\0\xa5\x01\0\0\x7c\x03\0\
\0\x05\xf0\0\0\x68\x48\0\0\xa5\x01\0\0\x66\x03\0\0\x0e\xe4\0\0\x78\x48\0\0\xa5\
\x01\0\0\x66\x03\0\0\x09\xe4\0\0\x88\x48\0\0\xa5\x01\0\0\x7c\x03\0\0\x05\xf0\0\
\0\xa0\x48\0\0\xa5\x01\0\0\x66\x03\0\0\x0e\xe4\0\0\xb0\x48\0\0\xa5\x01\0\0\x66\
\x03\0\0\x09\xe4\0\0\xc0\x48\0\0\xa5\x01\0\0\x7c\x03\0\0\x05\xf0\0\0\xd8\x48\0\
\0\xa5\x01\0\0\x66\x03\0\0\x0e\xe4\0\0\xe8\x48\0\0\xa5\x01\0\0\x66\x03\0\0\x09\
\xe4\0\0\xf8\x48\0\0\xa5\x01\0\0\x7c\x03\0\0\x05\xf0\0\0\x10\x49\0\0\xa5\x01\0\
\0\x66\x03\0\0\x0e\xe4\0\0\x20\x49\0\0\xa5\x01\0\0\x66\x03\0\0\x09\xe4\0\0\x30\
\x49\0\0\xa5\x01\0\0\x7c\x03\0\0\x05\xf0\0\0\x48\x49\0\0\xa5\x01\0\0\x66\x03\0\
\0\x0e\xe4\0\0\x58\x49\0\0\xa5\x01\0\0\x66\x03\0\0\x09\xe4\0\0\x68\x49\0\0\xa5\
\x01\0\0\x7c\x03\0\0\x05\xf0\0\0\x80\x49\0\0\xa5\x01\0\0\x66\x03\0\0\x0e\xe4\0\
\0\x90\x49\0\0\xa5\x01\0\0\x66\x03\0\0\x09\xe4\0\0\xa0\x49\0\0\xa5\x01\0\0\x7c\
\x03\0\0\x05\xf0\0\0\xb8\x49\0\0\xa5\x01\0\0\x66\x03\0\0\x0e\xe4\0\0\xc8\x49\0\
\0\xa5\x01\0\0\x66\x03\0\0\x09\xe4\0\0\xd8\x49\0\0\xa5\x01\0\0\x7c\x03\0\0\x05\
\xf0\0\0\xf0\x49\0\0\xa5\x01\0\0\x66\x03\0\0\x0e\xe4\0\0\0\x4a\0\0\xa5\x01\0\0\
\x66\x03\0\0\x09\xe4\0\0\x10\x4a\0\0\xa5\x01\0\0\x7c\x03\0\0\x05\xf0\0\0\x28\
\x4a\0\0\xa5\x01\0\0\x66\x03\0\0\x0e\xe4\0\0\x38\x4a\0\0\xa5\x01\0\0\x66\x03\0\
\0\x09\xe4\0\0\x48\x4a\0\0\xa5\x01\0\0\x7c\x03\0\0\x05\xf0\0\0\x60\x4a\0\0\xa5\
\x01\0\0\x66\x03\0\0\x0e\xe4\0\0\x70\x4a\0\0\xa5\x01\0\0\x66\x03\0\0\x09\xe4\0\
\0\x80\x4a\0\0\xa5\x01\0\0\x7c\x03\0\0\x05\xf0\0\0\x98\x4a\0\0\xa5\x01\0\0\x66\
\x03\0\0\x0e\xe4\0\0\xa8\x4a\0\0\xa5\x01\0\0\x66\x03\0\0\x09\xe4\0\0\xb8\x4a\0\
\0\xa5\x01\0\0\x7c\x03\0\0\x05\xf0\0\0\xd0\x4a\0\0\xa5\x01\0\0\x66\x03\0\0\x0e\
\xe4\0\0\xe0\x4a\0\0\xa5\x01\0\0\x66\x03\0\0\x09\xe4\0\0\xf0\x4a\0\0\xa5\x01\0\
\0\x7c\x03\0\0\x05\xf0\0\0\x08\x4b\0\0\xa5\x01\0\0\x66\x03\0\0\x0e\xe4\0\0\x18\
\x4b\0\0\xa5\x01\0\0\x66\x03\0\0\x09\xe4\0\0\x28\x4b\0\0\xa5\x01\0\0\x7c\x03\0\
\0\x05\xf0\0\0\x40\x4b\0\0\xa5\x01\0\0\x66\x03\0\0\x0e\xe4\0\0\x50\x4b\0\0\xa5\
\x01\0\0\x66\x03\0\0\x09\xe4\0\0\x60\x4b\0\0\xa5\x01\0\0\x7c\x03\0\0\x05\xf0\0\
\0\x78\x4b\0\0\xa5\x01\0\0\x66\x03\0\0\x0e\xe4\0\0\x88\x4b\0\0\xa5\x01\0\0\x66\
\x03\0\0\x09\xe4\0\0\x98\x4b\0\0\xa5\x01\0\0\x7c\x03\0\0\x05\xf0\0\0\xb0\x4b\0\
\0\xa5\x01\0\0\x66\x03\0\0\x0e\xe4\0\0\xc0\x4b\0\0\xa5\x01\0\0\x66\x03\0\0\x09\
\xe4\0\0\xd0\x4b\0\0\xa5\x01\0\0\x7c\x03\0\0\x05\xf0\0\0\xe8\x4b\0\0\xa5\x01\0\
\0\x66\x03\0\0\x0e\xe4\0\0\xf8\x4b\0\0\xa5\x01\0\0\x66\x03\0\0\x09\xe4\0\0\x08\
\x4c\0\0\xa5\x01\0\0\x7c\x03\0\0\x05\xf0\0\0\x20\x4c\0\0\xa5\x01\0\0\x66\x03\0\
\0\x0e\xe4\0\0\x30\x4c\0\0\xa5\x01\0\0\x66\x03\0\0\x09\xe4\0\0\x40\x4c\0\0\xa5\
\x01\0\0\x7c\x03\0\0\x05\xf0\0\0\x58\x4c\0\0\xa5\x01\0\0\x66\x03\0\0\x0e\xe4\0\
\0\x68\x4c\0\0\xa5\x01\0\0\x66\x03\0\0\x09\xe4\0\0\x78\x4c\0\0\xa5\x01\0\0\x7c\
\x03\0\0\x05\xf0\0\0\x90\x4c\0\0\xa5\x01\0\0\x66\x03\0\0\x0e\xe4\0\0\xa0\x4c\0\
\0\xa5\x01\0\0\x66\x03\0\0\x09\xe4\0\0\xb0\x4c\0\0\xa5\x01\0\0\x7c\x03\0\0\x05\
\xf0\0\0\xc8\x4c\0\0\xa5\x01\0\0\x66\x03\0\0\x0e\xe4\0\0\xd8\x4c\0\0\xa5\x01\0\
\0\x66\x03\0\0\x09\xe4\0\0\xe8\x4c\0\0\xa5\x01\0\0\x7c\x03\0\0\x05\xf0\0\0\0\
\x4d\0\0\xa5\x01\0\0\x66\x03\0\0\x0e\xe4\0\0\x10\x4d\0\0\xa5\x01\0\0\x66\x03\0\
\0\x09\xe4\0\0\x20\x4d\0\0\xa5\x01\0\0\x7c\x03\0\0\x05\xf0\0\0\x38\x4d\0\0\xa5\
\x01\0\0\x66\x03\0\0\x0e\xe4\0\0\x48\x4d\0\0\xa5\x01\0\0\x66\x03\0\0\x09\xe4\0\
\0\x58\x4d\0\0\xa5\x01\0\0\x7c\x03\0\0\x05\xf0\0\0\x70\x4d\0\0\xa5\x01\0\0\x66\
\x03\0\0\x0e\xe4\0\0\x80\x4d\0\0\xa5\x01\0\0\x66\x03\0\0\x09\xe4\0\0\x90\x4d\0\
\0\xa5\x01\0\0\x7c\x03\0\0\x05\xf0\0\0\xa8\x4d\0\0\xa5\x01\0\0\x66\x03\0\0\x0e\
\xe4\0\0\xb8\x4d\0\0\xa5\x01\0\0\x66\x03\0\0\x09\xe4\0\0\xc8\x4d\0\0\xa5\x01\0\
\0\x7c\x03\0\0\x05\xf0\0\0\xe0\x4d\0\0\xa5\x01\0\0\x66\x03\0\0\x0e\xe4\0\0\xf0\
\x4d\0\0\xa5\x01\0\0\x66\x03\0\0\x09\xe4\0\0\0\x4e\0\0\xa5\x01\0\0\x7c\x03\0\0\
\x05\xf0\0\0\x18\x4e\0\0\xa5\x01\0\0\x66\x03\0\0\x0e\xe4\0\0\x28\x4e\0\0\xa5\
\x01\0\0\x66\x03\0\0\x09\xe4\0\0\x38\x4e\0\0\xa5\x01\0\0\x7c\x03\0\0\x05\xf0\0\
\0\x50\x4e\0\0\xa5\x01\0\0\x66\x03\0\0\x0e\xe4\0\0\x60\x4e\0\0\xa5\x01\0\0\x66\
\x03\0\0\x09\xe4\0\0\x70\x4e\0\0\xa5\x01\0\0\x7c\x03\0\0\x05\xf0\0\0\x88\x4e\0\
\0\xa5\x01\0\0\x66\x03\0\0\x0e\xe4\0\0\x98\x4e\0\0\xa5\x01\0\0\x66\x03\0\0\x09\
\xe4\0\0\xa8\x4e\0\0\xa5\x01\0\0\x7c\x03\0\0\x05\xf0\0\0\xc0\x4e\0\0\xa5\x01\0\
\0\x66\x03\0\0\x0e\xe4\0\0\xd0\x4e\0\0\xa5\x01\0\0\x66\x03\0\0\x09\xe4\0\0\xe0\
\x4e\0\0\xa5\x01\0\0\x7c\x03\0\0\x05\xf0\0\0\xf8\x4e\0\0\xa5\x01\0\0\x66\x03\0\
\0\x0e\xe4\0\0\x08\x4f\0\0\xa5\x01\0\0\x66\x03\0\0\x09\xe4\0\0\x18\x4f\0\0\xa5\
\x01\0\0\x7c\x03\0\0\x05\xf0\0\0\x30\x4f\0\0\xa5\x01\0\0\x66\x03\0\0\x0e\xe4\0\
\0\x40\x4f\0\0\xa5\x01\0\0\x66\x03\0\0\x09\xe4\0\0\x50\x4f\0\0\xa5\x01\0\0\x7c\
\x03\0\0\x05\xf0\0\0\x68\x4f\0\0\xa5\x01\0\0\x66\x03\0\0\x0e\xe4\0\0\x78\x4f\0\
\0\xa5\x01\0\0\x66\x03\0\0\x09\xe4\0\0\x88\x4f\0\0\xa5\x01\0\0\x7c\x03\0\0\x05\
\xf0\0\0\xa0\x4f\0\0\xa5\x01\0\0\x66\x03\0\0\x0e\xe4\0\0\xb0\x4f\0\0\xa5\x01\0\
\0\x66\x03\0\0\x09\xe4\0\0\xc0\x4f\0\0\xa5\x01\0\0\x7c\x03\0\0\x05\xf0\0\0\xd8\
\x4f\0\0\xa5\x01\0\0\x66\x03\0\0\x0e\xe4\0\0\xe8\x4f\0\0\xa5\x01\0\0\x66\x03\0\
\0\x09\xe4\0\0\xf8\x4f\0\0\xa5\x01\0\0\x7c\x03\0\0\x05\xf0\0\0\x10\x50\0\0\xa5\
\x01\0\0\x66\x03\0\0\x0e\xe4\0\0\x20\x50\0\0\xa5\x01\0\0\x66\x03\0\0\x09\xe4\0\
\0\x30\x50\0\0\xa5\x01\0\0\x7c\x03\0\0\x05\xf0\0\0\x48\x50\0\0\xa5\x01\0\0\x66\
\x03\0\0\x0e\xe4\0\0\x58\x50\0\0\xa5\x01\0\0\x66\x03\0\0\x09\xe4\0\0\x68\x50\0\
\0\xa5\x01\0\0\x7c\x03\0\0\x05\xf0\0\0\x80\x50\0\0\xa5\x01\0\0\x66\x03\0\0\x0e\
\xe4\0\0\x90\x50\0\0\xa5\x01\0\0\x66\x03\0\0\x09\xe4\0\0\xa0\x50\0\0\xa5\x01\0\
\0\x7c\x03\0\0\x05\xf0\0\0\xb8\x50\0\0\xa5\x01\0\0\x66\x03\0\0\x0e\xe4\0\0\xc8\
\x50\0\0\xa5\x01\0\0\x66\x03\0\0\x09\xe4\0\0\xd8\x50\0\0\xa5\x01\0\0\x7c\x03\0\
\0\x05\xf0\0\0\xf0\x50\0\0\xa5\x01\0\0\x66\x03\0\0\x0e\xe4\0\0\0\x51\0\0\xa5\
\x01\0\0\x66\x03\0\0\x09\xe4\0\0\x10\x51\0\0\xa5\x01\0\0\x7c\x03\0\0\x05\xf0\0\
\0\x28\x51\0\0\xa5\x01\0\0\x66\x03\0\0\x0e\xe4\0\0\x38\x51\0\0\xa5\x01\0\0\x66\
\x03\0\0\x09\xe4\0\0\x48\x51\0\0\xa5\x01\0\0\x7c\x03\0\0\x05\xf0\0\0\x60\x51\0\
\0\xa5\x01\0\0\x66\x03\0\0\x0e\xe4\0\0\x70\x51\0\0\xa5\x01\0\0\x66\x03\0\0\x09\
\xe4\0\0\x80\x51\0\0\xa5\x01\0\0\x7c\x03\0\0\x05\xf0\0\0\x98\x51\0\0\xa5\x01\0\
\0\x66\x03\0\0\x0e\xe4\0\0\xa8\x51\0\0\xa5\x01\0\0\x66\x03\0\0\x09\xe4\0\0\xb8\
\x51\0\0\xa5\x01\0\0\x7c\x03\0\0\x05\xf0\0\0\xd0\x51\0\0\xa5\x01\0\0\x66\x03\0\
\0\x0e\xe4\0\0\xe0\x51\0\0\xa5\x01\0\0\x66\x03\0\0\x09\xe4\0\0\xf0\x51\0\0\xa5\
\x01\0\0\x7c\x03\0\0\x05\xf0\0\0\x08\x52\0\0\xa5\x01\0\0\x66\x03\0\0\x0e\xe4\0\
\0\x18\x52\0\0\xa5\x01\0\0\x66\x03\0\0\x09\xe4\0\0\x28\x52\0\0\xa5\x01\0\0\x7c\
\x03\0\0\x05\xf0\0\0\x40\x52\0\0\xa5\x01\0\0\x66\x03\0\0\x0e\xe4\0\0\x50\x52\0\
\0\xa5\x01\0\0\x66\x03\0\0\x09\xe4\0\0\x60\x52\0\0\xa5\x01\0\0\x7c\x03\0\0\x05\
\xf0\0\0\x78\x52\0\0\xa5\x01\0\0\x66\x03\0\0\x0e\xe4\0\0\x88\x52\0\0\xa5\x01\0\
\0\x66\x03\0\0\x09\xe4\0\0\x98\x52\0\0\xa5\x01\0\0\x7c\x03\0\0\x05\xf0\0\0\xb0\
\x52\0\0\xa5\x01\0\0\x66\x03\0\0\x0e\xe4\0\0\xc0\x52\0\0\xa5\x01\0\0\x66\x03\0\
\0\x09\xe4\0\0\xd0\x52\0\0\xa5\x01\0\0\x7c\x03\0\0\x05\xf0\0\0\xe8\x52\0\0\xa5\
\x01\0\0\x66\x03\0\0\x0e\xe4\0\0\xf8\x52\0\0\xa5\x01\0\0\x66\x03\0\0\x09\xe4\0\
\0\x08\x53\0\0\xa5\x01\0\0\x7c\x03\0\0\x05\xf0\0\0\x20\x53\0\0\xa5\x01\0\0\x66\
\x03\0\0\x0e\xe4\0\0\x30\x53\0\0\xa5\x01\0\0\x66\x03\0\0\x09\xe4\0\0\x40\x53\0\
\0\xa5\x01\0\0\x7c\x03\0\0\x05\xf0\0\0\x58\x53\0\0\xa5\x01\0\0\x66\x03\0\0\x0e\
\xe4\0\0\x68\x53\0\0\xa5\x01\0\0\x66\x03\0\0\x09\xe4\0\0\x78\x53\0\0\xa5\x01\0\
\0\x7c\x03\0\0\x05\xf0\0\0\x90\x53\0\0\xa5\x01\0\0\x66\x03\0\0\x0e\xe4\0\0\xa0\
\x53\0\0\xa5\x01\0\0\x66\x03\0\0\x09\xe4\0\0\xb0\x53\0\0\xa5\x01\0\0\x7c\x03\0\
\0\x05\xf0\0\0\xc8\x53\0\0\xa5\x01\0\0\x66\x03\0\0\x0e\xe4\0\0\xd8\x53\0\0\xa5\
\x01\0\0\x66\x03\0\0\x09\xe4\0\0\xe8\x53\0\0\xa5\x01\0\0\x7c\x03\0\0\x05\xf0\0\
\0\0\x54\0\0\xa5\x01\0\0\x66\x03\0\0\x0e\xe4\0\0\x10\x54\0\0\xa5\x01\0\0\x66\
\x03\0\0\x09\xe4\0\0\x20\x54\0\0\xa5\x01\0\0\x7c\x03\0\0\x05\xf0\0\0\x38\x54\0\
\0\xa5\x01\0\0\x66\x03\0\0\x0e\xe4\0\0\x48\x54\0\0\xa5\x01\0\0\x66\x03\0\0\x09\
\xe4\0\0\x58\x54\0\0\xa5\x01\0\0\x7c\x03\0\0\x05\xf0\0\0\x70\x54\0\0\xa5\x01\0\
\0\x66\x03\0\0\x0e\xe4\0\0\x80\x54\0\0\xa5\x01\0\0\x66\x03\0\0\x09\xe4\0\0\x90\
\x54\0\0\xa5\x01\0\0\x7c\x03\0\0\x05\xf0\0\0\xa8\x54\0\0\xa5\x01\0\0\x66\x03\0\
\0\x0e\xe4\0\0\xb8\x54\0\0\xa5\x01\0\0\x66\x03\0\0\x09\xe4\0\0\xc8\x54\0\0\xa5\
\x01\0\0\x7c\x03\0\0\x05\xf0\0\0\xe0\x54\0\0\xa5\x01\0\0\x66\x03\0\0\x0e\xe4\0\
\0\xf0\x54\0\0\xa5\x01\0\0\x66\x03\0\0\x09\xe4\0\0\0\x55\0\0\xa5\x01\0\0\x7c\
\x03\0\0\x05\xf0\0\0\x18\x55\0\0\xa5\x01\0\0\x66\x03\0\0\x0e\xe4\0\0\x28\x55\0\
\0\xa5\x01\0\0\x66\x03\0\0\x09\xe4\0\0\x38\x55\0\0\xa5\x01\0\0\x7c\x03\0\0\x05\
\xf0\0\0\x50\x55\0\0\xa5\x01\0\0\x66\x03\0\0\x0e\xe4\0\0\x60\x55\0\0\xa5\x01\0\
\0\x66\x03\0\0\x09\xe4\0\0\x70\x55\0\0\xa5\x01\0\0\x7c\x03\0\0\x05\xf0\0\0\x88\
\x55\0\0\xa5\x01\0\0\x66\x03\0\0\x0e\xe4\0\0\x98\x55\0\0\xa5\x01\0\0\x66\x03\0\
\0\x09\xe4\0\0\xa8\x55\0\0\xa5\x01\0\0\x7c\x03\0\0\x05\xf0\0\0\xc0\x55\0\0\xa5\
\x01\0\0\x66\x03\0\0\x0e\xe4\0\0\xd0\x55\0\0\xa5\x01\0\0\x66\x03\0\0\x09\xe4\0\
\0\xe0\x55\0\0\xa5\x01\0\0\x7c\x03\0\0\x05\xf0\0\0\xf8\x55\0\0\xa5\x01\0\0\x66\
\x03\0\0\x0e\xe4\0\0\x08\x56\0\0\xa5\x01\0\0\x66\x03\0\0\x09\xe4\0\0\x18\x56\0\
\0\xa5\x01\0\0\x7c\x03\0\0\x05\xf0\0\0\x30\x56\0\0\xa5\x01\0\0\x66\x03\0\0\x0e\
\xe4\0\0\x40\x56\0\0\xa5\x01\0\0\x66\x03\0\0\x09\xe4\0\0\x50\x56\0\0\xa5\x01\0\
\0\x7c\x03\0\0\x05\xf0\0\0\x68\x56\0\0\xa5\x01\0\0\x66\x03\0\0\x0e\xe4\0\0\x78\
\x56\0\0\xa5\x01\0\0\x66\x03\0\0\x09\xe4\0\0\x88\x56\0\0\xa5\x01\0\0\x7c\x03\0\
\0\x05\xf0\0\0\xa0\x56\0\0\xa5\x01\0\0\x66\x03\0\0\x0e\xe4\0\0\xb0\x56\0\0\xa5\
\x01\0\0\x66\x03\0\0\x09\xe4\0\0\xc0\x56\0\0\xa5\x01\0\0\x7c\x03\0\0\x05\xf0\0\
\0\xd8\x56\0\0\xa5\x01\0\0\x66\x03\0\0\x0e\xe4\0\0\xe8\x56\0\0\xa5\x01\0\0\x66\
\x03\0\0\x09\xe4\0\0\xf8\x56\0\0\xa5\x01\0\0\x7c\x03\0\0\x05\xf0\0\0\x10\x57\0\
\0\xa5\x01\0\0\x66\x03\0\0\x0e\xe4\0\0\x20\x57\0\0\xa5\x01\0\0\x66\x03\0\0\x09\
\xe4\0\0\x30\x57\0\0\xa5\x01\0\0\x7c\x03\0\0\x05\xf0\0\0\x48\x57\0\0\xa5\x01\0\
\0\x66\x03\0\0\x0e\xe4\0\0\x58\x57\0\0\xa5\x01\0\0\x66\x03\0\0\x09\xe4\0\0\x68\
\x57\0\0\xa5\x01\0\0\x7c\x03\0\0\x05\xf0\0\0\x80\x57\0\0\xa5\x01\0\0\x66\x03\0\
\0\x0e\xe4\0\0\x90\x57\0\0\xa5\x01\0\0\x66\x03\0\0\x09\xe4\0\0\xa0\x57\0\0\xa5\
\x01\0\0\x7c\x03\0\0\x05\xf0\0\0\xb8\x57\0\0\xa5\x01\0\0\x66\x03\0\0\x0e\xe4\0\
\0\xc8\x57\0\0\xa5\x01\0\0\x66\x03\0\0\x09\xe4\0\0\xd8\x57\0\0\xa5\x01\0\0\x7c\
\x03\0\0\x05\xf0\0\0\xf0\x57\0\0\xa5\x01\0\0\x66\x03\0\0\x0e\xe4\0\0\0\x58\0\0\
\xa5\x01\0\0\x66\x03\0\0\x09\xe4\0\0\x10\x58\0\0\xa5\x01\0\0\x7c\x03\0\0\x05\
\xf0\0\0\x28\x58\0\0\xa5\x01\0\0\x66\x03\0\0\x0e\xe4\0\0\x38\x58\0\0\xa5\x01\0\
\0\x66\x03\0\0\x09\xe4\0\0\x48\x58\0\0\xa5\x01\0\0\x7c\x03\0\0\x05\xf0\0\0\x60\
\x58\0\0\xa5\x01\0\0\x66\x03\0\0\x0e\xe4\0\0\x70\x58\0\0\xa5\x01\0\0\x66\x03\0\
\0\x09\xe4\0\0\x80\x58\0\0\xa5\x01\0\0\x7c\x03\0\0\x05\xf0\0\0\x98\x58\0\0\xa5\
\x01\0\0\x66\x03\0\0\x0e\xe4\0\0\xa8\x58\0\0\xa5\x01\0\0\x66\x03\0\0\x09\xe4\0\
\0\xb8\x58\0\0\xa5\x01\0\0\x7c\x03\0\0\x05\xf0\0\0\xd0\x58\0\0\xa5\x01\0\0\x66\
\x03\0\0\x0e\xe4\0\0\xe0\x58\0\0\xa5\x01\0\0\x66\x03\0\0\x09\xe4\0\0\xf0\x58\0\
\0\xa5\x01\0\0\x7c\x03\0\0\x05\xf0\0\0\x08\x59\0\0\xa5\x01\0\0\x66\x03\0\0\x0e\
\xe4\0\0\x18\x59\0\0\xa5\x01\0\0\x66\x03\0\0\x09\xe4\0\0\x28\x59\0\0\xa5\x01\0\
\0\x7c\x03\0\0\x05\xf0\0\0\x40\x59\0\0\xa5\x01\0\0\x66\x03\0\0\x0e\xe4\0\0\x50\
\x59\0\0\xa5\x01\0\0\x66\x03\0\0\x09\xe4\0\0\x60\x59\0\0\xa5\x01\0\0\x7c\x03\0\
\0\x05\xf0\0\0\x78\x59\0\0\xa5\x01\0\0\x66\x03\0\0\x0e\xe4\0\0\x88\x59\0\0\xa5\
\x01\0\0\x66\x03\0\0\x09\xe4\0\0\x98\x59\0\0\xa5\x01\0\0\x7c\x03\0\0\x05\xf0\0\
\0\xb0\x59\0\0\xa5\x01\0\0\x66\x03\0\0\x0e\xe4\0\0\xc0\x59\0\0\xa5\x01\0\0\x66\
\x03\0\0\x09\xe4\0\0\xd0\x59\0\0\xa5\x01\0\0\x7c\x03\0\0\x05\xf0\0\0\xe8\x59\0\
\0\xa5\x01\0\0\x66\x03\0\0\x0e\xe4\0\0\xf8\x59\0\0\xa5\x01\0\0\x66\x03\0\0\x09\
\xe4\0\0\x08\x5a\0\0\xa5\x01\0\0\x7c\x03\0\0\x05\xf0\0\0\x20\x5a\0\0\xa5\x01\0\
\0\x66\x03\0\0\x0e\xe4\0\0\x30\x5a\0\0\xa5\x01\0\0\x66\x03\0\0\x09\xe4\0\0\x40\
\x5a\0\0\xa5\x01\0\0\x7c\x03\0\0\x05\xf0\0\0\x58\x5a\0\0\xa5\x01\0\0\x66\x03\0\
\0\x0e\xe4\0\0\x68\x5a\0\0\xa5\x01\0\0\x66\x03\0\0\x09\xe4\0\0\x78\x5a\0\0\xa5\
\x01\0\0\x7c\x03\0\0\x05\xf0\0\0\x90\x5a\0\0\xa5\x01\0\0\x66\x03\0\0\x0e\xe4\0\
\0\xa0\x5a\0\0\xa5\x01\0\0\x66\x03\0\0\x09\xe4\0\0\xb0\x5a\0\0\xa5\x01\0\0\x7c\
\x03\0\0\x05\xf0\0\0\xc8\x5a\0\0\xa5\x01\0\0\x66\x03\0\0\x0e\xe4\0\0\xd8\x5a\0\
\0\xa5\x01\0\0\x66\x03\0\0\x09\xe4\0\0\xe8\x5a\0\0\xa5\x01\0\0\x7c\x03\0\0\x05\
\xf0\0\0\0\x5b\0\0\xa5\x01\0\0\x66\x03\0\0\x0e\xe4\0\0\x10\x5b\0\0\xa5\x01\0\0\
\x66\x03\0\0\x09\xe4\0\0\x20\x5b\0\0\xa5\x01\0\0\x7c\x03\0\0\x05\xf0\0\0\x38\
\x5b\0\0\xa5\x01\0\0\x66\x03\0\0\x0e\xe4\0\0\x48\x5b\0\0\xa5\x01\0\0\x66\x03\0\
\0\x09\xe4\0\0\x58\x5b\0\0\xa5\x01\0\0\x7c\x03\0\0\x05\xf0\0\0\x70\x5b\0\0\xa5\
\x01\0\0\x66\x03\0\0\x0e\xe4\0\0\x80\x5b\0\0\xa5\x01\0\0\x66\x03\0\0\x09\xe4\0\
\0\x90\x5b\0\0\xa5\x01\0\0\x7c\x03\0\0\x05\xf0\0\0\xa8\x5b\0\0\xa5\x01\0\0\x66\
\x03\0\0\x0e\xe4\0\0\xb8\x5b\0\0\xa5\x01\0\0\x66\x03\0\0\x09\xe4\0\0\xc8\x5b\0\
\0\xa5\x01\0\0\x7c\x03\0\0\x05\xf0\0\0\xe0\x5b\0\0\xa5\x01\0\0\x66\x03\0\0\x0e\
\xe4\0\0\xf0\x5b\0\0\xa5\x01\0\0\x66\x03\0\0\x09\xe4\0\0\0\x5c\0\0\xa5\x01\0\0\
\x7c\x03\0\0\x05\xf0\0\0\x18\x5c\0\0\xa5\x01\0\0\x66\x03\0\0\x0e\xe4\0\0\x28\
\x5c\0\0\xa5\x01\0\0\x66\x03\0\0\x09\xe4\0\0\x38\x5c\0\0\xa5\x01\0\0\x7c\x03\0\
\0\x05\xf0\0\0\x50\x5c\0\0\xa5\x01\0\0\x66\x03\0\0\x0e\xe4\0\0\x60\x5c\0\0\xa5\
\x01\0\0\x66\x03\0\0\x09\xe4\0\0\x70\x5c\0\0\xa5\x01\0\0\x7c\x03\0\0\x05\xf0\0\
\0\x88\x5c\0\0\xa5\x01\0\0\x66\x03\0\0\x0e\xe4\0\0\x98\x5c\0\0\xa5\x01\0\0\x66\
\x03\0\0\x09\xe4\0\0\xa8\x5c\0\0\xa5\x01\0\0\x7c\x03\0\0\x05\xf0\0\0\xc0\x5c\0\
\0\xa5\x01\0\0\x66\x03\0\0\x0e\xe4\0\0\xd0\x5c\0\0\xa5\x01\0\0\x66\x03\0\0\x09\
\xe4\0\0\xe0\x5c\0\0\xa5\x01\0\0\x7c\x03\0\0\x05\xf0\0\0\xf8\x5c\0\0\xa5\x01\0\
\0\x66\x03\0\0\x0e\xe4\0\0\x08\x5d\0\0\xa5\x01\0\0\x66\x03\0\0\x09\xe4\0\0\x18\
\x5d\0\0\xa5\x01\0\0\x7c\x03\0\0\x05\xf0\0\0\x30\x5d\0\0\xa5\x01\0\0\x66\x03\0\
\0\x0e\xe4\0\0\x40\x5d\0\0\xa5\x01\0\0\x66\x03\0\0\x09\xe4\0\0\x50\x5d\0\0\xa5\
\x01\0\0\x7c\x03\0\0\x05\xf0\0\0\x68\x5d\0\0\xa5\x01\0\0\x66\x03\0\0\x0e\xe4\0\
\0\x78\x5d\0\0\xa5\x01\0\0\x66\x03\0\0\x09\xe4\0\0\x88\x5d\0\0\xa5\x01\0\0\x7c\
\x03\0\0\x05\xf0\0\0\xa0\x5d\0\0\xa5\x01\0\0\x66\x03\0\0\x0e\xe4\0\0\xb0\x5d\0\
\0\xa5\x01\0\0\x66\x03\0\0\x09\xe4\0\0\xc0\x5d\0\0\xa5\x01\0\0\x7c\x03\0\0\x05\
\xf0\0\0\xd8\x5d\0\0\xa5\x01\0\0\x66\x03\0\0\x0e\xe4\0\0\xe8\x5d\0\0\xa5\x01\0\
\0\x66\x03\0\0\x09\xe4\0\0\xf8\x5d\0\0\xa5\x01\0\0\x7c\x03\0\0\x05\xf0\0\0\x10\
\x5e\0\0\xa5\x01\0\0\x66\x03\0\0\x0e\xe4\0\0\x20\x5e\0\0\xa5\x01\0\0\x66\x03\0\
\0\x09\xe4\0\0\x30\x5e\0\0\xa5\x01\0\0\x7c\x03\0\0\x05\xf0\0\0\x48\x5e\0\0\xa5\
\x01\0\0\x66\x03\0\0\x0e\xe4\0\0\x58\x5e\0\0\xa5\x01\0\0\x66\x03\0\0\x09\xe4\0\
\0\x68\x5e\0\0\xa5\x01\0\0\x7c\x03\0\0\x05\xf0\0\0\x80\x5e\0\0\xa5\x01\0\0\x66\
\x03\0\0\x0e\xe4\0\0\x90\x5e\0\0\xa5\x01\0\0\x66\x03\0\0\x09\xe4\0\0\xa0\x5e\0\
\0\xa5\x01\0\0\x7c\x03\0\0\x05\xf0\0\0\xb8\x5e\0\0\xa5\x01\0\0\x66\x03\0\0\x0e\
\xe4\0\0\xc8\x5e\0\0\xa5\x01\0\0\x66\x03\0\0\x09\xe4\0\0\xd8\x5e\0\0\xa5\x01\0\
\0\x7c\x03\0\0\x05\xf0\0\0\xf0\x5e\0\0\xa5\x01\0\0\x66\x03\0\0\x0e\xe4\0\0\0\
\x5f\0\0\xa5\x01\0\0\x66\x03\0\0\x09\xe4\0\0\x10\x5f\0\0\xa5\x01\0\0\x7c\x03\0\
\0\x05\xf0\0\0\x28\x5f\0\0\xa5\x01\0\0\x66\x03\0\0\x0e\xe4\0\0\x38\x5f\0\0\xa5\
\x01\0\0\x66\x03\0\0\x09\xe4\0\0\x48\x5f\0\0\xa5\x01\0\0\x7c\x03\0\0\x05\xf0\0\
\0\x60\x5f\0\0\xa5\x01\0\0\x66\x03\0\0\x0e\xe4\0\0\x70\x5f\0\0\xa5\x01\0\0\x66\
\x03\0\0\x09\xe4\0\0\x80\x5f\0\0\xa5\x01\0\0\x7c\x03\0\0\x05\xf0\0\0\x98\x5f\0\
\0\xa5\x01\0\0\x66\x03\0\0\x0e\xe4\0\0\xa8\x5f\0\0\xa5\x01\0\0\x66\x03\0\0\x09\
\xe4\0\0\xb8\x5f\0\0\xa5\x01\0\0\x7c\x03\0\0\x05\xf0\0\0\xd0\x5f\0\0\xa5\x01\0\
\0\x66\x03\0\0\x0e\xe4\0\0\xe0\x5f\0\0\xa5\x01\0\0\x66\x03\0\0\x09\xe4\0\0\xf0\
\x5f\0\0\xa5\x01\0\0\x7c\x03\0\0\x05\xf0\0\0\x08\x60\0\0\xa5\x01\0\0\x66\x03\0\
\0\x0e\xe4\0\0\x18\x60\0\0\xa5\x01\0\0\x66\x03\0\0\x09\xe4\0\0\x28\x60\0\0\xa5\
\x01\0\0\x7c\x03\0\0\x05\xf0\0\0\x40\x60\0\0\xa5\x01\0\0\x66\x03\0\0\x0e\xe4\0\
\0\x50\x60\0\0\xa5\x01\0\0\x66\x03\0\0\x09\xe4\0\0\x60\x60\0\0\xa5\x01\0\0\x7c\
\x03\0\0\x05\xf0\0\0\x78\x60\0\0\xa5\x01\0\0\x66\x03\0\0\x0e\xe4\0\0\x88\x60\0\
\0\xa5\x01\0\0\x66\x03\0\0\x09\xe4\0\0\x98\x60\0\0\xa5\x01\0\0\x7c\x03\0\0\x05\
\xf0\0\0\xb0\x60\0\0\xa5\x01\0\0\x66\x03\0\0\x0e\xe4\0\0\xc0\x60\0\0\xa5\x01\0\
\0\x66\x03\0\0\x09\xe4\0\0\xd0\x60\0\0\xa5\x01\0\0\x7c\x03\0\0\x05\xf0\0\0\xe8\
\x60\0\0\xa5\x01\0\0\x66\x03\0\0\x0e\xe4\0\0\xf8\x60\0\0\xa5\x01\0\0\x66\x03\0\
\0\x09\xe4\0\0\x08\x61\0\0\xa5\x01\0\0\x7c\x03\0\0\x05\xf0\0\0\x20\x61\0\0\xa5\
\x01\0\0\x66\x03\0\0\x0e\xe4\0\0\x30\x61\0\0\xa5\x01\0\0\x66\x03\0\0\x09\xe4\0\
\0\x40\x61\0\0\xa5\x01\0\0\x7c\x03\0\0\x05\xf0\0\0\x58\x61\0\0\xa5\x01\0\0\x66\
\x03\0\0\x0e\xe4\0\0\x68\x61\0\0\xa5\x01\0\0\x66\x03\0\0\x09\xe4\0\0\x78\x61\0\
\0\xa5\x01\0\0\x7c\x03\0\0\x05\xf0\0\0\x90\x61\0\0\xa5\x01\0\0\x66\x03\0\0\x0e\
\xe4\0\0\xa0\x61\0\0\xa5\x01\0\0\x66\x03\0\0\x09\xe4\0\0\xb0\x61\0\0\xa5\x01\0\
\0\x7c\x03\0\0\x05\xf0\0\0\xc8\x61\0\0\xa5\x01\0\0\x66\x03\0\0\x0e\xe4\0\0\xd8\
\x61\0\0\xa5\x01\0\0\x66\x03\0\0\x09\xe4\0\0\xe8\x61\0\0\xa5\x01\0\0\x7c\x03\0\
\0\x05\xf0\0\0\0\x62\0\0\xa5\x01\0\0\x66\x03\0\0\x0e\xe4\0\0\x10\x62\0\0\xa5\
\x01\0\0\x66\x03\0\0\x09\xe4\0\0\x20\x62\0\0\xa5\x01\0\0\x7c\x03\0\0\x05\xf0\0\
\0\x38\x62\0\0\xa5\x01\0\0\x66\x03\0\0\x0e\xe4\0\0\x48\x62\0\0\xa5\x01\0\0\x66\
\x03\0\0\x09\xe4\0\0\x58\x62\0\0\xa5\x01\0\0\x7c\x03\0\0\x05\xf0\0\0\x70\x62\0\
\0\xa5\x01\0\0\x66\x03\0\0\x0e\xe4\0\0\x80\x62\0\0\xa5\x01\0\0\x66\x03\0\0\x09\
\xe4\0\0\x90\x62\0\0\xa5\x01\0\0\x7c\x03\0\0\x05\xf0\0\0\xa8\x62\0\0\xa5\x01\0\
\0\x66\x03\0\0\x0e\xe4\0\0\xb8\x62\0\0\xa5\x01\0\0\x66\x03\0\0\x09\xe4\0\0\xc8\
\x62\0\0\xa5\x01\0\0\x7c\x03\0\0\x05\xf0\0\0\xe0\x62\0\0\xa5\x01\0\0\x66\x03\0\
\0\x0e\xe4\0\0\xf0\x62\0\0\xa5\x01\0\0\x66\x03\0\0\x09\xe4\0\0\0\x63\0\0\xa5\
\x01\0\0\x7c\x03\0\0\x05\xf0\0\0\x18\x63\0\0\xa5\x01\0\0\x66\x03\0\0\x0e\xe4\0\
\0\x28\x63\0\0\xa5\x01\0\0\x66\x03\0\0\x09\xe4\0\0\x38\x63\0\0\xa5\x01\0\0\x7c\
\x03\0\0\x05\xf0\0\0\x50\x63\0\0\xa5\x01\0\0\x66\x03\0\0\x0e\xe4\0\0\x60\x63\0\
\0\xa5\x01\0\0\x66\x03\0\0\x09\xe4\0\0\x70\x63\0\0\xa5\x01\0\0\x7c\x03\0\0\x05\
\xf0\0\0\x88\x63\0\0\xa5\x01\0\0\x66\x03\0\0\x0e\xe4\0\0\x98\x63\0\0\xa5\x01\0\
\0\x66\x03\0\0\x09\xe4\0\0\xa8\x63\0\0\xa5\x01\0\0\x7c\x03\0\0\x05\xf0\0\0\xc0\
\x63\0\0\xa5\x01\0\0\x66\x03\0\0\x0e\xe4\0\0\xd0\x63\0\0\xa5\x01\0\0\x66\x03\0\
\0\x09\xe4\0\0\xe0\x63\0\0\xa5\x01\0\0\x7c\x03\0\0\x05\xf0\0\0\xf8\x63\0\0\xa5\
\x01\0\0\x66\x03\0\0\x0e\xe4\0\0\x08\x64\0\0\xa5\x01\0\0\x66\x03\0\0\x09\xe4\0\
\0\x18\x64\0\0\xa5\x01\0\0\x7c\x03\0\0\x05\xf0\0\0\x30\x64\0\0\xa5\x01\0\0\x66\
\x03\0\0\x0e\xe4\0\0\x40\x64\0\0\xa5\x01\0\0\x66\x03\0\0\x09\xe4\0\0\x50\x64\0\
\0\xa5\x01\0\0\x7c\x03\0\0\x05\xf0\0\0\x68\x64\0\0\xa5\x01\0\0\x66\x03\0\0\x0e\
\xe4\0\0\x78\x64\0\0\xa5\x01\0\0\x66\x03\0\0\x09\xe4\0\0\x88\x64\0\0\xa5\x01\0\
\0\x7c\x03\0\0\x05\xf0\0\0\xa0\x64\0\0\xa5\x01\0\0\x66\x03\0\0\x0e\xe4\0\0\xb0\
\x64\0\0\xa5\x01\0\0\x66\x03\0\0\x09\xe4\0\0\xc0\x64\0\0\xa5\x01\0\0\x7c\x03\0\
\0\x05\xf0\0\0\xd8\x64\0\0\xa5\x01\0\0\x66\x03\0\0\x0e\xe4\0\0\xe8\x64\0\0\xa5\
\x01\0\0\x66\x03\0\0\x09\xe4\0\0\xf8\x64\0\0\xa5\x01\0\0\x7c\x03\0\0\x05\xf0\0\
\0\x10\x65\0\0\xa5\x01\0\0\x66\x03\0\0\x0e\xe4\0\0\x20\x65\0\0\xa5\x01\0\0\x66\
\x03\0\0\x09\xe4\0\0\x30\x65\0\0\xa5\x01\0\0\x7c\x03\0\0\x05\xf0\0\0\x48\x65\0\
\0\xa5\x01\0\0\x66\x03\0\0\x0e\xe4\0\0\x58\x65\0\0\xa5\x01\0\0\x66\x03\0\0\x09\
\xe4\0\0\x68\x65\0\0\xa5\x01\0\0\x7c\x03\0\0\x05\xf0\0\0\x80\x65\0\0\xa5\x01\0\
\0\x66\x03\0\0\x0e\xe4\0\0\x90\x65\0\0\xa5\x01\0\0\x66\x03\0\0\x09\xe4\0\0\xa0\
\x65\0\0\xa5\x01\0\0\x7c\x03\0\0\x05\xf0\0\0\xb8\x65\0\0\xa5\x01\0\0\x66\x03\0\
\0\x0e\xe4\0\0\xc8\x65\0\0\xa5\x01\0\0\x66\x03\0\0\x09\xe4\0\0\xd8\x65\0\0\xa5\
\x01\0\0\x7c\x03\0\0\x05\xf0\0\0\xf0\x65\0\0\xa5\x01\0\0\x66\x03\0\0\x0e\xe4\0\
\0\0\x66\0\0\xa5\x01\0\0\x66\x03\0\0\x09\xe4\0\0\x10\x66\0\0\xa5\x01\0\0\x7c\
\x03\0\0\x05\xf0\0\0\x28\x66\0\0\xa5\x01\0\0\x66\x03\0\0\x0e\xe4\0\0\x38\x66\0\
\0\xa5\x01\0\0\x66\x03\0\0\x09\xe4\0\0\x48\x66\0\0\xa5\x01\0\0\x7c\x03\0\0\x05\
\xf0\0\0\x60\x66\0\0\xa5\x01\0\0\x66\x03\0\0\x0e\xe4\0\0\x70\x66\0\0\xa5\x01\0\
\0\x66\x03\0\0\x09\xe4\0\0\x80\x66\0\0\xa5\x01\0\0\x7c\x03\0\0\x05\xf0\0\0\x98\
\x66\0\0\xa5\x01\0\0\x66\x03\0\0\x0e\xe4\0\0\xa8\x66\0\0\xa5\x01\0\0\x66\x03\0\
\0\x09\xe4\0\0\xb8\x66\0\0\xa5\x01\0\0\x7c\x03\0\0\x05\xf0\0\0\xd0\x66\0\0\xa5\
\x01\0\0\x66\x03\0\0\x0e\xe4\0\0\xe0\x66\0\0\xa5\x01\0\0\x66\x03\0\0\x09\xe4\0\
\0\xf0\x66\0\0\xa5\x01\0\0\x7c\x03\0\0\x05\xf0\0\0\x08\x67\0\0\xa5\x01\0\0\x66\
\x03\0\0\x0e\xe4\0\0\x18\x67\0\0\xa5\x01\0\0\x66\x03\0\0\x09\xe4\0\0\x28\x67\0\
\0\xa5\x01\0\0\x7c\x03\0\0\x05\xf0\0\0\x40\x67\0\0\xa5\x01\0\0\x66\x03\0\0\x0e\
\xe4\0\0\x50\x67\0\0\xa5\x01\0\0\x66\x03\0\0\x09\xe4\0\0\x60\x67\0\0\xa5\x01\0\
\0\x7c\x03\0\0\x05\xf0\0\0\x78\x67\0\0\xa5\x01\0\0\x66\x03\0\0\x0e\xe4\0\0\x88\
\x67\0\0\xa5\x01\0\0\x66\x03\0\0\x09\xe4\0\0\x98\x67\0\0\xa5\x01\0\0\x7c\x03\0\
\0\x05\xf0\0\0\xb0\x67\0\0\xa5\x01\0\0\x66\x03\0\0\x0e\xe4\0\0\xc0\x67\0\0\xa5\
\x01\0\0\x66\x03\0\0\x09\xe4\0\0\xd0\x67\0\0\xa5\x01\0\0\x7c\x03\0\0\x05\xf0\0\
\0\xe8\x67\0\0\xa5\x01\0\0\x66\x03\0\0\x0e\xe4\0\0\xf8\x67\0\0\xa5\x01\0\0\x66\
\x03\0\0\x09\xe4\0\0\x08\x68\0\0\xa5\x01\0\0\x7c\x03\0\0\x05\xf0\0\0\x20\x68\0\
\0\xa5\x01\0\0\x66\x03\0\0\x0e\xe4\0\0\x30\x68\0\0\xa5\x01\0\0\x66\x03\0\0\x09\
\xe4\0\0\x40\x68\0\0\xa5\x01\0\0\x7c\x03\0\0\x05\xf0\0\0\x58\x68\0\0\xa5\x01\0\
\0\x66\x03\0\0\x0e\xe4\0\0\x68\x68\0\0\xa5\x01\0\0\x66\x03\0\0\x09\xe4\0\0\x78\
\x68\0\0\xa5\x01\0\0\x7c\x03\0\0\x05\xf0\0\0\x90\x68\0\0\xa5\x01\0\0\x66\x03\0\
\0\x0e\xe4\0\0\xa0\x68\0\0\xa5\x01\0\0\x66\x03\0\0\x09\xe4\0\0\xb0\x68\0\0\xa5\
\x01\0\0\x7c\x03\0\0\x05\xf0\0\0\xc8\x68\0\0\xa5\x01\0\0\x66\x03\0\0\x0e\xe4\0\
\0\xd8\x68\0\0\xa5\x01\0\0\x66\x03\0\0\x09\xe4\0\0\xe8\x68\0\0\xa5\x01\0\0\x7c\
\x03\0\0\x05\xf0\0\0\0\x69\0\0\xa5\x01\0\0\x66\x03\0\0\x0e\xe4\0\0\x10\x69\0\0\
\xa5\x01\0\0\x66\x03\0\0\x09\xe4\0\0\x20\x69\0\0\xa5\x01\0\0\x7c\x03\0\0\x05\
\xf0\0\0\x38\x69\0\0\xa5\x01\0\0\x66\x03\0\0\x0e\xe4\0\0\x48\x69\0\0\xa5\x01\0\
\0\x66\x03\0\0\x09\xe4\0\0\x58\x69\0\0\xa5\x01\0\0\x7c\x03\0\0\x05\xf0\0\0\x70\
\x69\0\0\xa5\x01\0\0\x66\x03\0\0\x0e\xe4\0\0\x80\x69\0\0\xa5\x01\0\0\x66\x03\0\
\0\x09\xe4\0\0\x90\x69\0\0\xa5\x01\0\0\x7c\x03\0\0\x05\xf0\0\0\xa8\x69\0\0\xa5\
\x01\0\0\x66\x03\0\0\x0e\xe4\0\0\xb8\x69\0\0\xa5\x01\0\0\x66\x03\0\0\x09\xe4\0\
\0\xc8\x69\0\0\xa5\x01\0\0\x7c\x03\0\0\x05\xf0\0\0\xe0\x69\0\0\xa5\x01\0\0\x66\
\x03\0\0\x0e\xe4\0\0\xf0\x69\0\0\xa5\x01\0\0\x66\x03\0\0\x09\xe4\0\0\0\x6a\0\0\
\xa5\x01\0\0\x7c\x03\0\0\x05\xf0\0\0\x18\x6a\0\0\xa5\x01\0\0\x66\x03\0\0\x0e\
\xe4\0\0\x28\x6a\0\0\xa5\x01\0\0\x66\x03\0\0\x09\xe4\0\0\x38\x6a\0\0\xa5\x01\0\
\0\x7c\x03\0\0\x05\xf0\0\0\x50\x6a\0\0\xa5\x01\0\0\x66\x03\0\0\x0e\xe4\0\0\x60\
\x6a\0\0\xa5\x01\0\0\x66\x03\0\0\x09\xe4\0\0\x70\x6a\0\0\xa5\x01\0\0\x7c\x03\0\
\0\x05\xf0\0\0\x88\x6a\0\0\xa5\x01\0\0\x66\x03\0\0\x0e\xe4\0\0\x98\x6a\0\0\xa5\
\x01\0\0\x66\x03\0\0\x09\xe4\0\0\xa8\x6a\0\0\xa5\x01\0\0\x7c\x03\0\0\x05\xf0\0\
\0\xc0\x6a\0\0\xa5\x01\0\0\x66\x03\0\0\x0e\xe4\0\0\xd0\x6a\0\0\xa5\x01\0\0\x66\
\x03\0\0\x09\xe4\0\0\xe0\x6a\0\0\xa5\x01\0\0\x7c\x03\0\0\x05\xf0\0\0\xf8\x6a\0\
\0\xa5\x01\0\0\x66\x03\0\0\x0e\xe4\0\0\x08\x6b\0\0\xa5\x01\0\0\x66\x03\0\0\x09\
\xe4\0\0\x18\x6b\0\0\xa5\x01\0\0\x7c\x03\0\0\x05\xf0\0\0\x30\x6b\0\0\xa5\x01\0\
\0\x66\x03\0\0\x0e\xe4\0\0\x40\x6b\0\0\xa5\x01\0\0\x66\x03\0\0\x09\xe4\0\0\x50\
\x6b\0\0\xa5\x01\0\0\x7c\x03\0\0\x05\xf0\0\0\x68\x6b\0\0\xa5\x01\0\0\x66\x03\0\
\0\x0e\xe4\0\0\x78\x6b\0\0\xa5\x01\0\0\x66\x03\0\0\x09\xe4\0\0\x88\x6b\0\0\xa5\
\x01\0\0\x7c\x03\0\0\x05\xf0\0\0\xa0\x6b\0\0\xa5\x01\0\0\x66\x03\0\0\x0e\xe4\0\
\0\xb0\x6b\0\0\xa5\x01\0\0\x66\x03\0\0\x09\xe4\0\0\xc0\x6b\0\0\xa5\x01\0\0\x7c\
\x03\0\0\x05\xf0\0\0\xd8\x6b\0\0\xa5\x01\0\0\x66\x03\0\0\x0e\xe4\0\0\xe8\x6b\0\
\0\xa5\x01\0\0\x66\x03\0\0\x09\xe4\0\0\xf8\x6b\0\0\xa5\x01\0\0\x7c\x03\0\0\x05\
\xf0\0\0\x10\x6c\0\0\xa5\x01\0\0\x66\x03\0\0\x0e\xe4\0\0\x20\x6c\0\0\xa5\x01\0\
\0\x66\x03\0\0\x09\xe4\0\0\x30\x6c\0\0\xa5\x01\0\0\x7c\x03\0\0\x05\xf0\0\0\x48\
\x6c\0\0\xa5\x01\0\0\x66\x03\0\0\x0e\xe4\0\0\x58\x6c\0\0\xa5\x01\0\0\x66\x03\0\
\0\x09\xe4\0\0\x68\x6c\0\0\xa5\x01\0\0\x7c\x03\0\0\x05\xf0\0\0\x80\x6c\0\0\xa5\
\x01\0\0\x66\x03\0\0\x0e\xe4\0\0\x90\x6c\0\0\xa5\x01\0\0\x66\x03\0\0\x09\xe4\0\
\0\xa0\x6c\0\0\xa5\x01\0\0\x7c\x03\0\0\x05\xf0\0\0\xb8\x6c\0\0\xa5\x01\0\0\x66\
\x03\0\0\x0e\xe4\0\0\xc8\x6c\0\0\xa5\x01\0\0\x66\x03\0\0\x09\xe4\0\0\xd8\x6c\0\
\0\xa5\x01\0\0\x7c\x03\0\0\x05\xf0\0\0\xf0\x6c\0\0\xa5\x01\0\0\x66\x03\0\0\x0e\
\xe4\0\0\0\x6d\0\0\xa5\x01\0\0\x66\x03\0\0\x09\xe4\0\0\x10\x6d\0\0\xa5\x01\0\0\
\x7c\x03\0\0\x05\xf0\0\0\x28\x6d\0\0\xa5\x01\0\0\x66\x03\0\0\x0e\xe4\0\0\x38\
\x6d\0\0\xa5\x01\0\0\x66\x03\0\0\x09\xe4\0\0\x48\x6d\0\0\xa5\x01\0\0\x7c\x03\0\
\0\x05\xf0\0\0\x60\x6d\0\0\xa5\x01\0\0\x66\x03\0\0\x0e\xe4\0\0\x70\x6d\0\0\xa5\
\x01\0\0\x66\x03\0\0\x09\xe4\0\0\x80\x6d\0\0\xa5\x01\0\0\x7c\x03\0\0\x05\xf0\0\
\0\x98\x6d\0\0\xa5\x01\0\0\x66\x03\0\0\x0e\xe4\0\0\xa8\x6d\0\0\xa5\x01\0\0\x66\
\x03\0\0\x09\xe4\0\0\xb8\x6d\0\0\xa5\x01\0\0\x7c\x03\0\0\x05\xf0\0\0\xd0\x6d\0\
\0\xa5\x01\0\0\x66\x03\0\0\x0e\xe4\0\0\xe0\x6d\0\0\xa5\x01\0\0\x66\x03\0\0\x09\
\xe4\0\0\xf0\x6d\0\0\xa5\x01\0\0\x7c\x03\0\0\x05\xf0\0\0\x08\x6e\0\0\xa5\x01\0\
\0\x66\x03\0\0\x0e\xe4\0\0\x18\x6e\0\0\xa5\x01\0\0\x66\x03\0\0\x09\xe4\0\0\x28\
\x6e\0\0\xa5\x01\0\0\x7c\x03\0\0\x05\xf0\0\0\x40\x6e\0\0\xa5\x01\0\0\x66\x03\0\
\0\x0e\xe4\0\0\x50\x6e\0\0\xa5\x01\0\0\x66\x03\0\0\x09\xe4\0\0\x60\x6e\0\0\xa5\
\x01\0\0\x7c\x03\0\0\x05\xf0\0\0\x78\x6e\0\0\xa5\x01\0\0\x66\x03\0\0\x0e\xe4\0\
\0\x88\x6e\0\0\xa5\x01\0\0\x66\x03\0\0\x09\xe4\0\0\x98\x6e\0\0\xa5\x01\0\0\x7c\
\x03\0\0\x05\xf0\0\0\xb0\x6e\0\0\xa5\x01\0\0\x66\x03\0\0\x0e\xe4\0\0\xc0\x6e\0\
\0\xa5\x01\0\0\x66\x03\0\0\x09\xe4\0\0\xd0\x6e\0\0\xa5\x01\0\0\x7c\x03\0\0\x05\
\xf0\0\0\xe8\x6e\0\0\xa5\x01\0\0\x66\x03\0\0\x0e\xe4\0\0\xf8\x6e\0\0\xa5\x01\0\
\0\x66\x03\0\0\x09\xe4\0\0\x08\x6f\0\0\xa5\x01\0\0\x7c\x03\0\0\x05\xf0\0\0\x20\
\x6f\0\0\xa5\x01\0\0\x66\x03\0\0\x0e\xe4\0\0\x30\x6f\0\0\xa5\x01\0\0\x66\x03\0\
\0\x09\xe4\0\0\x40\x6f\0\0\xa5\x01\0\0\x7c\x03\0\0\x05\xf0\0\0\x58\x6f\0\0\xa5\
\x01\0\0\x66\x03\0\0\x0e\xe4\0\0\x68\x6f\0\0\xa5\x01\0\0\x66\x03\0\0\x09\xe4\0\
\0\x78\x6f\0\0\xa5\x01\0\0\x7c\x03\0\0\x05\xf0\0\0\x90\x6f\0\0\xa5\x01\0\0\x66\
\x03\0\0\x0e\xe4\0\0\xa0\x6f\0\0\xa5\x01\0\0\x66\x03\0\0\x09\xe4\0\0\xb0\x6f\0\
\0\xa5\x01\0\0\x7c\x03\0\0\x05\xf0\0\0\xc8\x6f\0\0\xa5\x01\0\0\x66\x03\0\0\x0e\
\xe4\0\0\xd8\x6f\0\0\xa5\x01\0\0\x66\x03\0\0\x09\xe4\0\0\xe8\x6f\0\0\xa5\x01\0\
\0\x7c\x03\0\0\x05\xf0\0\0\0\x70\0\0\xa5\x01\0\0\x66\x03\0\0\x0e\xe4\0\0\x10\
\x70\0\0\xa5\x01\0\0\x66\x03\0\0\x09\xe4\0\0\x20\x70\0\0\xa5\x01\0\0\x7c\x03\0\
\0\x05\xf0\0\0\x38\x70\0\0\xa5\x01\0\0\x66\x03\0\0\x0e\xe4\0\0\x48\x70\0\0\xa5\
\x01\0\0\x66\x03\0\0\x09\xe4\0\0\x58\x70\0\0\xa5\x01\0\0\x7c\x03\0\0\x05\xf0\0\
\0\x70\x70\0\0\xa5\x01\0\0\x66\x03\0\0\x0e\xe4\0\0\x80\x70\0\0\xa5\x01\0\0\x66\
\x03\0\0\x09\xe4\0\0\x90\x70\0\0\xa5\x01\0\0\x7c\x03\0\0\x05\xf0\0\0\xa8\x70\0\
\0\xa5\x01\0\0\x66\x03\0\0\x0e\xe4\0\0\xb8\x70\0\0\xa5\x01\0\0\x66\x03\0\0\x09\
\xe4\0\0\xc8\x70\0\0\xa5\x01\0\0\x7c\x03\0\0\x05\xf0\0\0\xe0\x70\0\0\xa5\x01\0\
\0\x66\x03\0\0\x0e\xe4\0\0\xf0\x70\0\0\xa5\x01\0\0\x66\x03\0\0\x09\xe4\0\0\0\
\x71\0\0\xa5\x01\0\0\x7c\x03\0\0\x05\xf0\0\0\x18\x71\0\0\xa5\x01\0\0\xaa\x03\0\
\0\x1d\xfc\0\0\x20\x71\0\0\xa5\x01\0\0\xcc\x03\0\0\x21\0\x01\0\x28\x71\0\0\xa5\
\x01\0\0\x5c\x02\0\0\x14\x0c\x01\0\x40\x71\0\0\xa5\x01\0\0\x5c\x02\0\0\x07\x0c\
\x01\0\x58\x71\0\0\xa5\x01\0\0\xf6\x03\0\0\x1d\x28\x01\0\x60\x71\0\0\xa5\x01\0\
\0\xf6\x03\0\0\x21\x28\x01\0\x70\x71\0\0\xa5\x01\0\0\xf6\x03\0\0\x17\x28\x01\0\
\x78\x71\0\0\xa5\x01\0\0\x1a\x03\0\0\x07\x2c\x01\0\xb8\x71\0\0\xa5\x01\0\0\x1b\
\x04\0\0\x09\x5c\x01\0\xc0\x71\0\0\xa5\x01\0\0\x2b\x04\0\0\x0a\x64\x01\0\xd8\
\x71\0\0\xa5\x01\0\0\x53\x04\0\0\x01\x68\x01\0\0\0\0\0\x0c\0\0\0\xff\xff\xff\
\xff\x04\0\x08\0\x08\x7c\x0b\0\x14\0\0\0\0\0\0\0\0\0\0\0\0\0\0\0\xe0\x71\0\0\0\
\0\0\0\xa1\x21\0\0\x05\0\x08\0\xeb\0\0\0\x08\x01\x01\xfb\x0e\x0d\0\x01\x01\x01\
\x01\0\0\0\x01\0\0\x01\x01\x01\x1f\x04\0\0\0\0\x2a\0\0\0\x43\0\0\0\x56\0\0\0\
\x03\x01\x1f\x02\x0f\x05\x1e\x09\x67\0\0\0\0\x2f\x26\xc7\x96\xe5\xd6\xda\x34\
\x3c\xd8\xcc\xd2\x9c\xde\x60\x97\x76\0\0\0\x01\xb8\x10\xf2\x70\x73\x3e\x10\x63\
\x19\xb6\x7e\xf5\x12\xc6\x24\x6e\x81\0\0\0\x02\xad\x6e\x63\x18\x59\x68\xe7\x1a\
\x1e\xdc\x77\x67\xbb\x1d\x26\x1e\x87\0\0\0\x02\xc0\xad\xe1\xa1\xa3\x09\xd6\x89\
\x6c\xe6\x08\x0a\x51\xa2\xd1\x05\x8f\0\0\0\x03\x09\xcf\xcd\x71\x69\xc2\x4b\xec\
\x44\x8f\x30\x58\x2e\x8c\x6d\xb9\xa1\0\0\0\x02\xfc\xee\x41\x5b\xb1\x9d\xb8\xac\
\xb9\x68\xee\xda\x6f\x02\xfa\x29\xa6\0\0\0\x02\x16\x3f\x54\xfb\x1a\xf2\xe2\x1f\
\xea\x41\x0f\x14\xeb\x18\xfa\x76\xb1\0\0\0\x02\x14\x97\x78\xac\xe3\x0a\x1f\xf2\
\x08\xad\xc8\x78\x3f\xd0\x4b\x29\xb6\0\0\0\x02\x53\xc0\xd4\x2e\x1b\xf6\xd9\x3b\
\x39\x15\x17\x64\xbe\x2d\x20\xfb\x04\0\0\x09\x02\0\0\0\0\0\0\0\0\x03\x11\x01\
\x05\x27\x0a\x22\x05\x23\x1f\x05\x14\x24\x05\x07\x06\x2e\x06\x22\x06\x4a\x03\
\x67\x20\x03\x19\x2e\x05\x0b\x06\x26\x05\x07\x06\x20\x05\x12\x06\x23\x06\x03\
\x5e\x2e\x05\x07\x06\x03\x23\x20\x05\x23\x23\x05\x1d\x06\x20\x05\x07\x06\x21\
\x06\x03\x59\x20\x03\x27\x2e\x06\x26\x06\x20\x03\x53\x20\x03\x2d\x2e\x03\x53\
\x20\x05\x08\x06\x03\x34\x2e\x05\x0e\x25\x05\x09\x06\x3c\x03\x47\x20\x05\x05\
\x06\x03\x3c\x20\x05\x0e\x39\x05\x09\x06\x2e\x03\x47\x20\x05\x05\x06\x03\x3c\
\x20\x05\x0e\x39\x05\x09\x06\x2e\x03\x47\x20\x05\x05\x06\x03\x3c\x20\x05\x0e\
\x39\x05\x09\x06\x2e\x03\x47\x20\x05\x05\x06\x03\x3c\x20\x05\x0e\x39\x05\x09\
\x06\x2e\x03\x47\x20\x05\x05\x06\x03\x3c\x20\x05\x0e\x39\x05\x09\x06\x2e\x03\
\x47\x20\x05\x05\x06\x03\x3c\x20\x05\x0e\x39\x05\x09\x06\x2e\x03\x47\x20\x05\
\x05\x06\x03\x3c\x20\x05\x0e\x39\x05\x09\x06\x2e\x03\x47\x20\x05\x05\x06\x03\
\x3c\x20\x05\x0e\x39\x05\x09\x06\x2e\x03\x47\x20\x05\x05\x06\x03\x3c\x20\x05\
\x0e\x39\x05\x09\x06\x2e\x03\x47\x20\x05\x05\x06\x03\x3c\x20\x05\x0e\x39\x05\
\x09\x06\x2e\x03\x47\x20\x05\x05\x06\x03\x3c\x20\x05\x0e\x39\x05\x09\x06\x2e\
\x03\x47\x20\x05\x05\x06\x03\x3c\x20\x05\x0e\x39\x05\x09\x06\x2e\x03\x47\x20\
\x05\x05\x06\x03\x3c\x20\x05\x0e\x39\x05\x09\x06\x2e\x03\x47\x20\x05\x05\x06\
\x03\x3c\x20\x05\x0e\x39\x05\x09\x06\x2e\x03\x47\x20\x05\x05\x06\x03\x3c\x20\
\x05\x0e\x39\x05\x09\x06\x2e\x03\x47\x20\x05\x05\x06\x03\x3c\x20\x05\x0e\x39\
\x05\x09\x06\x2e\x03\x47\x20\x05\x05\x06\x03\x3c\x20\x05\x0e\x39\x05\x09\x06\
\x2e\x03\x47\x20\x05\x05\x06\x03\x3c\x20\x05\x0e\x39\x05\x09\x06\x2e\x03\x47\
\x20\x05\x05\x06\x03\x3c\x20\x05\x0e\x39\x05\x09\x06\x2e\x03\x47\x20\x05\x05\
\x06\x03\x3c\x20\x05\x0e\x39\x05\x09\x06\x2e\x03\x47\x20\x05\x05\x06\x03\x3c\
\x20\x05\x0e\x39\x05\x09\x06\x2e\x03\x47\x20\x05\x05\x06\x03\x3c\x20\x05\x0e\
\x39\x05\x09\x06\x2e\x03\x47\x20\x05\x05\x06\x03\x3c\x20\x05\x0e\x39\x05\x09\
\x06\x2e\x03\x47\x20\x05\x05\x06\x03\x3c\x20\x05\x0e\x39\x05\x09\x06\x2e\x03\
\x47\x20\x05\x05\x06\x03\x3c\x20\x05\x0e\x39\x05\x09\x06\x2e\x03\x47\x20\x05\
\x05\x06\x03\x3c\x20\x05\x0e\x39\x05\x09\x06\x2e\x03\x47\x20\x05\x05\x06\x03\
\x3c\x20\x05\x0e\x39\x05\x09\x06\x2e\x03\x47\x20\x05\x05\x06\x03\x3c\x20\x05\
\x0e\x39\x05\x09\x06\x2e\x03\x47\x20\x05\x05\x06\x03\x3c\x20\x05\x0e\x39\x05\
\x09\x06\x2e\x03\x47\x20\x05\x05\x06\x03\x3c\x20\x05\x0e\x39\x05\x09\x06\x2e\
\x03\x47\x20\x05\x05\x06\x03\x3c\x20\x05\x0e\x39\x05\x09\x06\x2e\x03\x47\x20\
\x05\x05\x06\x03\x3c\x20\x05\x0e\x39\x05\x09\x06\x2e\x03\x47\x20\x05\x05\x06\
\x03\x3c\x20\x05\x0e\x39\x05\x09\x06\x2e\x03\x47\x20\x05\x05\x06\x03\x3c\x20\
\x05\x0e\x39\x05\x09\x06\x2e\x03\x47\x20\x05\x05\x06\x03\x3c\x20\x05\x0e\x39\
\x05\x09\x06\x2e\x03\x47\x20\x05\x05\x06\x03\x3c\x20\x05\x0e\x39\x05\x09\x06\
\x2e\x03\x47\x20\x05\x05\x06\x03\x3c\x20\x05\x0e\x39\x05\x09\x06\x2e\x03\x47\
\x20\x05\x05\x06\x03\x3c\x20\x05\x0e\x39\x05\x09\x06\x2e\x03\x47\x20\x05\x05\
\x06\x03\x3c\x20\x05\x0e\x39\x05\x09\x06\x2e\x03\x47\x20\x05\x05\x06\x03\x3c\
\x20\x05\x0e\x39\x05\x09\x06\x2e\x03\x47\x20\x05\x05\x06\x03\x3c\x20\x05\x0e\
\x39\x05\x09\x06\x2e\x03\x47\x20\x05\x05\x06\x03\x3c\x20\x05\x0e\x39\x05\x09\
\x06\x2e\x03\x47\x20\x05\x05\x06\x03\x3c\x20\x05\x0e\x39\x05\x09\x06\x2e\x03\
\x47\x20\x05\x05\x06\x03\x3c\x20\x05\x0e\x39\x05\x09\x06\x2e\x03\x47\x20\x05\
\x05\x06\x03\x3c\x20\x05\x0e\x39\x05\x09\x06\x2e\x03\x47\x20\x05\x05\x06\x03\
\x3c\x20\x05\x0e\x39\x05\x09\x06\x2e\x03\x47\x20\x05\x05\x06\x03\x3c\x20\x05\
\x0e\x39\x05\x09\x06\x2e\x03\x47\x20\x05\x05\x06\x03\x3c\x20\x05\x0e\x39\x05\
\x09\x06\x2e\x03\x47\x20\x05\x05\x06\x03\x3c\x20\x05\x0e\x39\x05\x09\x06\x2e\
\x03\x47\x20\x05\x05\x06\x03\x3c\x20\x05\x0e\x39\x05\x09\x06\x2e\x03\x47\x20\
\x05\x05\x06\x03\x3c\x20\x05\x0e\x39\x05\x09\x06\x2e\x03\x47\x20\x05\x05\x06\
\x03\x3c\x20\x05\x0e\x39\x05\x09\x06\x2e\x03\x47\x20\x05\x05\x06\x03\x3c\x20\
\x05\x0e\x39\x05\x09\x06\x2e\x03\x47\x20\x05\x05\x06\x03\x3c\x20\x05\x0e\x39\
\x05\x09\x06\x2e\x03\x47\x20\x05\x05\x06\x03\x3c\x20\x05\x0e\x39\x05\x09\x06\
\x2e\x03\x47\x20\x05\x05\x06\x03\x3c\x20\x05\x0e\x39\x05\x09\x06\x2e\x03\x47\
\x20\x05\x05\x06\x03\x3c\x20\x05\x0e\x39\x05\x09\x06\x2e\x03\x47\x20\x05\x05\
\x06\x03\x3c\x20\x05\x0e\x39\x05\x09\x06\x2e\x03\x47\x20\x05\x05\x06\x03\x3c\
\x20\x05\x0e\x39\x05\x09\x06\x2e\x03\x47\x20\x05\x05\x06\x03\x3c\x20\x05\x0e\
\x39\x05\x09\x06\x2e\x03\x47\x20\x05\x05\x06\x03\x3c\x20\x05\x0e\x39\x05\x09\
\x06\x2e\x03\x47\x20\x05\x05\x06\x03\x3c\x20\x05\x0e\x39\x05\x09\x06\x2e\x03\
\x47\x20\x05\x05\x06\x03\x3c\x20\x05\x0e\x39\x05\x09\x06\x2e\x03\x47\x20\x05\
\x05\x06\x03\x3c\x20\x05\x0e\x39\x05\x09\x06\x2e\x03\x47\x20\x05\x05\x06\x03\
\x3c\x20\x05\x0e\x39\x05\x09\x06\x2e\x03\x47\x20\x05\x05\x06\x03\x3c\x20\x05\
\x0e\x39\x05\x09\x06\x2e\x03\x47\x20\x05\x05\x06\x03\x3c\x20\x05\x0e\x39\x05\
\x09\x06\x2e\x03\x47\x20\x05\x05\x06\x03\x3c\x20\x05\x0e\x39\x05\x09\x06\x2e\
\x03\x47\x20\x05\x05\x06\x03\x3c\x20\x05\x0e\x39\x05\x09\x06\x2e\x03\x47\x20\
\x05\x05\x06\x03\x3c\x20\x05\x0e\x39\x05\x09\x06\x2e\x03\x47\x20\x05\x05\x06\
\x03\x3c\x20\x05\x0e\x39\x05\x09\x06\x2e\x03\x47\x20\x05\x05\x06\x03\x3c\x20\
\x05\x0e\x39\x05\x09\x06\x2e\x03\x47\x20\x05\x05\x06\x03\x3c\x20\x05\x0e\x39\
\x05\x09\x06\x2e\x03\x47\x20\x05\x05\x06\x03\x3c\x20\x05\x0e\x39\x05\x09\x06\
\x2e\x03\x47\x20\x05\x05\x06\x03\x3c\x20\x05\x0e\x39\x05\x09\x06\x2e\x03\x47\
\x20\x05\x05\x06\x03\x3c\x20\x05\x0e\x39\x05\x09\x06\x2e\x03\x47\x20\x05\x05\
\x06\x03\x3c\x20\x05\x0e\x39\x05\x09\x06\x2e\x03\x47\x20\x05\x05\x06\x03\x3c\
\x20\x05\x0e\x39\x05\x09\x06\x2e\x03\x47\x20\x05\x05\x06\x03\x3c\x20\x05\x0e\
\x39\x05\x09\x06\x2e\x03\x47\x20\x05\x05\x06\x03\x3c\x20\x05\x0e\x39\x05\x09\
\x06\x2e\x03\x47\x20\x05\x05\x06\x03\x3c\x20\x05\x0e\x39\x05\x09\x06\x2e\x03\
\x47\x20\x05\x05\x06\x03\x3c\x20\x05\x0e\x39\x05\x09\x06\x2e\x03\x47\x20\x05\
\x05\x06\x03\x3c\x20\x05\x0e\x39\x05\x09\x06\x2e\x03\x47\x20\x05\x05\x06\x03\
\x3c\x20\x05\x0e\x39\x05\x09\x06\x2e\x03\x47\x20\x05\x05\x06\x03\x3c\x20\x05\
\x0e\x39\x05\x09\x06\x2e\x03\x47\x20\x05\x05\x06\x03\x3c\x20\x05\x0e\x39\x05\
\x09\x06\x2e\x03\x47\x20\x05\x05\x06\x03\x3c\x20\x05\x0e\x39\x05\x09\x06\x2e\
\x03\x47\x20\x05\x05\x06\x03\x3c\x20\x05\x0e\x39\x05\x09\x06\x2e\x03\x47\x20\
\x05\x05\x06\x03\x3c\x20\x05\x0e\x39\x05\x09\x06\x2e\x03\x47\x20\x05\x05\x06\
\x03\x3c\x20\x05\x0e\x39\x05\x09\x06\x2e\x03\x47\x20\x05\x05\x06\x03\x3c\x20\
\x05\x0e\x39\x05\x09\x06\x2e\x03\x47\x20\x05\x05\x06\x03\x3c\x20\x05\x0e\x39\
\x05\x09\x06\x2e\x03\x47\x20\x05\x05\x06\x03\x3c\x20\x05\x0e\x39\x05\x09\x06\
\x2e\x03\x47\x20\x05\x05\x06\x03\x3c\x20\x05\x0e\x39\x05\x09\x06\x2e\x03\x47\
\x20\x05\x05\x06\x03\x3c\x20\x05\x0e\x39\x05\x09\x06\x2e\x03\x47\x20\x05\x05\
\x06\x03\x3c\x20\x05\x0e\x39\x05\x09\x06\x2e\x03\x47\x20\x05\x05\x06\x03\x3c\
\x20\x05\x0e\x39\x05\x09\x06\x2e\x03\x47\x20\x05\x05\x06\x03\x3c\x20\x05\x0e\
\x39\x05\x09\x06\x2e\x03\x47\x20\x05\x05\x06\x03\x3c\x20\x05\x0e\x39\x05\x09\
\x06\x2e\x03\x47\x20\x05\x05\x06\x03\x3c\x20\x05\x0e\x39\x05\x09\x06\x2e\x03\
\x47\x20\x05\x05\x06\x03\x3c\x20\x05\x0e\x39\x05\x09\x06\x2e\x03\x47\x20\x05\
\x05\x06\x03\x3c\x20\x05\x0e\x39\x05\x09\x06\x2e\x03\x47\x20\x05\x05\x06\x03\
\x3c\x20\x05\x0e\x39\x05\x09\x06\x2e\x03\x47\x20\x05\x05\x06\x03\x3c\x20\x05\
\x0e\x39\x05\x09\x06\x2e\x03\x47\x20\x05\x05\x06\x03\x3c\x20\x05\x0e\x39\x05\
\x09\x06\x2e\x03\x47\x20\x05\x05\x06\x03\x3c\x20\x05\x0e\x39\x05\x09\x06\x2e\
\x03\x47\x20\x05\x05\x06\x03\x3c\x20\x05\x0e\x39\x05\x09\x06\x2e\x03\x47\x20\
\x05\x05\x06\x03\x3c\x20\x05\x0e\x39\x05\x09\x06\x2e\x03\x47\x20\x05\x05\x06\
\x03\x3c\x20\x05\x0e\x39\x05\x09\x06\x2e\x03\x47\x20\x05\x05\x06\x03\x3c\x20\
\x05\x0e\x39\x05\x09\x06\x2e\x03\x47\x20\x05\x05\x06\x03\x3c\x20\x05\x0e\x39\
\x05\x09\x06\x2e\x03\x47\x20\x05\x05\x06\x03\x3c\x20\x05\x0e\x39\x05\x09\x06\
\x2e\x03\x47\x20\x05\x05\x06\x03\x3c\x20\x05\x0e\x39\x05\x09\x06\x2e\x03\x47\
\x20\x05\x05\x06\x03\x3c\x20\x05\x0e\x39\x05\x09\x06\x2e\x03\x47\x20\x05\x05\
\x06\x03\x3c\x20\x05\x0e\x39\x05\x09\x06\x2e\x03\x47\x20\x05\x05\x06\x03\x3c\
\x20\x05\x0e\x39\x05\x09\x06\x2e\x03\x47\x20\x05\x05\x06\x03\x3c\x20\x05\x0e\
\x39\x05\x09\x06\x2e\x03\x47\x20\x05\x05\x06\x03\x3c\x20\x05\x0e\x39\x05\x09\
\x06\x2e\x03\x47\x20\x05\x05\x06\x03\x3c\x20\x05\x0e\x39\x05\x09\x06\x2e\x03\
\x47\x20\x05\x05\x06\x03\x3c\x20\x05\x0e\x39\x05\x09\x06\x2e\x03\x47\x20\x05\
\x05\x06\x03\x3c\x20\x05\x0e\x39\x05\x09\x06\x2e\x03\x47\x20\x05\x05\x06\x03\
\x3c\x20\x05\x0e\x39\x05\x09\x06\x2e\x03\x47\x20\x05\x05\x06\x03\x3c\x20\x05\
\x0e\x39\x05\x09\x06\x2e\x03\x47\x20\x05\x05\x06\x03\x3c\x20\x05\x0e\x39\x05\
\x09\x06\x2e\x03\x47\x20\x05\x05\x06\x03\x3c\x20\x05\x0e\x39\x05\x09\x06\x2e\
\x03\x47\x20\x05\x05\x06\x03\x3c\x20\x05\x0e\x39\x05\x09\x06\x2e\x03\x47\x20\
\x05\x05\x06\x03\x3c\x20\x05\x0e\x39\x05\x09\x06\x2e\x03\x47\x20\x05\x05\x06\
\x03\x3c\x20\x05\x0e\x39\x05\x09\x06\x2e\x03\x47\x20\x05\x05\x06\x03\x3c\x20\
\x05\x0e\x39\x05\x09\x06\x2e\x03\x47\x20\x05\x05\x06\x03\x3c\x20\x05\x0e\x39\
\x05\x09\x06\x2e\x03\x47\x20\x05\x05\x06\x03\x3c\x20\x05\x0e\x39\x05\x09\x06\
\x2e\x03\x47\x20\x05\x05\x06\x03\x3c\x20\x05\x0e\x39\x05\x09\x06\x2e\x03\x47\
\x20\x05\x05\x06\x03\x3c\x20\x05\x0e\x39\x05\x09\x06\x2e\x03\x47\x20\x05\x05\
\x06\x03\x3c\x20\x05\x0e\x39\x05\x09\x06\x2e\x03\x47\x20\x05\x05\x06\x03\x3c\
\x20\x05\x0e\x39\x05\x09\x06\x2e\x03\x47\x20\x05\x05\x06\x03\x3c\x20\x05\x0e\
\x39\x05\x09\x06\x2e\x03\x47\x20\x05\x05\x06\x03\x3c\x20\x05\x0e\x39\x05\x09\
\x06\x2e\x03\x47\x20\x05\x05\x06\x03\x3c\x20\x05\x0e\x39\x05\x09\x06\x2e\x03\
\x47\x20\x05\x05\x06\x03\x3c\x20\x05\x0e\x39\x05\x09\x06\x2e\x03\x47\x20\x05\
\x05\x06\x03\x3c\x20\x05\x0e\x39\x05\x09\x06\x2e\x03\x47\x20\x05\x05\x06\x03\
\x3c\x20\x05\x0e\x39\x05\x09\x06\x2e\x03\x47\x20\x05\x05\x06\x03\x3c\x20\x05\
\x0e\x39\x05\x09\x06\x2e\x03\x47\x20\x05\x05\x06\x03\x3c\x20\x05\x0e\x39\x05\
\x09\x06\x2e\x03\x47\x20\x05\x05\x06\x03\x3c\x20\x05\x0e\x39\x05\x09\x06\x2e\
\x03\x47\x20\x05\x05\x06\x03\x3c\x20\x05\x0e\x39\x05\x09\x06\x2e\x03\x47\x20\
\x05\x05\x06\x03\x3c\x20\x05\x0e\x39\x05\x09\x06\x2e\x03\x47\x20\x05\x05\x06\
\x03\x3c\x20\x05\x0e\x39\x05\x09\x06\x2e\x03\x47\x20\x05\x05\x06\x03\x3c\x20\
\x05\x0e\x39\x05\x09\x06\x2e\x03\x47\x20\x05\x05\x06\x03\x3c\x20\x05\x0e\x39\
\x05\x09\x06\x2e\x03\x47\x20\x05\x05\x06\x03\x3c\x20\x05\x0e\x39\x05\x09\x06\
\x2e\x03\x47\x20\x05\x05\x06\x03\x3c\x20\x05\x0e\x39\x05\x09\x06\x2e\x03\x47\
\x20\x05\x05\x06\x03\x3c\x20\x05\x0e\x39\x05\x09\x06\x2e\x03\x47\x20\x05\x05\
\x06\x03\x3c\x20\x05\x0e\x39\x05\x09\x06\x2e\x03\x47\x20\x05\x05\x06\x03\x3c\
\x20\x05\x0e\x39\x05\x09\x06\x2e\x03\x47\x20\x05\x05\x06\x03\x3c\x20\x05\x0e\
\x39\x05\x09\x06\x2e\x03\x47\x20\x05\x05\x06\x03\x3c\x20\x05\x0e\x39\x05\x09\
\x06\x2e\x03\x47\x20\x05\x05\x06\x03\x3c\x20\x05\x0e\x39\x05\x09\x06\x2e\x03\
\x47\x20\x05\x05\x06\x03\x3c\x20\x05\x0e\x39\x05\x09\x06\x2e\x03\x47\x20\x05\
\x05\x06\x03\x3c\x20\x05\x0e\x39\x05\x09\x06\x2e\x03\x47\x20\x05\x05\x06\x03\
\x3c\x20\x05\x0e\x39\x05\x09\x06\x2e\x03\x47\x20\x05\x05\x06\x03\x3c\x20\x05\
\x0e\x39\x05\x09\x06\x2e\x03\x47\x20\x05\x05\x06\x03\x3c\x20\x05\x0e\x39\x05\
\x09\x06\x2e\x03\x47\x20\x05\x05\x06\x03\x3c\x20\x05\x0e\x39\x05\x09\x06\x2e\
\x03\x47\x20\x05\x05\x06\x03\x3c\x20\x05\x0e\x39\x05\x09\x06\x2e\x03\x47\x20\
\x05\x05\x06\x03\x3c\x20\x05\x0e\x39\x05\x09\x06\x2e\x03\x47\x20\x05\x05\x06\
\x03\x3c\x20\x05\x0e\x39\x05\x09\x06\x2e\x03\x47\x20\x05\x05\x06\x03\x3c\x20\
\x05\x0e\x39\x05\x09\x06\x2e\x03\x47\x20\x05\x05\x06\x03\x3c\x20\x05\x0e\x39\
\x05\x09\x06\x2e\x03\x47\x20\x05\x05\x06\x03\x3c\x20\x05\x0e\x39\x05\x09\x06\
\x2e\x03\x47\x20\x05\x05\x06\x03\x3c\x20\x05\x0e\x39\x05\x09\x06\x2e\x03\x47\
\x20\x05\x05\x06\x03\x3c\x20\x05\x0e\x39\x05\x09\x06\x2e\x03\x47\x20\x05\x05\
\x06\x03\x3c\x20\x05\x0e\x39\x05\x09\x06\x2e\x03\x47\x20\x05\x05\x06\x03\x3c\
\x20\x05\x0e\x39\x05\x09\x06\x2e\x03\x47\x20\x05\x05\x06\x03\x3c\x20\x05\x0e\
\x39\x05\x09\x06\x2e\x03\x47\x20\x05\x05\x06\x03\x3c\x20\x05\x0e\x39\x05\x09\
\x06\x2e\x03\x47\x20\x05\x05\x06\x03\x3c\x20\x05\x0e\x39\x05\x09\x06\x2e\x03\
\x47\x20\x05\x05\x06\x03\x3c\x20\x05\x0e\x39\x05\x09\x06\x2e\x03\x47\x20\x05\
\x05\x06\x03\x3c\x20\x05\x0e\x39\x05\x09\x06\x2e\x03\x47\x20\x05\x05\x06\x03\
\x3c\x20\x05\x0e\x39\x05\x09\x06\x2e\x03\x47\x20\x05\x05\x06\x03\x3c\x20\x05\
\x0e\x39\x05\x09\x06\x2e\x03\x47\x20\x05\x05\x06\x03\x3c\x20\x05\x0e\x39\x05\
\x09\x06\x2e\x03\x47\x20\x05\x05\x06\x03\x3c\x20\x05\x0e\x39\x05\x09\x06\x2e\
\x03\x47\x20\x05\x05\x06\x03\x3c\x20\x05\x0e\x39\x05\x09\x06\x2e\x03\x47\x20\
\x05\x05\x06\x03\x3c\x20\x05\x0e\x39\x05\x09\x06\x2e\x03\x47\x20\x05\x05\x06\
\x03\x3c\x20\x05\x0e\x39\x05\x09\x06\x2e\x03\x47\x20\x05\x05\x06\x03\x3c\x20\
\x05\x0e\x39\x05\x09\x06\x2e\x03\x47\x20\x05\x05\x06\x03\x3c\x20\x05\x0e\x39\
\x05\x09\x06\x2e\x03\x47\x20\x05\x05\x06\x03\x3c\x20\x05\x0e\x39\x05\x09\x06\
\x2e\x03\x47\x20\x05\x05\x06\x03\x3c\x20\x05\x0e\x39\x05\x09\x06\x2e\x03\x47\
\x20\x05\x05\x06\x03\x3c\x20\x05\x0e\x39\x05\x09\x06\x2e\x03\x47\x20\x05\x05\
\x06\x03\x3c\x20\x05\x0e\x39\x05\x09\x06\x2e\x03\x47\x20\x05\x05\x06\x03\x3c\
\x20\x05\x0e\x39\x05\x09\x06\x2e\x03\x47\x20\x05\x05\x06\x03\x3c\x20\x05\x0e\
\x39\x05\x09\x06\x2e\x03\x47\x20\x05\x05\x06\x03\x3c\x20\x05\x0e\x39\x05\x09\
\x06\x2e\x03\x47\x20\x05\x05\x06\x03\x3c\x20\x05\x0e\x39\x05\x09\x06\x2e\x03\
\x47\x20\x05\x05\x06\x03\x3c\x20\x05\x0e\x39\x05\x09\x06\x2e\x03\x47\x20\x05\
\x05\x06\x03\x3c\x20\x05\x0e\x39\x05\x09\x06\x2e\x03\x47\x20\x05\x05\x06\x03\
\x3c\x20\x05\x0e\x39\x05\x09\x06\x2e\x03\x47\x20\x05\x05\x06\x03\x3c\x20\x05\
\x0e\x39\x05\x09\x06\x2e\x03\x47\x20\x05\x05\x06\x03\x3c\x20\x05\x0e\x39\x05\
\x09\x06\x2e\x03\x47\x20\x05\x05\x06\x03\x3c\x20\x05\x0e\x39\x05\x09\x06\x2e\
\x03\x47\x20\x05\x05\x06\x03\x3c\x20\x05\x0e\x39\x05\x09\x06\x2e\x03\x47\x20\
\x05\x05\x06\x03\x3c\x20\x05\x0e\x39\x05\x09\x06\x2e\x03\x47\x20\x05\x05\x06\
\x03\x3c\x20\x05\x0e\x39\x05\x09\x06\x2e\x03\x47\x20\x05\x05\x06\x03\x3c\x20\
\x05\x0e\x39\x05\x09\x06\x2e\x03\x47\x20\x05\x05\x06\x03\x3c\x20\x05\x0e\x39\
\x05\x09\x06\x2e\x03\x47\x20\x05\x05\x06\x03\x3c\x20\x05\x0e\x39\x05\x09\x06\
\x2e\x03\x47\x20\x05\x05\x06\x03\x3c\x20\x05\x0e\x39\x05\x09\x06\x2e\x03\x47\
\x20\x05\x05\x06\x03\x3c\x20\x05\x0e\x39\x05\x09\x06\x2e\x03\x47\x20\x05\x05\
\x06\x03\x3c\x20\x05\x0e\x39\x05\x09\x06\x2e\x03\x47\x20\x05\x05\x06\x03\x3c\
\x20\x05\x0e\x39\x05\x09\x06\x2e\x03\x47\x20\x05\x05\x06\x03\x3c\x20\x05\x0e\
\x39\x05\x09\x06\x2e\x03\x47\x20\x05\x05\x06\x03\x3c\x20\x05\x0e\x39\x05\x09\
\x06\x2e\x03\x47\x20\x05\x05\x06\x03\x3c\x20\x05\x0e\x39\x05\x09\x06\x2e\x03\
\x47\x20\x05\x05\x06\x03\x3c\x20\x05\x0e\x39\x05\x09\x06\x2e\x03\x47\x20\x05\
\x05\x06\x03\x3c\x20\x05\x0e\x39\x05\x09\x06\x2e\x03\x47\x20\x05\x05\x06\x03\
\x3c\x20\x05\x0e\x39\x05\x09\x06\x2e\x03\x47\x20\x05\x05\x06\x03\x3c\x20\x05\
\x0e\x39\x05\x09\x06\x2e\x03\x47\x20\x05\x05\x06\x03\x3c\x20\x05\x0e\x39\x05\
\x09\x06\x2e\x03\x47\x20\x05\x05\x06\x03\x3c\x20\x05\x0e\x39\x05\x09\x06\x2e\
\x03\x47\x20\x05\x05\x06\x03\x3c\x20\x05\x0e\x39\x05\x09\x06\x2e\x03\x47\x20\
\x05\x05\x06\x03\x3c\x20\x05\x0e\x39\x05\x09\x06\x2e\x03\x47\x20\x05\x05\x06\
\x03\x3c\x20\x05\x0e\x39\x05\x09\x06\x2e\x03\x47\x20\x05\x05\x06\x03\x3c\x20\
\x05\x0e\x39\x05\x09\x06\x2e\x03\x47\x20\x05\x05\x06\x03\x3c\x20\x05\x0e\x39\
\x05\x09\x06\x2e\x03\x47\x20\x05\x05\x06\x03\x3c\x20\x05\x0e\x39\x05\x09\x06\
\x2e\x03\x47\x20\x05\x05\x06\x03\x3c\x20\x05\x0e\x39\x05\x09\x06\x2e\x03\x47\
\x20\x05\x05\x06\x03\x3c\x20\x05\x0e\x39\x05\x09\x06\x2e\x03\x47\x20\x05\x05\
\x06\x03\x3c\x20\x05\x0e\x39\x05\x09\x06\x2e\x03\x47\x20\x05\x05\x06\x03\x3c\
\x20\x05\x0e\x39\x05\x09\x06\x2e\x03\x47\x20\x05\x05\x06\x03\x3c\x20\x05\x0e\
\x39\x05\x09\x06\x2e\x03\x47\x20\x05\x05\x06\x03\x3c\x20\x05\x0e\x39\x05\x09\
\x06\x2e\x03\x47\x20\x05\x05\x06\x03\x3c\x20\x05\x0e\x39\x05\x09\x06\x2e\x03\
\x47\x20\x05\x05\x06\x03\x3c\x20\x05\x0e\x39\x05\x09\x06\x2e\x03\x47\x20\x05\
\x05\x06\x03\x3c\x20\x05\x0e\x39\x05\x09\x06\x2e\x03\x47\x20\x05\x05\x06\x03\
\x3c\x20\x05\x0e\x39\x05\x09\x06\x2e\x03\x47\x20\x05\x05\x06\x03\x3c\x20\x05\
\x0e\x39\x05\x09\x06\x2e\x03\x47\x20\x05\x05\x06\x03\x3c\x20\x05\x0e\x39\x05\
\x09\x06\x2e\x03\x47\x20\x05\x05\x06\x03\x3c\x20\x05\x0e\x39\x05\x09\x06\x2e\
\x03\x47\x20\x05\x05\x06\x03\x3c\x20\x05\x0e\x39\x05\x09\x06\x2e\x03\x47\x20\
\x05\x05\x06\x03\x3c\x20\x05\x0e\x39\x05\x09\x06\x2e\x03\x47\x20\x05\x05\x06\
\x03\x3c\x20\x05\x0e\x39\x05\x09\x06\x2e\x03\x47\x20\x05\x05\x06\x03\x3c\x20\
\x05\x0e\x39\x05\x09\x06\x2e\x03\x47\x20\x05\x05\x06\x03\x3c\x20\x05\x0e\x39\
\x05\x09\x06\x2e\x03\x47\x20\x05\x05\x06\x03\x3c\x20\x05\x0e\x39\x05\x09\x06\
\x2e\x03\x47\x20\x05\x05\x06\x03\x3c\x20\x05\x0e\x39\x05\x09\x06\x2e\x03\x47\
\x20\x05\x05\x06\x03\x3c\x20\x05\x0e\x39\x05\x09\x06\x2e\x03\x47\x20\x05\x05\
\x06\x03\x3c\x20\x05\x0e\x39\x05\x09\x06\x2e\x03\x47\x20\x05\x05\x06\x03\x3c\
\x20\x05\x0e\x39\x05\x09\x06\x2e\x03\x47\x20\x05\x05\x06\x03\x3c\x20\x05\x0e\
\x39\x05\x09\x06\x2e\x03\x47\x20\x05\x05\x06\x03\x3c\x20\x05\x0e\x39\x05\x09\
\x06\x2e\x03\x47\x20\x05\x05\x06\x03\x3c\x20\x05\x0e\x39\x05\x09\x06\x2e\x03\
\x47\x20\x05\x05\x06\x03\x3c\x20\x05\x0e\x39\x05\x09\x06\x2e\x03\x47\x20\x05\
\x05\x06\x03\x3c\x20\x05\x0e\x39\x05\x09\x06\x2e\x03\x47\x20\x05\x05\x06\x03\
\x3c\x20\x05\x0e\x39\x05\x09\x06\x2e\x03\x47\x20\x05\x05\x06\x03\x3c\x20\x05\
\x0e\x39\x05\x09\x06\x2e\x03\x47\x20\x05\x05\x06\x03\x3c\x20\x05\x0e\x39\x05\
\x09\x06\x2e\x03\x47\x20\x05\x05\x06\x03\x3c\x20\x05\x0e\x39\x05\x09\x06\x2e\
\x03\x47\x20\x05\x05\x06\x03\x3c\x20\x05\x0e\x39\x05\x09\x06\x2e\x03\x47\x20\
\x05\x05\x06\x03\x3c\x20\x05\x0e\x39\x05\x09\x06\x2e\x03\x47\x20\x05\x05\x06\
\x03\x3c\x20\x05\x0e\x39\x05\x09\x06\x2e\x03\x47\x20\x05\x05\x06\x03\x3c\x20\
\x05\x0e\x39\x05\x09\x06\x2e\x03\x47\x20\x05\x05\x06\x03\x3c\x20\x05\x0e\x39\
\x05\x09\x06\x2e\x03\x47\x20\x05\x05\x06\x03\x3c\x20\x05\x0e\x39\x05\x09\x06\
\x2e\x03\x47\x20\x05\x05\x06\x03\x3c\x20\x05\x0e\x39\x05\x09\x06\x2e\x03\x47\
\x20\x05\x05\x06\x03\x3c\x20\x05\x0e\x39\x05\x09\x06\x2e\x03\x47\x20\x05\x05\
\x06\x03\x3c\x20\x05\x0e\x39\x05\x09\x06\x2e\x03\x47\x20\x05\x05\x06\x03\x3c\
\x20\x05\x0e\x39\x05\x09\x06\x2e\x03\x47\x20\x05\x05\x06\x03\x3c\x20\x05\x0e\
\x39\x05\x09\x06\x2e\x03\x47\x20\x05\x05\x06\x03\x3c\x20\x05\x0e\x39\x05\x09\
\x06\x2e\x03\x47\x20\x05\x05\x06\x03\x3c\x20\x05\x0e\x39\x05\x09\x06\x2e\x03\
\x47\x20\x05\x05\x06\x03\x3c\x20\x05\x0e\x39\x05\x09\x06\x2e\x03\x47\x20\x05\
\x05\x06\x03\x3c\x20\x05\x0e\x39\x05\x09\x06\x2e\x03\x47\x20\x05\x05\x06\x03\
\x3c\x20\x05\x0e\x39\x05\x09\x06\x2e\x03\x47\x20\x05\x05\x06\x03\x3c\x20\x05\
\x0e\x39\x05\x09\x06\x2e\x03\x47\x20\x05\x05\x06\x03\x3c\x20\x05\x0e\x39\x05\
\x09\x06\x2e\x03\x47\x20\x05\x05\x06\x03\x3c\x20\x05\x0e\x39\x05\x09\x06\x2e\
\x03\x47\x20\x05\x05\x06\x03\x3c\x20\x05\x0e\x39\x05\x09\x06\x2e\x03\x47\x20\
\x05\x05\x06\x03\x3c\x20\x05\x0e\x39\x05\x09\x06\x2e\x03\x47\x20\x05\x05\x06\
\x03\x3c\x20\x05\x0e\x39\x05\x09\x06\x2e\x03\x47\x20\x05\x05\x06\x03\x3c\x20\
\x05\x0e\x39\x05\x09\x06\x2e\x03\x47\x20\x05\x05\x06\x03\x3c\x20\x05\x0e\x39\
\x05\x09\x06\x2e\x03\x47\x20\x05\x05\x06\x03\x3c\x20\x05\x0e\x39\x05\x09\x06\
\x2e\x03\x47\x20\x05\x05\x06\x03\x3c\x20\x05\x0e\x39\x05\x09\x06\x2e\x03\x47\
\x20\x05\x05\x06\x03\x3c\x20\x05\x0e\x39\x05\x09\x06\x2e\x03\x47\x20\x05\x05\
\x06\x03\x3c\x20\x05\x0e\x39\x05\x09\x06\x2e\x03\x47\x20\x05\x05\x06\x03\x3c\
\x20\x05\x0e\x39\x05\x09\x06\x2e\x03\x47\x20\x05\x05\x06\x03\x3c\x20\x05\x0e\
\x39\x05\x09\x06\x2e\x03\x47\x20\x05\x05\x06\x03\x3c\x20\x05\x0e\x39\x05\x09\
\x06\x2e\x03\x47\x20\x05\x05\x06\x03\x3c\x20\x05\x0e\x39\x05\x09\x06\x2e\x03\
\x47\x20\x05\x05\x06\x03\x3c\x20\x05\x0e\x39\x05\x09\x06\x2e\x03\x47\x20\x05\
\x05\x06\x03\x3c\x20\x05\x0e\x39\x05\x09\x06\x2e\x03\x47\x20\x05\x05\x06\x03\
\x3c\x20\x05\x0e\x39\x05\x09\x06\x2e\x03\x47\x20\x05\x05\x06\x03\x3c\x20\x05\
\x0e\x39\x05\x09\x06\x2e\x03\x47\x20\x05\x05\x06\x03\x3c\x20\x05\x0e\x39\x05\
\x09\x06\x2e\x03\x47\x20\x05\x05\x06\x03\x3c\x20\x05\x0e\x39\x05\x09\x06\x2e\
\x03\x47\x20\x05\x05\x06\x03\x3c\x20\x05\x0e\x39\x05\x09\x06\x2e\x03\x47\x20\
\x05\x05\x06\x03\x3c\x20\x05\x0e\x39\x05\x09\x06\x2e\x03\x47\x20\x05\x05\x06\
\x03\x3c\x20\x05\x0e\x39\x05\x09\x06\x2e\x03\x47\x20\x05\x05\x06\x03\x3c\x20\
\x05\x0e\x39\x05\x09\x06\x2e\x03\x47\x20\x05\x05\x06\x03\x3c\x20\x05\x0e\x39\
\x05\x09\x06\x2e\x03\x47\x20\x05\x05\x06\x03\x3c\x20\x05\x0e\x39\x05\x09\x06\
\x2e\x03\x47\x20\x05\x05\x06\x03\x3c\x20\x05\x0e\x39\x05\x09\x06\x2e\x03\x47\
\x20\x05\x05\x06\x03\x3c\x20\x05\x0e\x39\x05\x09\x06\x2e\x03\x47\x20\x05\x05\
\x06\x03\x3c\x20\x05\x0e\x39\x05\x09\x06\x2e\x03\x47\x20\x05\x05\x06\x03\x3c\
\x20\x05\x0e\x39\x05\x09\x06\x2e\x03\x47\x20\x05\x05\x06\x03\x3c\x20\x05\x0e\
\x39\x05\x09\x06\x2e\x03\x47\x20\x05\x05\x06\x03\x3c\x20\x05\x0e\x39\x05\x09\
\x06\x2e\x03\x47\x20\x05\x05\x06\x03\x3c\x20\x05\x0e\x39\x05\x09\x06\x2e\x03\
\x47\x20\x05\x05\x06\x03\x3c\x20\x05\x0e\x39\x05\x09\x06\x2e\x03\x47\x20\x05\
\x05\x06\x03\x3c\x20\x05\x0e\x39\x05\x09\x06\x2e\x03\x47\x20\x05\x05\x06\x03\
\x3c\x20\x05\x0e\x39\x05\x09\x06\x2e\x03\x47\x20\x05\x05\x06\x03\x3c\x20\x05\
\x0e\x39\x05\x09\x06\x2e\x03\x47\x20\x05\x05\x06\x03\x3c\x20\x05\x0e\x39\x05\
\x09\x06\x2e\x03\x47\x20\x05\x05\x06\x03\x3c\x20\x05\x0e\x39\x05\x09\x06\x2e\
\x03\x47\x20\x05\x05\x06\x03\x3c\x20\x05\x0e\x39\x05\x09\x06\x2e\x03\x47\x20\
\x05\x05\x06\x03\x3c\x20\x05\x0e\x39\x05\x09\x06\x2e\x03\x47\x20\x05\x05\x06\
\x03\x3c\x20\x05\x0e\x39\x05\x09\x06\x2e\x03\x47\x20\x05\x05\x06\x03\x3c\x20\
\x05\x0e\x39\x05\x09\x06\x2e\x03\x47\x20\x05\x05\x06\x03\x3c\x20\x05\x0e\x39\
\x05\x09\x06\x2e\x03\x47\x20\x05\x05\x06\x03\x3c\x20\x05\x0e\x39\x05\x09\x06\
\x2e\x03\x47\x20\x05\x05\x06\x03\x3c\x20\x05\x0e\x39\x05\x09\x06\x2e\x03\x47\
\x20\x05\x05\x06\x03\x3c\x20\x05\x0e\x39\x05\x09\x06\x2e\x03\x47\x20\x05\x05\
\x06\x03\x3c\x20\x05\x0e\x39\x05\x09\x06\x2e\x03\x47\x20\x05\x05\x06\x03\x3c\
\x20\x05\x0e\x39\x05\x09\x06\x2e\x03\x47\x20\x05\x05\x06\x03\x3c\x20\x05\x0e\
\x39\x05\x09\x06\x2e\x03\x47\x20\x05\x05\x06\x03\x3c\x20\x05\x0e\x39\x05\x09\
\x06\x2e\x03\x47\x20\x05\x05\x06\x03\x3c\x20\x05\x0e\x39\x05\x09\x06\x2e\x03\
\x47\x20\x05\x05\x06\x03\x3c\x20\x05\x0e\x39\x05\x09\x06\x2e\x03\x47\x20\x05\
\x05\x06\x03\x3c\x20\x05\x0e\x39\x05\x09\x06\x2e\x03\x47\x20\x05\x05\x06\x03\
\x3c\x20\x05\x0e\x39\x05\x09\x06\x2e\x03\x47\x20\x05\x05\x06\x03\x3c\x20\x05\
\x0e\x39\x05\x09\x06\x2e\x03\x47\x20\x05\x05\x06\x03\x3c\x20\x05\x0e\x39\x05\
\x09\x06\x2e\x03\x47\x20\x05\x05\x06\x03\x3c\x20\x05\x0e\x39\x05\x09\x06\x2e\
\x03\x47\x20\x05\x05\x06\x03\x3c\x20\x05\x0e\x39\x05\x09\x06\x2e\x03\x47\x20\
\x05\x05\x06\x03\x3c\x20\x05\x0e\x39\x05\x09\x06\x2e\x03\x47\x20\x05\x05\x06\
\x03\x3c\x20\x05\x0e\x39\x05\x09\x06\x2e\x03\x47\x20\x05\x05\x06\x03\x3c\x20\
\x05\x0e\x39\x05\x09\x06\x2e\x03\x47\x20\x05\x05\x06\x03\x3c\x20\x05\x0e\x39\
\x05\x09\x06\x2e\x03\x47\x20\x05\x05\x06\x03\x3c\x20\x05\x0e\x39\x05\x09\x06\
\x2e\x03\x47\x20\x05\x05\x06\x03\x3c\x20\x05\x0e\x39\x05\x09\x06\x2e\x03\x47\
\x20\x05\x05\x06\x03\x3c\x20\x05\x0e\x39\x05\x09\x06\x2e\x03\x47\x20\x05\x05\
\x06\x03\x3c\x20\x05\x0e\x39\x05\x09\x06\x2e\x03\x47\x20\x05\x05\x06\x03\x3c\
\x20\x05\x0e\x39\x05\x09\x06\x2e\x03\x47\x20\x05\x05\x06\x03\x3c\x20\x05\x0e\
\x39\x05\x09\x06\x2e\x03\x47\x20\x05\x05\x06\x03\x3c\x20\x05\x0e\x39\x05\x09\
\x06\x2e\x03\x47\x20\x05\x05\x06\x03\x3c\x20\x05\x0e\x39\x05\x09\x06\x2e\x03\
\x47\x20\x05\x05\x06\x03\x3c\x20\x05\x0e\x39\x05\x09\x06\x2e\x03\x47\x20\x05\
\x05\x06\x03\x3c\x20\x05\x0e\x39\x05\x09\x06\x2e\x03\x47\x20\x05\x05\x06\x03\
\x3c\x20\x05\x0e\x39\x05\x09\x06\x2e\x03\x47\x20\x05\x05\x06\x03\x3c\x20\x05\
\x0e\x39\x05\x09\x06\x2e\x03\x47\x20\x05\x05\x06\x03\x3c\x20\x05\x0e\x39\x05\
\x09\x06\x2e\x03\x47\x20\x05\x05\x06\x03\x3c\x20\x05\x0e\x39\x05\x09\x06\x2e\
\x03\x47\x20\x05\x05\x06\x03\x3c\x20\x05\x0e\x39\x05\x09\x06\x2e\x03\x47\x20\
\x05\x05\x06\x03\x3c\x20\x05\x0e\x39\x05\x09\x06\x2e\x03\x47\x20\x05\x05\x06\
\x03\x3c\x20\x05\x0e\x39\x05\x09\x06\x2e\x03\x47\x20\x05\x05\x06\x03\x3c\x20\
\x05\x0e\x39\x05\x09\x06\x2e\x03\x47\x20\x05\x05\x06\x03\x3c\x20\x05\x0e\x39\
\x05\x09\x06\x2e\x03\x47\x20\x05\x05\x06\x03\x3c\x20\x05\x0e\x39\x05\x09\x06\
\x2e\x03\x47\x20\x05\x05\x06\x03\x3c\x20\x05\x0e\x39\x05\x09\x06\x2e\x03\x47\
\x20\x05\x05\x06\x03\x3c\x20\x05\x0e\x39\x05\x09\x06\x2e\x03\x47\x20\x05\x05\
\x06\x03\x3c\x20\x05\x0e\x39\x05\x09\x06\x2e\x03\x47\x20\x05\x05\x06\x03\x3c\
\x20\x05\x0e\x39\x05\x09\x06\x2e\x03\x47\x20\x05\x05\x06\x03\x3c\x20\x05\x0e\
\x39\x05\x09\x06\x2e\x03\x47\x20\x05\x05\x06\x03\x3c\x20\x05\x0e\x39\x05\x09\
\x06\x2e\x03\x47\x20\x05\x05\x06\x03\x3c\x20\x05\x0e\x39\x05\x09\x06\x2e\x03\
\x47\x20\x05\x05\x06\x03\x3c\x20\x05\x0e\x39\x05\x09\x06\x2e\x03\x47\x20\x05\
\x05\x06\x03\x3c\x20\x05\x0e\x39\x05\x09\x06\x2e\x03\x47\x20\x05\x05\x06\x03\
\x3c\x20\x05\x0e\x39\x05\x09\x06\x2e\x03\x47\x20\x05\x05\x06\x03\x3c\x20\x05\
\x0e\x39\x05\x09\x06\x2e\x03\x47\x20\x05\x05\x06\x03\x3c\x20\x05\x0e\x39\x05\
\x09\x06\x2e\x03\x47\x20\x05\x05\x06\x03\x3c\x20\x05\x0e\x39\x05\x09\x06\x2e\
\x03\x47\x20\x05\x05\x06\x03\x3c\x20\x05\x0e\x39\x05\x09\x06\x2e\x03\x47\x20\
\x05\x05\x06\x03\x3c\x20\x05\x0e\x39\x05\x09\x06\x2e\x03\x47\x20\x05\x05\x06\
\x03\x3c\x20\x05\x0e\x39\x05\x09\x06\x2e\x03\x47\x20\x05\x05\x06\x03\x3c\x20\
\x05\x0e\x39\x05\x09\x06\x2e\x03\x47\x20\x05\x05\x06\x03\x3c\x20\x05\x0e\x39\
\x05\x09\x06\x2e\x03\x47\x20\x05\x05\x06\x03\x3c\x20\x05\x0e\x39\x05\x09\x06\
\x2e\x03\x47\x20\x05\x05\x06\x03\x3c\x20\x05\x0e\x39\x05\x09\x06\x2e\x03\x47\
\x20\x05\x05\x06\x03\x3c\x20\x05\x0e\x39\x05\x09\x06\x2e\x03\x47\x20\x05\x05\
\x06\x03\x3c\x20\x05\x0e\x39\x05\x09\x06\x2e\x03\x47\x20\x05\x05\x06\x03\x3c\
\x20\x05\x0e\x39\x05\x09\x06\x2e\x03\x47\x20\x05\x05\x06\x03\x3c\x20\x05\x0e\
\x39\x05\x09\x06\x2e\x03\x47\x20\x05\x05\x06\x03\x3c\x20\x05\x0e\x39\x05\x09\
\x06\x2e\x03\x47\x20\x05\x05\x06\x03\x3c\x20\x05\x0e\x39\x05\x09\x06\x2e\x03\
\x47\x20\x05\x05\x06\x03\x3c\x20\x05\x0e\x39\x05\x09\x06\x2e\x03\x47\x20\x05\
\x05\x06\x03\x3c\x20\x05\x0e\x39\x05\x09\x06\x2e\x03\x47\x20\x05\x05\x06\x03\
\x3c\x20\x05\x0e\x39\x05\x09\x06\x2e\x03\x47\x20\x05\x05\x06\x03\x3c\x20\x05\
\x0e\x39\x05\x09\x06\x2e\x03\x47\x20\x05\x05\x06\x03\x3c\x20\x05\x0e\x39\x05\
\x09\x06\x2e\x03\x47\x20\x05\x05\x06\x03\x3c\x20\x05\x0e\x39\x05\x09\x06\x2e\
\x03\x47\x20\x05\x05\x06\x03\x3c\x20\x05\x0e\x39\x05\x09\x06\x2e\x03\x47\x20\
\x05\x05\x06\x03\x3c\x20\x05\x0e\x39\x05\x09\x06\x2e\x03\x47\x20\x05\x05\x06\
\x03\x3c\x20\x05\x0e\x39\x05\x09\x06\x2e\x03\x47\x20\x05\x05\x06\x03\x3c\x20\
\x05\x0e\x39\x05\x09\x06\x2e\x03\x47\x20\x05\x05\x06\x03\x3c\x20\x05\x0e\x39\
\x05\x09\x06\x2e\x03\x47\x20\x05\x05\x06\x03\x3c\x20\x05\x0e\x39\x05\x09\x06\
\x2e\x03\x47\x20\x05\x05\x06\x03\x3c\x20\x05\x0e\x39\x05\x09\x06\x2e\x03\x47\
\x20\x05\x05\x06\x03\x3c\x20\x05\x0e\x39\x05\x09\x06\x2e\x03\x47\x20\x05\x05\
\x06\x03\x3c\x20\x05\x0e\x39\x05\x09\x06\x2e\x03\x47\x20\x05\x05\x06\x03\x3c\
\x20\x05\x0e\x39\x05\x09\x06\x2e\x03\x47\x20\x05\x05\x06\x03\x3c\x20\x05\x0e\
\x39\x05\x09\x06\x2e\x03\x47\x20\x05\x05\x06\x03\x3c\x20\x05\x0e\x39\x05\x09\
\x06\x2e\x03\x47\x20\x05\x05\x06\x03\x3c\x20\x05\x0e\x39\x05\x09\x06\x2e\x03\
\x47\x20\x05\x05\x06\x03\x3c\x20\x05\x0e\x39\x05\x09\x06\x2e\x03\x47\x20\x05\
\x05\x06\x03\x3c\x20\x05\x0e\x39\x05\x09\x06\x2e\x03\x47\x20\x05\x05\x06\x03\
\x3c\x20\x05\x0e\x39\x05\x09\x06\x2e\x03\x47\x20\x05\x05\x06\x03\x3c\x20\x05\
\x0e\x39\x05\x09\x06\x2e\x03\x47\x20\x05\x05\x06\x03\x3c\x20\x05\x0e\x39\x05\
\x09\x06\x2e\x03\x47\x20\x05\x05\x06\x03\x3c\x20\x05\x0e\x39\x05\x09\x06\x2e\
\x03\x47\x20\x05\x05\x06\x03\x3c\x20\x05\x0e\x39\x05\x09\x06\x2e\x03\x47\x20\
\x05\x05\x06\x03\x3c\x20\x05\x0e\x39\x05\x09\x06\x2e\x03\x47\x20\x05\x05\x06\
\x03\x3c\x20\x05\x0e\x39\x05\x09\x06\x2e\x03\x47\x20\x05\x05\x06\x03\x3c\x20\
\x05\x0e\x39\x05\x09\x06\x2e\x03\x47\x20\x05\x05\x06\x03\x3c\x20\x05\x0e\x39\
\x05\x09\x06\x2e\x03\x47\x20\x05\x05\x06\x03\x3c\x20\x05\x0e\x39\x05\x09\x06\
\x2e\x03\x47\x20\x05\x05\x06\x03\x3c\x20\x05\x0e\x39\x05\x09\x06\x2e\x03\x47\
\x20\x05\x05\x06\x03\x3c\x20\x05\x0e\x39\x05\x09\x06\x2e\x03\x47\x20\x05\x05\
\x06\x03\x3c\x20\x05\x0e\x39\x05\x09\x06\x2e\x03\x47\x20\x05\x05\x06\x03\x3c\
\x20\x05\x0e\x39\x05\x09\x06\x2e\x03\x47\x20\x05\x05\x06\x03\x3c\x20\x05\x0e\
\x39\x05\x09\x06\x2e\x03\x47\x20\x05\x05\x06\x03\x3c\x20\x05\x0e\x39\x05\x09\
\x06\x2e\x03\x47\x20\x05\x05\x06\x03\x3c\x20\x05\x0e\x39\x05\x09\x06\x2e\x03\
\x47\x20\x05\x05\x06\x03\x3c\x20\x05\x0e\x39\x05\x09\x06\x2e\x03\x47\x20\x05\
\x05\x06\x03\x3c\x20\x05\x0e\x39\x05\x09\x06\x2e\x03\x47\x20\x05\x05\x06\x03\
\x3c\x20\x05\x0e\x39\x05\x09\x06\x2e\x03\x47\x20\x05\x05\x06\x03\x3c\x20\x05\
\x0e\x39\x05\x09\x06\x2e\x03\x47\x20\x05\x05\x06\x03\x3c\x20\x05\x0e\x39\x05\
\x09\x06\x2e\x03\x47\x20\x05\x05\x06\x03\x3c\x20\x05\x0e\x39\x05\x09\x06\x2e\
\x03\x47\x20\x05\x05\x06\x03\x3c\x20\x05\x0e\x39\x05\x09\x06\x2e\x03\x47\x20\
\x05\x05\x06\x03\x3c\x20\x05\x0e\x39\x05\x09\x06\x2e\x03\x47\x20\x05\x05\x06\
\x03\x3c\x20\x05\x0e\x39\x05\x09\x06\x2e\x03\x47\x20\x05\x05\x06\x03\x3c\x20\
\x05\x0e\x39\x05\x09\x06\x2e\x03\x47\x20\x05\x05\x06\x03\x3c\x20\x05\x0e\x39\
\x05\x09\x06\x2e\x03\x47\x20\x05\x05\x06\x03\x3c\x20\x05\x0e\x39\x05\x09\x06\
\x2e\x03\x47\x20\x05\x05\x06\x03\x3c\x20\x05\x0e\x39\x05\x09\x06\x2e\x03\x47\
\x20\x05\x05\x06\x03\x3c\x20\x05\x0e\x39\x05\x09\x06\x2e\x03\x47\x20\x05\x05\
\x06\x03\x3c\x20\x05\x0e\x39\x05\x09\x06\x2e\x03\x47\x20\x05\x05\x06\x03\x3c\
\x20\x05\x0e\x39\x05\x09\x06\x2e\x03\x47\x20\x05\x05\x06\x03\x3c\x20\x05\x0e\
\x39\x05\x09\x06\x2e\x03\x47\x20\x05\x05\x06\x03\x3c\x20\x05\x0e\x39\x05\x09\
\x06\x2e\x03\x47\x20\x05\x05\x06\x03\x3c\x20\x05\x0e\x39\x05\x09\x06\x2e\x03\
\x47\x20\x05\x05\x06\x03\x3c\x20\x05\x0e\x39\x05\x09\x06\x2e\x03\x47\x20\x05\
\x05\x06\x03\x3c\x20\x05\x0e\x39\x05\x09\x06\x2e\x03\x47\x20\x05\x05\x06\x03\
\x3c\x20\x05\x0e\x39\x05\x09\x06\x2e\x03\x47\x20\x05\x05\x06\x03\x3c\x20\x05\
\x0e\x39\x05\x09\x06\x2e\x03\x47\x20\x05\x05\x06\x03\x3c\x20\x05\x0e\x39\x05\
\x09\x06\x2e\x03\x47\x20\x05\x05\x06\x03\x3c\x20\x05\x0e\x39\x05\x09\x06\x2e\
\x03\x47\x20\x05\x05\x06\x03\x3c\x20\x05\x0e\x39\x05\x09\x06\x2e\x03\x47\x20\
\x05\x05\x06\x03\x3c\x20\x05\x0e\x39\x05\x09\x06\x2e\x03\x47\x20\x05\x05\x06\
\x03\x3c\x20\x05\x0e\x39\x05\x09\x06\x2e\x03\x47\x20\x05\x05\x06\x03\x3c\x20\
\x05\x0e\x39\x05\x09\x06\x2e\x03\x47\x20\x05\x05\x06\x03\x3c\x20\x05\x0e\x39\
\x05\x09\x06\x2e\x03\x47\x20\x05\x05\x06\x03\x3c\x20\x05\x0e\x39\x05\x09\x06\
\x2e\x03\x47\x20\x05\x05\x06\x03\x3c\x20\x05\x0e\x39\x05\x09\x06\x2e\x03\x47\
\x20\x05\x05\x06\x03\x3c\x20\x05\x0e\x39\x05\x09\x06\x2e\x03\x47\x20\x05\x05\
\x06\x03\x3c\x20\x05\x0e\x39\x05\x09\x06\x2e\x03\x47\x20\x05\x05\x06\x03\x3c\
\x20\x05\x0e\x39\x05\x09\x06\x2e\x03\x47\x20\x05\x05\x06\x03\x3c\x20\x05\x0e\
\x39\x05\x09\x06\x2e\x03\x47\x20\x05\x05\x06\x03\x3c\x20\x05\x0e\x39\x05\x09\
\x06\x2e\x03\x47\x20\x05\x05\x06\x03\x3c\x20\x05\x0e\x39\x05\x09\x06\x2e\x03\
\x47\x20\x05\x05\x06\x03\x3c\x20\x05\x0e\x39\x05\x09\x06\x2e\x03\x47\x20\x05\
\x05\x06\x03\x3c\x20\x05\x0e\x39\x05\x09\x06\x2e\x03\x47\x20\x05\x05\x06\x03\
\x3c\x20\x05\x0e\x39\x05\x09\x06\x2e\x03\x47\x20\x05\x05\x06\x03\x3c\x20\x05\
\x0e\x39\x05\x09\x06\x2e\x03\x47\x20\x05\x05\x06\x03\x3c\x20\x05\x0e\x39\x05\
\x09\x06\x2e\x03\x47\x20\x05\x05\x06\x03\x3c\x20\x05\x0e\x39\x05\x09\x06\x2e\
\x03\x47\x20\x05\x05\x06\x03\x3c\x20\x05\x0e\x39\x05\x09\x06\x2e\x03\x47\x20\
\x05\x05\x06\x03\x3c\x20\x05\x0e\x39\x05\x09\x06\x2e\x03\x47\x20\x05\x05\x06\
\x03\x3c\x20\x05\x0e\x39\x05\x09\x06\x2e\x03\x47\x20\x05\x05\x06\x03\x3c\x20\
\x05\x0e\x39\x05\x09\x06\x2e\x03\x47\x20\x05\x05\x06\x03\x3c\x20\x05\x0e\x39\
\x05\x09\x06\x2e\x03\x47\x20\x05\x05\x06\x03\x3c\x20\x05\x0e\x39\x05\x09\x06\
\x2e\x03\x47\x20\x05\x05\x06\x03\x3c\x20\x05\x0e\x39\x05\x09\x06\x2e\x03\x47\
\x20\x05\x05\x06\x03\x3c\x20\x05\x0e\x39\x05\x09\x06\x2e\x03\x47\x20\x05\x05\
\x06\x03\x3c\x20\x05\x0e\x39\x05\x09\x06\x2e\x03\x47\x20\x05\x05\x06\x03\x3c\
\x20\x05\x0e\x39\x05\x09\x06\x2e\x03\x47\x20\x05\x05\x06\x03\x3c\x20\x05\x0e\
\x39\x05\x09\x06\x2e\x03\x47\x20\x05\x05\x06\x03\x3c\x20\x05\x0e\x39\x05\x09\
\x06\x2e\x03\x47\x20\x05\x05\x06\x03\x3c\x20\x05\x0e\x39\x05\x09\x06\x2e\x03\
\x47\x20\x05\x05\x06\x03\x3c\x20\x05\x0e\x39\x05\x09\x06\x2e\x03\x47\x20\x05\
\x05\x06\x03\x3c\x20\x05\x0e\x39\x05\x09\x06\x2e\x03\x47\x20\x05\x05\x06\x03\
\x3c\x20\x05\x0e\x39\x05\x09\x06\x2e\x03\x47\x20\x05\x05\x06\x03\x3c\x20\x05\
\x0e\x39\x05\x09\x06\x2e\x03\x47\x20\x05\x05\x06\x03\x3c\x20\x05\x0e\x39\x05\
\x09\x06\x2e\x03\x47\x20\x05\x05\x06\x03\x3c\x20\x05\x0e\x39\x05\x09\x06\x2e\
\x03\x47\x20\x05\x05\x06\x03\x3c\x20\x05\x0e\x39\x05\x09\x06\x2e\x03\x47\x20\
\x05\x05\x06\x03\x3c\x20\x05\x0e\x39\x05\x09\x06\x2e\x03\x47\x20\x05\x05\x06\
\x03\x3c\x20\x05\x0e\x39\x05\x09\x06\x2e\x03\x47\x20\x05\x05\x06\x03\x3c\x20\
\x05\x0e\x39\x05\x09\x06\x2e\x03\x47\x20\x05\x05\x06\x03\x3c\x20\x05\x0e\x39\
\x05\x09\x06\x2e\x03\x47\x20\x05\x05\x06\x03\x3c\x20\x05\x0e\x39\x05\x09\x06\
\x2e\x03\x47\x20\x05\x05\x06\x03\x3c\x20\x05\x0e\x39\x05\x09\x06\x2e\x03\x47\
\x20\x05\x05\x06\x03\x3c\x20\x05\x0e\x39\x05\x09\x06\x2e\x03\x47\x20\x05\x05\
\x06\x03\x3c\x20\x05\x0e\x39\x05\x09\x06\x2e\x03\x47\x20\x05\x05\x06\x03\x3c\
\x20\x05\x0e\x39\x05\x09\x06\x2e\x03\x47\x20\x05\x05\x06\x03\x3c\x20\x05\x0e\
\x39\x05\x09\x06\x2e\x03\x47\x20\x05\x05\x06\x03\x3c\x20\x05\x0e\x39\x05\x09\
\x06\x2e\x03\x47\x20\x05\x05\x06\x03\x3c\x20\x05\x0e\x39\x05\x09\x06\x2e\x03\
\x47\x20\x05\x05\x06\x03\x3c\x20\x05\x0e\x39\x05\x09\x06\x2e\x03\x47\x20\x05\
\x05\x06\x03\x3c\x20\x05\x0e\x39\x05\x09\x06\x2e\x03\x47\x20\x05\x05\x06\x03\
\x3c\x20\x05\x0e\x39\x05\x09\x06\x2e\x03\x47\x20\x05\x05\x06\x03\x3c\x20\x05\
\x0e\x39\x05\x09\x06\x2e\x03\x47\x20\x05\x05\x06\x03\x3c\x20\x05\x0e\x39\x05\
\x09\x06\x2e\x03\x47\x20\x05\x05\x06\x03\x3c\x20\x05\x0e\x39\x05\x09\x06\x2e\
\x03\x47\x20\x05\x05\x06\x03\x3c\x20\x05\x0e\x39\x05\x09\x06\x2e\x03\x47\x20\
\x05\x05\x06\x03\x3c\x20\x05\x0e\x39\x05\x09\x06\x2e\x03\x47\x20\x05\x05\x06\
\x03\x3c\x20\x05\x0e\x39\x05\x09\x06\x2e\x03\x47\x20\x05\x05\x06\x03\x3c\x20\
\x05\x0e\x39\x05\x09\x06\x2e\x03\x47\x20\x05\x05\x06\x03\x3c\x20\x05\x0e\x39\
\x05\x09\x06\x2e\x03\x47\x20\x05\x05\x06\x03\x3c\x20\x05\x0e\x39\x05\x09\x06\
\x2e\x03\x47\x20\x05\x05\x06\x03\x3c\x20\x05\x1d\x3f\x05\x21\x21\x05\x14\x23\
\x05\x07\x06\x3c\x03\xbd\x7f\x20\x03\xc3\0\x20\x05\x1d\x06\x27\x05\x21\x06\x20\
\x05\x17\x2e\x05\x07\x06\x21\x06\x03\xb5\x7f\x20\x03\xcb\0\x2e\x03\xb5\x7f\x20\
\x03\xcb\0\x2e\x03\xb5\x7f\x20\x05\x09\x06\x03\xd7\0\x20\x05\x0a\x22\x05\x01\
\x3d\x02\x01\0\x01\x01\x2f\x68\x6f\x6d\x65\x2f\x76\x6c\x61\x64\x69\x6d\x69\x72\
\x6f\x2f\x78\x64\x70\x2d\x63\x6c\x6f\x6e\x65\x2f\x74\x63\x2d\x63\x6c\x6f\x6e\
\x65\x2d\x74\x73\x74\x61\x6d\x70\0\x2f\x75\x73\x72\x2f\x69\x6e\x63\x6c\x75\x64\
\x65\x2f\x61\x73\x6d\x2d\x67\x65\x6e\x65\x72\x69\x63\0\x2f\x75\x73\x72\x2f\x69\
\x6e\x63\x6c\x75\x64\x65\x2f\x6c\x69\x6e\x75\x78\0\x2f\x75\x73\x72\x2f\x69\x6e\
\x63\x6c\x75\x64\x65\x2f\x62\x70\x66\0\x74\x63\x5f\x63\x6c\x6f\x6e\x65\x2e\x62\
\x70\x66\x2e\x63\0\x69\x6e\x74\x2d\x6c\x6c\x36\x34\x2e\x68\0\x62\x70\x66\x2e\
\x68\0\x74\x79\x70\x65\x73\x2e\x68\0\x62\x70\x66\x5f\x68\x65\x6c\x70\x65\x72\
\x5f\x64\x65\x66\x73\x2e\x68\0\x69\x6e\x2e\x68\0\x69\x66\x5f\x65\x74\x68\x65\
\x72\x2e\x68\0\x69\x70\x2e\x68\0\x75\x64\x70\x2e\x68\0\0\0\0\0\0\0\0\0\0\0\0\0\
\0\0\0\0\0\0\0\0\0\0\0\0\0\0\0\0\0\0\0\xd3\0\0\0\x04\0\xf1\xff\0\0\0\0\0\0\0\0\
\0\0\0\0\0\0\0\0\0\0\0\0\x03\0\x03\0\0\0\0\0\0\0\0\0\0\0\0\0\0\0\0\0\x09\x01\0\
\0\0\0\x03\0\xd8\x71\0\0\0\0\0\0\0\0\0\0\0\0\0\0\x12\x01\0\0\0\0\x03\0\x18\x71\
\0\0\0\0\0\0\0\0\0\0\0\0\0\0\0\0\0\0\x03\0\x07\0\0\0\0\0\0\0\0\0\0\0\0\0\0\0\0\
\0\0\0\0\0\x03\0\x08\0\0\0\0\0\0\0\0\0\0\0\0\0\0\0\0\0\0\0\0\0\x03\0\x0b\0\0\0\
\0\0\0\0\0\0\0\0\0\0\0\0\0\0\0\0\0\0\x03\0\x0d\0\0\0\0\0\0\0\0\0\0\0\0\0\0\0\0\
\0\0\0\0\0\x03\0\x0e\0\0\0\0\0\0\0\0\0\0\0\0\0\0\0\0\0\0\0\0\0\x03\0\x14\0\0\0\
\0\0\0\0\0\0\0\0\0\0\0\0\0\0\0\0\0\0\x03\0\x16\0\0\0\0\0\0\0\0\0\0\0\0\0\0\0\0\
\0\0\0\0\0\x03\0\x18\0\0\0\0\0\0\0\0\0\0\0\0\0\0\0\0\0\xa2\0\0\0\x12\0\x03\0\0\
\0\0\0\0\0\0\0\xe0\x71\0\0\0\0\0\0\x9a\0\0\0\x11\0\x06\0\0\0\0\0\0\0\0\0\x08\0\
\0\0\0\0\0\0\x01\x01\0\0\x11\0\x05\0\0\0\0\0\0\0\0\0\x04\0\0\0\0\0\0\0\x10\x01\
\0\0\0\0\0\0\x01\0\0\0\x0e\0\0\0\x08\0\0\0\0\0\0\0\x03\0\0\0\x06\0\0\0\x11\0\0\
\0\0\0\0\0\x03\0\0\0\x07\0\0\0\x15\0\0\0\0\0\0\0\x03\0\0\0\x0b\0\0\0\x1f\0\0\0\
\0\0\0\0\x03\0\0\0\x09\0\0\0\x23\0\0\0\0\0\0\0\x03\0\0\0\x05\0\0\0\x08\0\0\0\0\
\0\0\0\x03\0\0\0\x08\0\0\0\x0c\0\0\0\0\0\0\0\x03\0\0\0\x08\0\0\0\x10\0\0\0\0\0\
\0\0\x03\0\0\0\x08\0\0\0\x14\0\0\0\0\0\0\0\x03\0\0\0\x08\0\0\0\x18\0\0\0\0\0\0\
\0\x03\0\0\0\x08\0\0\0\x1c\0\0\0\0\0\0\0\x03\0\0\0\x08\0\0\0\x20\0\0\0\0\0\0\0\
\x03\0\0\0\x08\0\0\0\x24\0\0\0\0\0\0\0\x03\0\0\0\x08\0\0\0\x28\0\0\0\0\0\0\0\
\x03\0\0\0\x08\0\0\0\x2c\0\0\0\0\0\0\0\x03\0\0\0\x08\0\0\0\x30\0\0\0\0\0\0\0\
\x03\0\0\0\x08\0\0\0\x34\0\0\0\0\0\0\0\x03\0\0\0\x08\0\0\0\x38\0\0\0\0\0\0\0\
\x03\0\0\0\x08\0\0\0\x3c\0\0\0\0\0\0\0\x03\0\0\0\x08\0\0\0\x40\0\0\0\0\0\0\0\
\x03\0\0\0\x08\0\0\0\x44\0\0\0\0\0\0\0\x03\0\0\0\x08\0\0\0\x48\0\0\0\0\0\0\0\
\x03\0\0\0\x08\0\0\0\x4c\0\0\0\0\0\0\0\x03\0\0\0\x08\0\0\0\x50\0\0\0\0\0\0\0\
\x03\0\0\0\x08\0\0\0\x54\0\0\0\0\0\0\0\x03\0\0\0\x08\0\0\0\x58\0\0\0\0\0\0\0\
\x03\0\0\0\x08\0\0\0\x5c\0\0\0\0\0\0\0\x03\0\0\0\x08\0\0\0\x60\0\0\0\0\0\0\0\
\x03\0\0\0\x08\0\0\0\x64\0\0\0\0\0\0\0\x03\0\0\0\x08\0\0\0\x68\0\0\0\0\0\0\0\
\x03\0\0\0\x08\0\0\0\x6c\0\0\0\0\0\0\0\x03\0\0\0\x08\0\0\0\x70\0\0\0\0\0\0\0\
\x03\0\0\0\x08\0\0\0\x74\0\0\0\0\0\0\0\x03\0\0\0\x08\0\0\0\x78\0\0\0\0\0\0\0\
\x03\0\0\0\x08\0\0\0\x7c\0\0\0\0\0\0\0\x03\0\0\0\x08\0\0\0\x80\0\0\0\0\0\0\0\
\x03\0\0\0\x08\0\0\0\x84\0\0\0\0\0\0\0\x03\0\0\0\x08\0\0\0\x88\0\0\0\0\0\0\0\
\x03\0\0\0\x08\0\0\0\x8c\0\0\0\0\0\0\0\x03\0\0\0\x08\0\0\0\x90\0\0\0\0\0\0\0\
\x03\0\0\0\x08\0\0\0\x94\0\0\0\0\0\0\0\x03\0\0\0\x08\0\0\0\x98\0\0\0\0\0\0\0\
\x03\0\0\0\x08\0\0\0\x9c\0\0\0\0\0\0\0\x03\0\0\0\x08\0\0\0\xa0\0\0\0\0\0\0\0\
\x03\0\0\0\x08\0\0\0\xa4\0\0\0\0\0\0\0\x03\0\0\0\x08\0\0\0\xa8\0\0\0\0\0\0\0\
\x03\0\0\0\x08\0\0\0\xac\0\0\0\0\0\0\0\x03\0\0\0\x08\0\0\0\xb0\0\0\0\0\0\0\0\
\x03\0\0\0\x08\0\0\0\xb4\0\0\0\0\0\0\0\x03\0\0\0\x08\0\0\0\xb8\0\0\0\0\0\0\0\
\x03\0\0\0\x08\0\0\0\xbc\0\0\0\0\0\0\0\x03\0\0\0\x08\0\0\0\xc0\0\0\0\0\0\0\0\
\x03\0\0\0\x08\0\0\0\xc4\0\0\0\0\0\0\0\x03\0\0\0\x08\0\0\0\xc8\0\0\0\0\0\0\0\
\x03\0\0\0\x08\0\0\0\xcc\0\0\0\0\0\0\0\x03\0\0\0\x08\0\0\0\xd0\0\0\0\0\0\0\0\
\x03\0\0\0\x08\0\0\0\xd4\0\0\0\0\0\0\0\x03\0\0\0\x08\0\0\0\xd8\0\0\0\0\0\0\0\
\x03\0\0\0\x08\0\0\0\xdc\0\0\0\0\0\0\0\x03\0\0\0\x08\0\0\0\xe0\0\0\0\0\0\0\0\
\x03\0\0\0\x08\0\0\0\xe4\0\0\0\0\0\0\0\x03\0\0\0\x08\0\0\0\xe8\0\0\0\0\0\0\0\
\x03\0\0\0\x08\0\0\0\xec\0\0\0\0\0\0\0\x03\0\0\0\x08\0\0\0\xf0\0\0\0\0\0\0\0\
\x03\0\0\0\x08\0\0\0\xf4\0\0\0\0\0\0\0\x03\0\0\0\x08\0\0\0\xf8\0\0\0\0\0\0\0\
\x03\0\0\0\x08\0\0\0\xfc\0\0\0\0\0\0\0\x03\0\0\0\x08\0\0\0\0\x01\0\0\0\0\0\0\
\x03\0\0\0\x08\0\0\0\x04\x01\0\0\0\0\0\0\x03\0\0\0\x08\0\0\0\x08\x01\0\0\0\0\0\
\0\x03\0\0\0\x08\0\0\0\x0c\x01\0\0\0\0\0\0\x03\0\0\0\x08\0\0\0\x10\x01\0\0\0\0\
\0\0\x03\0\0\0\x08\0\0\0\x14\x01\0\0\0\0\0\0\x03\0\0\0\x08\0\0\0\x18\x01\0\0\0\
\0\0\0\x03\0\0\0\x08\0\0\0\x1c\x01\0\0\0\0\0\0\x03\0\0\0\x08\0\0\0\x20\x01\0\0\
\0\0\0\0\x03\0\0\0\x08\0\0\0\x24\x01\0\0\0\0\0\0\x03\0\0\0\x08\0\0\0\x28\x01\0\
\0\0\0\0\0\x03\0\0\0\x08\0\0\0\x2c\x01\0\0\0\0\0\0\x03\0\0\0\x08\0\0\0\x30\x01\
\0\0\0\0\0\0\x03\0\0\0\x08\0\0\0\x34\x01\0\0\0\0\0\0\x03\0\0\0\x08\0\0\0\x38\
\x01\0\0\0\0\0\0\x03\0\0\0\x08\0\0\0\x3c\x01\0\0\0\0\0\0\x03\0\0\0\x08\0\0\0\
\x40\x01\0\0\0\0\0\0\x03\0\0\0\x08\0\0\0\x44\x01\0\0\0\0\0\0\x03\0\0\0\x08\0\0\
\0\x48\x01\0\0\0\0\0\0\x03\0\0\0\x08\0\0\0\x4c\x01\0\0\0\0\0\0\x03\0\0\0\x08\0\
\0\0\x50\x01\0\0\0\0\0\0\x03\0\0\0\x08\0\0\0\x54\x01\0\0\0\0\0\0\x03\0\0\0\x08\
\0\0\0\x58\x01\0\0\0\0\0\0\x03\0\0\0\x08\0\0\0\x5c\x01\0\0\0\0\0\0\x03\0\0\0\
\x08\0\0\0\x60\x01\0\0\0\0\0\0\x03\0\0\0\x08\0\0\0\x64\x01\0\0\0\0\0\0\x03\0\0\
\0\x08\0\0\0\x68\x01\0\0\0\0\0\0\x03\0\0\0\x08\0\0\0\x6c\x01\0\0\0\0\0\0\x03\0\
\0\0\x08\0\0\0\x70\x01\0\0\0\0\0\0\x03\0\0\0\x08\0\0\0\x74\x01\0\0\0\0\0\0\x03\
\0\0\0\x08\0\0\0\x78\x01\0\0\0\0\0\0\x03\0\0\0\x08\0\0\0\x7c\x01\0\0\0\0\0\0\
\x03\0\0\0\x08\0\0\0\x80\x01\0\0\0\0\0\0\x03\0\0\0\x08\0\0\0\x84\x01\0\0\0\0\0\
\0\x03\0\0\0\x08\0\0\0\x88\x01\0\0\0\0\0\0\x03\0\0\0\x08\0\0\0\x8c\x01\0\0\0\0\
\0\0\x03\0\0\0\x08\0\0\0\x90\x01\0\0\0\0\0\0\x03\0\0\0\x08\0\0\0\x94\x01\0\0\0\
\0\0\0\x03\0\0\0\x08\0\0\0\x98\x01\0\0\0\0\0\0\x03\0\0\0\x08\0\0\0\x9c\x01\0\0\
\0\0\0\0\x03\0\0\0\x08\0\0\0\xa0\x01\0\0\0\0\0\0\x03\0\0\0\x08\0\0\0\xa4\x01\0\
\0\0\0\0\0\x03\0\0\0\x08\0\0\0\xa8\x01\0\0\0\0\0\0\x03\0\0\0\x08\0\0\0\xac\x01\
\0\0\0\0\0\0\x03\0\0\0\x08\0\0\0\xb0\x01\0\0\0\0\0\0\x03\0\0\0\x08\0\0\0\xb4\
\x01\0\0\0\0\0\0\x03\0\0\0\x08\0\0\0\xb8\x01\0\0\0\0\0\0\x03\0\0\0\x08\0\0\0\
\xbc\x01\0\0\0\0\0\0\x03\0\0\0\x08\0\0\0\xc0\x01\0\0\0\0\0\0\x03\0\0\0\x08\0\0\
\0\xc4\x01\0\0\0\0\0\0\x03\0\0\0\x08\0\0\0\xc8\x01\0\0\0\0\0\0\x03\0\0\0\x08\0\
\0\0\xcc\x01\0\0\0\0\0\0\x03\0\0\0\x08\0\0\0\xd0\x01\0\0\0\0\0\0\x03\0\0\0\x08\
\0\0\0\xd4\x01\0\0\0\0\0\0\x03\0\0\0\x08\0\0\0\xd8\x01\0\0\0\0\0\0\x03\0\0\0\
\x08\0\0\0\xdc\x01\0\0\0\0\0\0\x03\0\0\0\x08\0\0\0\xe0\x01\0\0\0\0\0\0\x03\0\0\
\0\x08\0\0\0\xe4\x01\0\0\0\0\0\0\x03\0\0\0\x08\0\0\0\xe8\x01\0\0\0\0\0\0\x03\0\
\0\0\x08\0\0\0\xec\x01\0\0\0\0\0\0\x03\0\0\0\x08\0\0\0\xf0\x01\0\0\0\0\0\0\x03\
\0\0\0\x08\0\0\0\xf4\x01\0\0\0\0\0\0\x03\0\0\0\x08\0\0\0\xf8\x01\0\0\0\0\0\0\
\x03\0\0\0\x08\0\0\0\xfc\x01\0\0\0\0\0\0\x03\0\0\0\x08\0\0\0\0\x02\0\0\0\0\0\0\
\x03\0\0\0\x08\0\0\0\x04\x02\0\0\0\0\0\0\x03\0\0\0\x08\0\0\0\x08\x02\0\0\0\0\0\
\0\x03\0\0\0\x08\0\0\0\x0c\x02\0\0\0\0\0\0\x03\0\0\0\x08\0\0\0\x10\x02\0\0\0\0\
\0\0\x03\0\0\0\x08\0\0\0\x14\x02\0\0\0\0\0\0\x03\0\0\0\x08\0\0\0\x18\x02\0\0\0\
\0\0\0\x03\0\0\0\x08\0\0\0\x1c\x02\0\0\0\0\0\0\x03\0\0\0\x08\0\0\0\x20\x02\0\0\
\0\0\0\0\x03\0\0\0\x08\0\0\0\x24\x02\0\0\0\0\0\0\x03\0\0\0\x08\0\0\0\x28\x02\0\
\0\0\0\0\0\x03\0\0\0\x08\0\0\0\x2c\x02\0\0\0\0\0\0\x03\0\0\0\x08\0\0\0\x30\x02\
\0\0\0\0\0\0\x03\0\0\0\x08\0\0\0\x34\x02\0\0\0\0\0\0\x03\0\0\0\x08\0\0\0\x38\
\x02\0\0\0\0\0\0\x03\0\0\0\x08\0\0\0\x3c\x02\0\0\0\0\0\0\x03\0\0\0\x08\0\0\0\
\x40\x02\0\0\0\0\0\0\x03\0\0\0\x08\0\0\0\x44\x02\0\0\0\0\0\0\x03\0\0\0\x08\0\0\
\0\x08\0\0\0\0\0\0\0\x02\0\0\0\x0f\0\0\0\x10\0\0\0\0\0\0\0\x02\0\0\0\x0e\0\0\0\
\x18\0\0\0\0\0\0\0\x02\0\0\0\x02\0\0\0\x20\0\0\0\0\0\0\0\x02\0\0\0\x02\0\0\0\
\x2c\x03\0\0\0\0\0\0\x04\0\0\0\x0e\0\0\0\x44\x03\0\0\0\0\0\0\x04\0\0\0\x0f\0\0\
\0\x2c\0\0\0\0\0\0\0\x04\0\0\0\x02\0\0\0\x40\0\0\0\0\0\0\0\x04\0\0\0\x02\0\0\0\
\x50\0\0\0\0\0\0\0\x04\0\0\0\x02\0\0\0\x60\0\0\0\0\0\0\0\x04\0\0\0\x02\0\0\0\
\x70\0\0\0\0\0\0\0\x04\0\0\0\x02\0\0\0\x80\0\0\0\0\0\0\0\x04\0\0\0\x02\0\0\0\
\x90\0\0\0\0\0\0\0\x04\0\0\0\x02\0\0\0\xa0\0\0\0\0\0\0\0\x04\0\0\0\x02\0\0\0\
\xb0\0\0\0\0\0\0\0\x04\0\0\0\x02\0\0\0\xc0\0\0\0\0\0\0\0\x04\0\0\0\x02\0\0\0\
\xd0\0\0\0\0\0\0\0\x04\0\0\0\x02\0\0\0\xe0\0\0\0\0\0\0\0\x04\0\0\0\x02\0\0\0\
\xf0\0\0\0\0\0\0\0\x04\0\0\0\x02\0\0\0\0\x01\0\0\0\0\0\0\x04\0\0\0\x02\0\0\0\
\x10\x01\0\0\0\0\0\0\x04\0\0\0\x02\0\0\0\x20\x01\0\0\0\0\0\0\x04\0\0\0\x02\0\0\
\0\x30\x01\0\0\0\0\0\0\x04\0\0\0\x02\0\0\0\x40\x01\0\0\0\0\0\0\x04\0\0\0\x02\0\
\0\0\x50\x01\0\0\0\0\0\0\x04\0\0\0\x02\0\0\0\x60\x01\0\0\0\0\0\0\x04\0\0\0\x02\
\0\0\0\x70\x01\0\0\0\0\0\0\x04\0\0\0\x02\0\0\0\x80\x01\0\0\0\0\0\0\x04\0\0\0\
\x02\0\0\0\x90\x01\0\0\0\0\0\0\x04\0\0\0\x02\0\0\0\xa0\x01\0\0\0\0\0\0\x04\0\0\
\0\x02\0\0\0\xb0\x01\0\0\0\0\0\0\x04\0\0\0\x02\0\0\0\xc0\x01\0\0\0\0\0\0\x04\0\
\0\0\x02\0\0\0\xd0\x01\0\0\0\0\0\0\x04\0\0\0\x02\0\0\0\xe0\x01\0\0\0\0\0\0\x04\
\0\0\0\x02\0\0\0\xf0\x01\0\0\0\0\0\0\x04\0\0\0\x02\0\0\0\0\x02\0\0\0\0\0\0\x04\
\0\0\0\x02\0\0\0\x10\x02\0\0\0\0\0\0\x04\0\0\0\x02\0\0\0\x20\x02\0\0\0\0\0\0\
\x04\0\0\0\x02\0\0\0\x30\x02\0\0\0\0\0\0\x04\0\0\0\x02\0\0\0\x40\x02\0\0\0\0\0\
\0\x04\0\0\0\x02\0\0\0\x50\x02\0\0\0\0\0\0\x04\0\0\0\x02\0\0\0\x60\x02\0\0\0\0\
\0\0\x04\0\0\0\x02\0\0\0\x70\x02\0\0\0\0\0\0\x04\0\0\0\x02\0\0\0\x80\x02\0\0\0\
\0\0\0\x04\0\0\0\x02\0\0\0\x90\x02\0\0\0\0\0\0\x04\0\0\0\x02\0\0\0\xa0\x02\0\0\
\0\0\0\0\x04\0\0\0\x02\0\0\0\xb0\x02\0\0\0\0\0\0\x04\0\0\0\x02\0\0\0\xc0\x02\0\
\0\0\0\0\0\x04\0\0\0\x02\0\0\0\xd0\x02\0\0\0\0\0\0\x04\0\0\0\x02\0\0\0\xe0\x02\
\0\0\0\0\0\0\x04\0\0\0\x02\0\0\0\xf0\x02\0\0\0\0\0\0\x04\0\0\0\x02\0\0\0\0\x03\
\0\0\0\0\0\0\x04\0\0\0\x02\0\0\0\x10\x03\0\0\0\0\0\0\x04\0\0\0\x02\0\0\0\x20\
\x03\0\0\0\0\0\0\x04\0\0\0\x02\0\0\0\x30\x03\0\0\0\0\0\0\x04\0\0\0\x02\0\0\0\
\x40\x03\0\0\0\0\0\0\x04\0\0\0\x02\0\0\0\x50\x03\0\0\0\0\0\0\x04\0\0\0\x02\0\0\
\0\x60\x03\0\0\0\0\0\0\x04\0\0\0\x02\0\0\0\x70\x03\0\0\0\0\0\0\x04\0\0\0\x02\0\
\0\0\x80\x03\0\0\0\0\0\0\x04\0\0\0\x02\0\0\0\x90\x03\0\0\0\0\0\0\x04\0\0\0\x02\
\0\0\0\xa0\x03\0\0\0\0\0\0\x04\0\0\0\x02\0\0\0\xb0\x03\0\0\0\0\0\0\x04\0\0\0\
\x02\0\0\0\xc0\x03\0\0\0\0\0\0\x04\0\0\0\x02\0\0\0\xd0\x03\0\0\0\0\0\0\x04\0\0\
\0\x02\0\0\0\xe0\x03\0\0\0\0\0\0\x04\0\0\0\x02\0\0\0\xf0\x03\0\0\0\0\0\0\x04\0\
\0\0\x02\0\0\0\0\x04\0\0\0\0\0\0\x04\0\0\0\x02\0\0\0\x10\x04\0\0\0\0\0\0\x04\0\
\0\0\x02\0\0\0\x20\x04\0\0\0\0\0\0\x04\0\0\0\x02\0\0\0\x30\x04\0\0\0\0\0\0\x04\
\0\0\0\x02\0\0\0\x40\x04\0\0\0\0\0\0\x04\0\0\0\x02\0\0\0\x50\x04\0\0\0\0\0\0\
\x04\0\0\0\x02\0\0\0\x60\x04\0\0\0\0\0\0\x04\0\0\0\x02\0\0\0\x70\x04\0\0\0\0\0\
\0\x04\0\0\0\x02\0\0\0\x80\x04\0\0\0\0\0\0\x04\0\0\0\x02\0\0\0\x90\x04\0\0\0\0\
\0\0\x04\0\0\0\x02\0\0\0\xa0\x04\0\0\0\0\0\0\x04\0\0\0\x02\0\0\0\xb0\x04\0\0\0\
\0\0\0\x04\0\0\0\x02\0\0\0\xc0\x04\0\0\0\0\0\0\x04\0\0\0\x02\0\0\0\xd0\x04\0\0\
\0\0\0\0\x04\0\0\0\x02\0\0\0\xe0\x04\0\0\0\0\0\0\x04\0\0\0\x02\0\0\0\xf0\x04\0\
\0\0\0\0\0\x04\0\0\0\x02\0\0\0\0\x05\0\0\0\0\0\0\x04\0\0\0\x02\0\0\0\x10\x05\0\
\0\0\0\0\0\x04\0\0\0\x02\0\0\0\x20\x05\0\0\0\0\0\0\x04\0\0\0\x02\0\0\0\x30\x05\
\0\0\0\0\0\0\x04\0\0\0\x02\0\0\0\x40\x05\0\0\0\0\0\0\x04\0\0\0\x02\0\0\0\x50\
\x05\0\0\0\0\0\0\x04\0\0\0\x02\0\0\0\x60\x05\0\0\0\0\0\0\x04\0\0\0\x02\0\0\0\
\x70\x05\0\0\0\0\0\0\x04\0\0\0\x02\0\0\0\x80\x05\0\0\0\0\0\0\x04\0\0\0\x02\0\0\
\0\x90\x05\0\0\0\0\0\0\x04\0\0\0\x02\0\0\0\xa0\x05\0\0\0\0\0\0\x04\0\0\0\x02\0\
\0\0\xb0\x05\0\0\0\0\0\0\x04\0\0\0\x02\0\0\0\xc0\x05\0\0\0\0\0\0\x04\0\0\0\x02\
\0\0\0\xd0\x05\0\0\0\0\0\0\x04\0\0\0\x02\0\0\0\xe0\x05\0\0\0\0\0\0\x04\0\0\0\
\x02\0\0\0\xf0\x05\0\0\0\0\0\0\x04\0\0\0\x02\0\0\0\0\x06\0\0\0\0\0\0\x04\0\0\0\
\x02\0\0\0\x10\x06\0\0\0\0\0\0\x04\0\0\0\x02\0\0\0\x20\x06\0\0\0\0\0\0\x04\0\0\
\0\x02\0\0\0\x30\x06\0\0\0\0\0\0\x04\0\0\0\x02\0\0\0\x40\x06\0\0\0\0\0\0\x04\0\
\0\0\x02\0\0\0\x50\x06\0\0\0\0\0\0\x04\0\0\0\x02\0\0\0\x60\x06\0\0\0\0\0\0\x04\
\0\0\0\x02\0\0\0\x70\x06\0\0\0\0\0\0\x04\0\0\0\x02\0\0\0\x80\x06\0\0\0\0\0\0\
\x04\0\0\0\x02\0\0\0\x90\x06\0\0\0\0\0\0\x04\0\0\0\x02\0\0\0\xa0\x06\0\0\0\0\0\
\0\x04\0\0\0\x02\0\0\0\xb0\x06\0\0\0\0\0\0\x04\0\0\0\x02\0\0\0\xc0\x06\0\0\0\0\
\0\0\x04\0\0\0\x02\0\0\0\xd0\x06\0\0\0\0\0\0\x04\0\0\0\x02\0\0\0\xe0\x06\0\0\0\
\0\0\0\x04\0\0\0\x02\0\0\0\xf0\x06\0\0\0\0\0\0\x04\0\0\0\x02\0\0\0\0\x07\0\0\0\
\0\0\0\x04\0\0\0\x02\0\0\0\x10\x07\0\0\0\0\0\0\x04\0\0\0\x02\0\0\0\x20\x07\0\0\
\0\0\0\0\x04\0\0\0\x02\0\0\0\x30\x07\0\0\0\0\0\0\x04\0\0\0\x02\0\0\0\x40\x07\0\
\0\0\0\0\0\x04\0\0\0\x02\0\0\0\x50\x07\0\0\0\0\0\0\x04\0\0\0\x02\0\0\0\x60\x07\
\0\0\0\0\0\0\x04\0\0\0\x02\0\0\0\x70\x07\0\0\0\0\0\0\x04\0\0\0\x02\0\0\0\x80\
\x07\0\0\0\0\0\0\x04\0\0\0\x02\0\0\0\x90\x07\0\0\0\0\0\0\x04\0\0\0\x02\0\0\0\
\xa0\x07\0\0\0\0\0\0\x04\0\0\0\x02\0\0\0\xb0\x07\0\0\0\0\0\0\x04\0\0\0\x02\0\0\
\0\xc0\x07\0\0\0\0\0\0\x04\0\0\0\x02\0\0\0\xd0\x07\0\0\0\0\0\0\x04\0\0\0\x02\0\
\0\0\xe0\x07\0\0\0\0\0\0\x04\0\0\0\x02\0\0\0\xf0\x07\0\0\0\0\0\0\x04\0\0\0\x02\
\0\0\0\0\x08\0\0\0\0\0\0\x04\0\0\0\x02\0\0\0\x10\x08\0\0\0\0\0\0\x04\0\0\0\x02\
\0\0\0\x20\x08\0\0\0\0\0\0\x04\0\0\0\x02\0\0\0\x30\x08\0\0\0\0\0\0\x04\0\0\0\
\x02\0\0\0\x40\x08\0\0\0\0\0\0\x04\0\0\0\x02\0\0\0\x50\x08\0\0\0\0\0\0\x04\0\0\
\0\x02\0\0\0\x60\x08\0\0\0\0\0\0\x04\0\0\0\x02\0\0\0\x70\x08\0\0\0\0\0\0\x04\0\
\0\0\x02\0\0\0\x80\x08\0\0\0\0\0\0\x04\0\0\0\x02\0\0\0\x90\x08\0\0\0\0\0\0\x04\
\0\0\0\x02\0\0\0\xa0\x08\0\0\0\0\0\0\x04\0\0\0\x02\0\0\0\xb0\x08\0\0\0\0\0\0\
\x04\0\0\0\x02\0\0\0\xc0\x08\0\0\0\0\0\0\x04\0\0\0\x02\0\0\0\xd0\x08\0\0\0\0\0\
\0\x04\0\0\0\x02\0\0\0\xe0\x08\0\0\0\0\0\0\x04\0\0\0\x02\0\0\0\xf0\x08\0\0\0\0\
\0\0\x04\0\0\0\x02\0\0\0\0\x09\0\0\0\0\0\0\x04\0\0\0\x02\0\0\0\x10\x09\0\0\0\0\
\0\0\x04\0\0\0\x02\0\0\0\x20\x09\0\0\0\0\0\0\x04\0\0\0\x02\0\0\0\x30\x09\0\0\0\
\0\0\0\x04\0\0\0\x02\0\0\0\x40\x09\0\0\0\0\0\0\x04\0\0\0\x02\0\0\0\x50\x09\0\0\
\0\0\0\0\x04\0\0\0\x02\0\0\0\x60\x09\0\0\0\0\0\0\x04\0\0\0\x02\0\0\0\x70\x09\0\
\0\0\0\0\0\x04\0\0\0\x02\0\0\0\x80\x09\0\0\0\0\0\0\x04\0\0\0\x02\0\0\0\x90\x09\
\0\0\0\0\0\0\x04\0\0\0\x02\0\0\0\xa0\x09\0\0\0\0\0\0\x04\0\0\0\x02\0\0\0\xb0\
\x09\0\0\0\0\0\0\x04\0\0\0\x02\0\0\0\xc0\x09\0\0\0\0\0\0\x04\0\0\0\x02\0\0\0\
\xd0\x09\0\0\0\0\0\0\x04\0\0\0\x02\0\0\0\xe0\x09\0\0\0\0\0\0\x04\0\0\0\x02\0\0\
\0\xf0\x09\0\0\0\0\0\0\x04\0\0\0\x02\0\0\0\0\x0a\0\0\0\0\0\0\x04\0\0\0\x02\0\0\
\0\x10\x0a\0\0\0\0\0\0\x04\0\0\0\x02\0\0\0\x20\x0a\0\0\0\0\0\0\x04\0\0\0\x02\0\
\0\0\x30\x0a\0\0\0\0\0\0\x04\0\0\0\x02\0\0\0\x40\x0a\0\0\0\0\0\0\x04\0\0\0\x02\
\0\0\0\x50\x0a\0\0\0\0\0\0\x04\0\0\0\x02\0\0\0\x60\x0a\0\0\0\0\0\0\x04\0\0\0\
\x02\0\0\0\x70\x0a\0\0\0\0\0\0\x04\0\0\0\x02\0\0\0\x80\x0a\0\0\0\0\0\0\x04\0\0\
\0\x02\0\0\0\x90\x0a\0\0\0\0\0\0\x04\0\0\0\x02\0\0\0\xa0\x0a\0\0\0\0\0\0\x04\0\
\0\0\x02\0\0\0\xb0\x0a\0\0\0\0\0\0\x04\0\0\0\x02\0\0\0\xc0\x0a\0\0\0\0\0\0\x04\
\0\0\0\x02\0\0\0\xd0\x0a\0\0\0\0\0\0\x04\0\0\0\x02\0\0\0\xe0\x0a\0\0\0\0\0\0\
\x04\0\0\0\x02\0\0\0\xf0\x0a\0\0\0\0\0\0\x04\0\0\0\x02\0\0\0\0\x0b\0\0\0\0\0\0\
\x04\0\0\0\x02\0\0\0\x10\x0b\0\0\0\0\0\0\x04\0\0\0\x02\0\0\0\x20\x0b\0\0\0\0\0\
\0\x04\0\0\0\x02\0\0\0\x30\x0b\0\0\0\0\0\0\x04\0\0\0\x02\0\0\0\x40\x0b\0\0\0\0\
\0\0\x04\0\0\0\x02\0\0\0\x50\x0b\0\0\0\0\0\0\x04\0\0\0\x02\0\0\0\x60\x0b\0\0\0\
\0\0\0\x04\0\0\0\x02\0\0\0\x70\x0b\0\0\0\0\0\0\x04\0\0\0\x02\0\0\0\x80\x0b\0\0\
\0\0\0\0\x04\0\0\0\x02\0\0\0\x90\x0b\0\0\0\0\0\0\x04\0\0\0\x02\0\0\0\xa0\x0b\0\
\0\0\0\0\0\x04\0\0\0\x02\0\0\0\xb0\x0b\0\0\0\0\0\0\x04\0\0\0\x02\0\0\0\xc0\x0b\
\0\0\0\0\0\0\x04\0\0\0\x02\0\0\0\xd0\x0b\0\0\0\0\0\0\x04\0\0\0\x02\0\0\0\xe0\
\x0b\0\0\0\0\0\0\x04\0\0\0\x02\0\0\0\xf0\x0b\0\0\0\0\0\0\x04\0\0\0\x02\0\0\0\0\
\x0c\0\0\0\0\0\0\x04\0\0\0\x02\0\0\0\x10\x0c\0\0\0\0\0\0\x04\0\0\0\x02\0\0\0\
\x20\x0c\0\0\0\0\0\0\x04\0\0\0\x02\0\0\0\x30\x0c\0\0\0\0\0\0\x04\0\0\0\x02\0\0\
\0\x40\x0c\0\0\0\0\0\0\x04\0\0\0\x02\0\0\0\x50\x0c\0\0\0\0\0\0\x04\0\0\0\x02\0\
\0\0\x60\x0c\0\0\0\0\0\0\x04\0\0\0\x02\0\0\0\x70\x0c\0\0\0\0\0\0\x04\0\0\0\x02\
\0\0\0\x80\x0c\0\0\0\0\0\0\x04\0\0\0\x02\0\0\0\x90\x0c\0\0\0\0\0\0\x04\0\0\0\
\x02\0\0\0\xa0\x0c\0\0\0\0\0\0\x04\0\0\0\x02\0\0\0\xb0\x0c\0\0\0\0\0\0\x04\0\0\
\0\x02\0\0\0\xc0\x0c\0\0\0\0\0\0\x04\0\0\0\x02\0\0\0\xd0\x0c\0\0\0\0\0\0\x04\0\
\0\0\x02\0\0\0\xe0\x0c\0\0\0\0\0\0\x04\0\0\0\x02\0\0\0\xf0\x0c\0\0\0\0\0\0\x04\
\0\0\0\x02\0\0\0\0\x0d\0\0\0\0\0\0\x04\0\0\0\x02\0\0\0\x10\x0d\0\0\0\0\0\0\x04\
\0\0\0\x02\0\0\0\x20\x0d\0\0\0\0\0\0\x04\0\0\0\x02\0\0\0\x30\x0d\0\0\0\0\0\0\
\x04\0\0\0\x02\0\0\0\x40\x0d\0\0\0\0\0\0\x04\0\0\0\x02\0\0\0\x50\x0d\0\0\0\0\0\
\0\x04\0\0\0\x02\0\0\0\x60\x0d\0\0\0\0\0\0\x04\0\0\0\x02\0\0\0\x70\x0d\0\0\0\0\
\0\0\x04\0\0\0\x02\0\0\0\x80\x0d\0\0\0\0\0\0\x04\0\0\0\x02\0\0\0\x90\x0d\0\0\0\
\0\0\0\x04\0\0\0\x02\0\0\0\xa0\x0d\0\0\0\0\0\0\x04\0\0\0\x02\0\0\0\xb0\x0d\0\0\
\0\0\0\0\x04\0\0\0\x02\0\0\0\xc0\x0d\0\0\0\0\0\0\x04\0\0\0\x02\0\0\0\xd0\x0d\0\
\0\0\0\0\0\x04\0\0\0\x02\0\0\0\xe0\x0d\0\0\0\0\0\0\x04\0\0\0\x02\0\0\0\xf0\x0d\
\0\0\0\0\0\0\x04\0\0\0\x02\0\0\0\0\x0e\0\0\0\0\0\0\x04\0\0\0\x02\0\0\0\x10\x0e\
\0\0\0\0\0\0\x04\0\0\0\x02\0\0\0\x20\x0e\0\0\0\0\0\0\x04\0\0\0\x02\0\0\0\x30\
\x0e\0\0\0\0\0\0\x04\0\0\0\x02\0\0\0\x40\x0e\0\0\0\0\0\0\x04\0\0\0\x02\0\0\0\
\x50\x0e\0\0\0\0\0\0\x04\0\0\0\x02\0\0\0\x60\x0e\0\0\0\0\0\0\x04\0\0\0\x02\0\0\
\0\x70\x0e\0\0\0\0\0\0\x04\0\0\0\x02\0\0\0\x80\x0e\0\0\0\0\0\0\x04\0\0\0\x02\0\
\0\0\x90\x0e\0\0\0\0\0\0\x04\0\0\0\x02\0\0\0\xa0\x0e\0\0\0\0\0\0\x04\0\0\0\x02\
\0\0\0\xb0\x0e\0\0\0\0\0\0\x04\0\0\0\x02\0\0\0\xc0\x0e\0\0\0\0\0\0\x04\0\0\0\
\x02\0\0\0\xd0\x0e\0\0\0\0\0\0\x04\0\0\0\x02\0\0\0\xe0\x0e\0\0\0\0\0\0\x04\0\0\
\0\x02\0\0\0\xf0\x0e\0\0\0\0\0\0\x04\0\0\0\x02\0\0\0\0\x0f\0\0\0\0\0\0\x04\0\0\
\0\x02\0\0\0\x10\x0f\0\0\0\0\0\0\x04\0\0\0\x02\0\0\0\x20\x0f\0\0\0\0\0\0\x04\0\
\0\0\x02\0\0\0\x30\x0f\0\0\0\0\0\0\x04\0\0\0\x02\0\0\0\x40\x0f\0\0\0\0\0\0\x04\
\0\0\0\x02\0\0\0\x50\x0f\0\0\0\0\0\0\x04\0\0\0\x02\0\0\0\x60\x0f\0\0\0\0\0\0\
\x04\0\0\0\x02\0\0\0\x70\x0f\0\0\0\0\0\0\x04\0\0\0\x02\0\0\0\x80\x0f\0\0\0\0\0\
\0\x04\0\0\0\x02\0\0\0\x90\x0f\0\0\0\0\0\0\x04\0\0\0\x02\0\0\0\xa0\x0f\0\0\0\0\
\0\0\x04\0\0\0\x02\0\0\0\xb0\x0f\0\0\0\0\0\0\x04\0\0\0\x02\0\0\0\xc0\x0f\0\0\0\
\0\0\0\x04\0\0\0\x02\0\0\0\xd0\x0f\0\0\0\0\0\0\x04\0\0\0\x02\0\0\0\xe0\x0f\0\0\
\0\0\0\0\x04\0\0\0\x02\0\0\0\xf0\x0f\0\0\0\0\0\0\x04\0\0\0\x02\0\0\0\0\x10\0\0\
\0\0\0\0\x04\0\0\0\x02\0\0\0\x10\x10\0\0\0\0\0\0\x04\0\0\0\x02\0\0\0\x20\x10\0\
\0\0\0\0\0\x04\0\0\0\x02\0\0\0\x30\x10\0\0\0\0\0\0\x04\0\0\0\x02\0\0\0\x40\x10\
\0\0\0\0\0\0\x04\0\0\0\x02\0\0\0\x50\x10\0\0\0\0\0\0\x04\0\0\0\x02\0\0\0\x60\
\x10\0\0\0\0\0\0\x04\0\0\0\x02\0\0\0\x70\x10\0\0\0\0\0\0\x04\0\0\0\x02\0\0\0\
\x80\x10\0\0\0\0\0\0\x04\0\0\0\x02\0\0\0\x90\x10\0\0\0\0\0\0\x04\0\0\0\x02\0\0\
\0\xa0\x10\0\0\0\0\0\0\x04\0\0\0\x02\0\0\0\xb0\x10\0\0\0\0\0\0\x04\0\0\0\x02\0\
\0\0\xc0\x10\0\0\0\0\0\0\x04\0\0\0\x02\0\0\0\xd0\x10\0\0\0\0\0\0\x04\0\0\0\x02\
\0\0\0\xe0\x10\0\0\0\0\0\0\x04\0\0\0\x02\0\0\0\xf0\x10\0\0\0\0\0\0\x04\0\0\0\
\x02\0\0\0\0\x11\0\0\0\0\0\0\x04\0\0\0\x02\0\0\0\x10\x11\0\0\0\0\0\0\x04\0\0\0\
\x02\0\0\0\x20\x11\0\0\0\0\0\0\x04\0\0\0\x02\0\0\0\x30\x11\0\0\0\0\0\0\x04\0\0\
\0\x02\0\0\0\x40\x11\0\0\0\0\0\0\x04\0\0\0\x02\0\0\0\x50\x11\0\0\0\0\0\0\x04\0\
\0\0\x02\0\0\0\x60\x11\0\0\0\0\0\0\x04\0\0\0\x02\0\0\0\x70\x11\0\0\0\0\0\0\x04\
\0\0\0\x02\0\0\0\x80\x11\0\0\0\0\0\0\x04\0\0\0\x02\0\0\0\x90\x11\0\0\0\0\0\0\
\x04\0\0\0\x02\0\0\0\xa0\x11\0\0\0\0\0\0\x04\0\0\0\x02\0\0\0\xb0\x11\0\0\0\0\0\
\0\x04\0\0\0\x02\0\0\0\xc0\x11\0\0\0\0\0\0\x04\0\0\0\x02\0\0\0\xd0\x11\0\0\0\0\
\0\0\x04\0\0\0\x02\0\0\0\xe0\x11\0\0\0\0\0\0\x04\0\0\0\x02\0\0\0\xf0\x11\0\0\0\
\0\0\0\x04\0\0\0\x02\0\0\0\0\x12\0\0\0\0\0\0\x04\0\0\0\x02\0\0\0\x10\x12\0\0\0\
\0\0\0\x04\0\0\0\x02\0\0\0\x20\x12\0\0\0\0\0\0\x04\0\0\0\x02\0\0\0\x30\x12\0\0\
\0\0\0\0\x04\0\0\0\x02\0\0\0\x40\x12\0\0\0\0\0\0\x04\0\0\0\x02\0\0\0\x50\x12\0\
\0\0\0\0\0\x04\0\0\0\x02\0\0\0\x60\x12\0\0\0\0\0\0\x04\0\0\0\x02\0\0\0\x70\x12\
\0\0\0\0\0\0\x04\0\0\0\x02\0\0\0\x80\x12\0\0\0\0\0\0\x04\0\0\0\x02\0\0\0\x90\
\x12\0\0\0\0\0\0\x04\0\0\0\x02\0\0\0\xa0\x12\0\0\0\0\0\0\x04\0\0\0\x02\0\0\0\
\xb0\x12\0\0\0\0\0\0\x04\0\0\0\x02\0\0\0\xc0\x12\0\0\0\0\0\0\x04\0\0\0\x02\0\0\
\0\xd0\x12\0\0\0\0\0\0\x04\0\0\0\x02\0\0\0\xe0\x12\0\0\0\0\0\0\x04\0\0\0\x02\0\
\0\0\xf0\x12\0\0\0\0\0\0\x04\0\0\0\x02\0\0\0\0\x13\0\0\0\0\0\0\x04\0\0\0\x02\0\
\0\0\x10\x13\0\0\0\0\0\0\x04\0\0\0\x02\0\0\0\x20\x13\0\0\0\0\0\0\x04\0\0\0\x02\
\0\0\0\x30\x13\0\0\0\0\0\0\x04\0\0\0\x02\0\0\0\x40\x13\0\0\0\0\0\0\x04\0\0\0\
\x02\0\0\0\x50\x13\0\0\0\0\0\0\x04\0\0\0\x02\0\0\0\x60\x13\0\0\0\0\0\0\x04\0\0\
\0\x02\0\0\0\x70\x13\0\0\0\0\0\0\x04\0\0\0\x02\0\0\0\x80\x13\0\0\0\0\0\0\x04\0\
\0\0\x02\0\0\0\x90\x13\0\0\0\0\0\0\x04\0\0\0\x02\0\0\0\xa0\x13\0\0\0\0\0\0\x04\
\0\0\0\x02\0\0\0\xb0\x13\0\0\0\0\0\0\x04\0\0\0\x02\0\0\0\xc0\x13\0\0\0\0\0\0\
\x04\0\0\0\x02\0\0\0\xd0\x13\0\0\0\0\0\0\x04\0\0\0\x02\0\0\0\xe0\x13\0\0\0\0\0\
\0\x04\0\0\0\x02\0\0\0\xf0\x13\0\0\0\0\0\0\x04\0\0\0\x02\0\0\0\0\x14\0\0\0\0\0\
\0\x04\0\0\0\x02\0\0\0\x10\x14\0\0\0\0\0\0\x04\0\0\0\x02\0\0\0\x20\x14\0\0\0\0\
\0\0\x04\0\0\0\x02\0\0\0\x30\x14\0\0\0\0\0\0\x04\0\0\0\x02\0\0\0\x40\x14\0\0\0\
\0\0\0\x04\0\0\0\x02\0\0\0\x50\x14\0\0\0\0\0\0\x04\0\0\0\x02\0\0\0\x60\x14\0\0\
\0\0\0\0\x04\0\0\0\x02\0\0\0\x70\x14\0\0\0\0\0\0\x04\0\0\0\x02\0\0\0\x80\x14\0\
\0\0\0\0\0\x04\0\0\0\x02\0\0\0\x90\x14\0\0\0\0\0\0\x04\0\0\0\x02\0\0\0\xa0\x14\
\0\0\0\0\0\0\x04\0\0\0\x02\0\0\0\xb0\x14\0\0\0\0\0\0\x04\0\0\0\x02\0\0\0\xc0\
\x14\0\0\0\0\0\0\x04\0\0\0\x02\0\0\0\xd0\x14\0\0\0\0\0\0\x04\0\0\0\x02\0\0\0\
\xe0\x14\0\0\0\0\0\0\x04\0\0\0\x02\0\0\0\xf0\x14\0\0\0\0\0\0\x04\0\0\0\x02\0\0\
\0\0\x15\0\0\0\0\0\0\x04\0\0\0\x02\0\0\0\x10\x15\0\0\0\0\0\0\x04\0\0\0\x02\0\0\
\0\x20\x15\0\0\0\0\0\0\x04\0\0\0\x02\0\0\0\x30\x15\0\0\0\0\0\0\x04\0\0\0\x02\0\
\0\0\x40\x15\0\0\0\0\0\0\x04\0\0\0\x02\0\0\0\x50\x15\0\0\0\0\0\0\x04\0\0\0\x02\
\0\0\0\x60\x15\0\0\0\0\0\0\x04\0\0\0\x02\0\0\0\x70\x15\0\0\0\0\0\0\x04\0\0\0\
\x02\0\0\0\x80\x15\0\0\0\0\0\0\x04\0\0\0\x02\0\0\0\x90\x15\0\0\0\0\0\0\x04\0\0\
\0\x02\0\0\0\xa0\x15\0\0\0\0\0\0\x04\0\0\0\x02\0\0\0\xb0\x15\0\0\0\0\0\0\x04\0\
\0\0\x02\0\0\0\xc0\x15\0\0\0\0\0\0\x04\0\0\0\x02\0\0\0\xd0\x15\0\0\0\0\0\0\x04\
\0\0\0\x02\0\0\0\xe0\x15\0\0\0\0\0\0\x04\0\0\0\x02\0\0\0\xf0\x15\0\0\0\0\0\0\
\x04\0\0\0\x02\0\0\0\0\x16\0\0\0\0\0\0\x04\0\0\0\x02\0\0\0\x10\x16\0\0\0\0\0\0\
\x04\0\0\0\x02\0\0\0\x20\x16\0\0\0\0\0\0\x04\0\0\0\x02\0\0\0\x30\x16\0\0\0\0\0\
\0\x04\0\0\0\x02\0\0\0\x40\x16\0\0\0\0\0\0\x04\0\0\0\x02\0\0\0\x50\x16\0\0\0\0\
\0\0\x04\0\0\0\x02\0\0\0\x60\x16\0\0\0\0\0\0\x04\0\0\0\x02\0\0\0\x70\x16\0\0\0\
\0\0\0\x04\0\0\0\x02\0\0\0\x80\x16\0\0\0\0\0\0\x04\0\0\0\x02\0\0\0\x90\x16\0\0\
\0\0\0\0\x04\0\0\0\x02\0\0\0\xa0\x16\0\0\0\0\0\0\x04\0\0\0\x02\0\0\0\xb0\x16\0\
\0\0\0\0\0\x04\0\0\0\x02\0\0\0\xc0\x16\0\0\0\0\0\0\x04\0\0\0\x02\0\0\0\xd0\x16\
\0\0\0\0\0\0\x04\0\0\0\x02\0\0\0\xe0\x16\0\0\0\0\0\0\x04\0\0\0\x02\0\0\0\xf0\
\x16\0\0\0\0\0\0\x04\0\0\0\x02\0\0\0\0\x17\0\0\0\0\0\0\x04\0\0\0\x02\0\0\0\x10\
\x17\0\0\0\0\0\0\x04\0\0\0\x02\0\0\0\x20\x17\0\0\0\0\0\0\x04\0\0\0\x02\0\0\0\
\x30\x17\0\0\0\0\0\0\x04\0\0\0\x02\0\0\0\x40\x17\0\0\0\0\0\0\x04\0\0\0\x02\0\0\
\0\x50\x17\0\0\0\0\0\0\x04\0\0\0\x02\0\0\0\x60\x17\0\0\0\0\0\0\x04\0\0\0\x02\0\
\0\0\x70\x17\0\0\0\0\0\0\x04\0\0\0\x02\0\0\0\x80\x17\0\0\0\0\0\0\x04\0\0\0\x02\
\0\0\0\x90\x17\0\0\0\0\0\0\x04\0\0\0\x02\0\0\0\xa0\x17\0\0\0\0\0\0\x04\0\0\0\
\x02\0\0\0\xb0\x17\0\0\0\0\0\0\x04\0\0\0\x02\0\0\0\xc0\x17\0\0\0\0\0\0\x04\0\0\
\0\x02\0\0\0\xd0\x17\0\0\0\0\0\0\x04\0\0\0\x02\0\0\0\xe0\x17\0\0\0\0\0\0\x04\0\
\0\0\x02\0\0\0\xf0\x17\0\0\0\0\0\0\x04\0\0\0\x02\0\0\0\0\x18\0\0\0\0\0\0\x04\0\
\0\0\x02\0\0\0\x10\x18\0\0\0\0\0\0\x04\0\0\0\x02\0\0\0\x20\x18\0\0\0\0\0\0\x04\
\0\0\0\x02\0\0\0\x30\x18\0\0\0\0\0\0\x04\0\0\0\x02\0\0\0\x40\x18\0\0\0\0\0\0\
\x04\0\0\0\x02\0\0\0\x50\x18\0\0\0\0\0\0\x04\0\0\0\x02\0\0\0\x60\x18\0\0\0\0\0\
\0\x04\0\0\0\x02\0\0\0\x70\x18\0\0\0\0\0\0\x04\0\0\0\x02\0\0\0\x80\x18\0\0\0\0\
\0\0\x04\0\0\0\x02\0\0\0\x90\x18\0\0\0\0\0\0\x04\0\0\0\x02\0\0\0\xa0\x18\0\0\0\
\0\0\0\x04\0\0\0\x02\0\0\0\xb0\x18\0\0\0\0\0\0\x04\0\0\0\x02\0\0\0\xc0\x18\0\0\
\0\0\0\0\x04\0\0\0\x02\0\0\0\xd0\x18\0\0\0\0\0\0\x04\0\0\0\x02\0\0\0\xe0\x18\0\
\0\0\0\0\0\x04\0\0\0\x02\0\0\0\xf0\x18\0\0\0\0\0\0\x04\0\0\0\x02\0\0\0\0\x19\0\
\0\0\0\0\0\x04\0\0\0\x02\0\0\0\x10\x19\0\0\0\0\0\0\x04\0\0\0\x02\0\0\0\x20\x19\
\0\0\0\0\0\0\x04\0\0\0\x02\0\0\0\x30\x19\0\0\0\0\0\0\x04\0\0\0\x02\0\0\0\x40\
\x19\0\0\0\0\0\0\x04\0\0\0\x02\0\0\0\x50\x19\0\0\0\0\0\0\x04\0\0\0\x02\0\0\0\
\x60\x19\0\0\0\0\0\0\x04\0\0\0\x02\0\0\0\x70\x19\0\0\0\0\0\0\x04\0\0\0\x02\0\0\
\0\x80\x19\0\0\0\0\0\0\x04\0\0\0\x02\0\0\0\x90\x19\0\0\0\0\0\0\x04\0\0\0\x02\0\
\0\0\xa0\x19\0\0\0\0\0\0\x04\0\0\0\x02\0\0\0\xb0\x19\0\0\0\0\0\0\x04\0\0\0\x02\
\0\0\0\xc0\x19\0\0\0\0\0\0\x04\0\0\0\x02\0\0\0\xd0\x19\0\0\0\0\0\0\x04\0\0\0\
\x02\0\0\0\xe0\x19\0\0\0\0\0\0\x04\0\0\0\x02\0\0\0\xf0\x19\0\0\0\0\0\0\x04\0\0\
\0\x02\0\0\0\0\x1a\0\0\0\0\0\0\x04\0\0\0\x02\0\0\0\x10\x1a\0\0\0\0\0\0\x04\0\0\
\0\x02\0\0\0\x20\x1a\0\0\0\0\0\0\x04\0\0\0\x02\0\0\0\x30\x1a\0\0\0\0\0\0\x04\0\
\0\0\x02\0\0\0\x40\x1a\0\0\0\0\0\0\x04\0\0\0\x02\0\0\0\x50\x1a\0\0\0\0\0\0\x04\
\0\0\0\x02\0\0\0\x60\x1a\0\0\0\0\0\0\x04\0\0\0\x02\0\0\0\x70\x1a\0\0\0\0\0\0\
\x04\0\0\0\x02\0\0\0\x80\x1a\0\0\0\0\0\0\x04\0\0\0\x02\0\0\0\x90\x1a\0\0\0\0\0\
\0\x04\0\0\0\x02\0\0\0\xa0\x1a\0\0\0\0\0\0\x04\0\0\0\x02\0\0\0\xb0\x1a\0\0\0\0\
\0\0\x04\0\0\0\x02\0\0\0\xc0\x1a\0\0\0\0\0\0\x04\0\0\0\x02\0\0\0\xd0\x1a\0\0\0\
\0\0\0\x04\0\0\0\x02\0\0\0\xe0\x1a\0\0\0\0\0\0\x04\0\0\0\x02\0\0\0\xf0\x1a\0\0\
\0\0\0\0\x04\0\0\0\x02\0\0\0\0\x1b\0\0\0\0\0\0\x04\0\0\0\x02\0\0\0\x10\x1b\0\0\
\0\0\0\0\x04\0\0\0\x02\0\0\0\x20\x1b\0\0\0\0\0\0\x04\0\0\0\x02\0\0\0\x30\x1b\0\
\0\0\0\0\0\x04\0\0\0\x02\0\0\0\x40\x1b\0\0\0\0\0\0\x04\0\0\0\x02\0\0\0\x50\x1b\
\0\0\0\0\0\0\x04\0\0\0\x02\0\0\0\x60\x1b\0\0\0\0\0\0\x04\0\0\0\x02\0\0\0\x70\
\x1b\0\0\0\0\0\0\x04\0\0\0\x02\0\0\0\x80\x1b\0\0\0\0\0\0\x04\0\0\0\x02\0\0\0\
\x90\x1b\0\0\0\0\0\0\x04\0\0\0\x02\0\0\0\xa0\x1b\0\0\0\0\0\0\x04\0\0\0\x02\0\0\
\0\xb0\x1b\0\0\0\0\0\0\x04\0\0\0\x02\0\0\0\xc0\x1b\0\0\0\0\0\0\x04\0\0\0\x02\0\
\0\0\xd0\x1b\0\0\0\0\0\0\x04\0\0\0\x02\0\0\0\xe0\x1b\0\0\0\0\0\0\x04\0\0\0\x02\
\0\0\0\xf0\x1b\0\0\0\0\0\0\x04\0\0\0\x02\0\0\0\0\x1c\0\0\0\0\0\0\x04\0\0\0\x02\
\0\0\0\x10\x1c\0\0\0\0\0\0\x04\0\0\0\x02\0\0\0\x20\x1c\0\0\0\0\0\0\x04\0\0\0\
\x02\0\0\0\x30\x1c\0\0\0\0\0\0\x04\0\0\0\x02\0\0\0\x40\x1c\0\0\0\0\0\0\x04\0\0\
\0\x02\0\0\0\x50\x1c\0\0\0\0\0\0\x04\0\0\0\x02\0\0\0\x60\x1c\0\0\0\0\0\0\x04\0\
\0\0\x02\0\0\0\x70\x1c\0\0\0\0\0\0\x04\0\0\0\x02\0\0\0\x80\x1c\0\0\0\0\0\0\x04\
\0\0\0\x02\0\0\0\x90\x1c\0\0\0\0\0\0\x04\0\0\0\x02\0\0\0\xa0\x1c\0\0\0\0\0\0\
\x04\0\0\0\x02\0\0\0\xb0\x1c\0\0\0\0\0\0\x04\0\0\0\x02\0\0\0\xc0\x1c\0\0\0\0\0\
\0\x04\0\0\0\x02\0\0\0\xd0\x1c\0\0\0\0\0\0\x04\0\0\0\x02\0\0\0\xe0\x1c\0\0\0\0\
\0\0\x04\0\0\0\x02\0\0\0\xf0\x1c\0\0\0\0\0\0\x04\0\0\0\x02\0\0\0\0\x1d\0\0\0\0\
\0\0\x04\0\0\0\x02\0\0\0\x10\x1d\0\0\0\0\0\0\x04\0\0\0\x02\0\0\0\x20\x1d\0\0\0\
\0\0\0\x04\0\0\0\x02\0\0\0\x30\x1d\0\0\0\0\0\0\x04\0\0\0\x02\0\0\0\x40\x1d\0\0\
\0\0\0\0\x04\0\0\0\x02\0\0\0\x50\x1d\0\0\0\0\0\0\x04\0\0\0\x02\0\0\0\x60\x1d\0\
\0\0\0\0\0\x04\0\0\0\x02\0\0\0\x70\x1d\0\0\0\0\0\0\x04\0\0\0\x02\0\0\0\x80\x1d\
\0\0\0\0\0\0\x04\0\0\0\x02\0\0\0\x90\x1d\0\0\0\0\0\0\x04\0\0\0\x02\0\0\0\xa0\
\x1d\0\0\0\0\0\0\x04\0\0\0\x02\0\0\0\xb0\x1d\0\0\0\0\0\0\x04\0\0\0\x02\0\0\0\
\xc0\x1d\0\0\0\0\0\0\x04\0\0\0\x02\0\0\0\xd0\x1d\0\0\0\0\0\0\x04\0\0\0\x02\0\0\
\0\xe0\x1d\0\0\0\0\0\0\x04\0\0\0\x02\0\0\0\xf0\x1d\0\0\0\0\0\0\x04\0\0\0\x02\0\
\0\0\0\x1e\0\0\0\0\0\0\x04\0\0\0\x02\0\0\0\x10\x1e\0\0\0\0\0\0\x04\0\0\0\x02\0\
\0\0\x20\x1e\0\0\0\0\0\0\x04\0\0\0\x02\0\0\0\x30\x1e\0\0\0\0\0\0\x04\0\0\0\x02\
\0\0\0\x40\x1e\0\0\0\0\0\0\x04\0\0\0\x02\0\0\0\x50\x1e\0\0\0\0\0\0\x04\0\0\0\
\x02\0\0\0\x60\x1e\0\0\0\0\0\0\x04\0\0\0\x02\0\0\0\x70\x1e\0\0\0\0\0\0\x04\0\0\
\0\x02\0\0\0\x80\x1e\0\0\0\0\0\0\x04\0\0\0\x02\0\0\0\x90\x1e\0\0\0\0\0\0\x04\0\
\0\0\x02\0\0\0\xa0\x1e\0\0\0\0\0\0\x04\0\0\0\x02\0\0\0\xb0\x1e\0\0\0\0\0\0\x04\
\0\0\0\x02\0\0\0\xc0\x1e\0\0\0\0\0\0\x04\0\0\0\x02\0\0\0\xd0\x1e\0\0\0\0\0\0\
\x04\0\0\0\x02\0\0\0\xe0\x1e\0\0\0\0\0\0\x04\0\0\0\x02\0\0\0\xf0\x1e\0\0\0\0\0\
\0\x04\0\0\0\x02\0\0\0\0\x1f\0\0\0\0\0\0\x04\0\0\0\x02\0\0\0\x10\x1f\0\0\0\0\0\
\0\x04\0\0\0\x02\0\0\0\x20\x1f\0\0\0\0\0\0\x04\0\0\0\x02\0\0\0\x30\x1f\0\0\0\0\
\0\0\x04\0\0\0\x02\0\0\0\x40\x1f\0\0\0\0\0\0\x04\0\0\0\x02\0\0\0\x50\x1f\0\0\0\
\0\0\0\x04\0\0\0\x02\0\0\0\x60\x1f\0\0\0\0\0\0\x04\0\0\0\x02\0\0\0\x70\x1f\0\0\
\0\0\0\0\x04\0\0\0\x02\0\0\0\x80\x1f\0\0\0\0\0\0\x04\0\0\0\x02\0\0\0\x90\x1f\0\
\0\0\0\0\0\x04\0\0\0\x02\0\0\0\xa0\x1f\0\0\0\0\0\0\x04\0\0\0\x02\0\0\0\xb0\x1f\
\0\0\0\0\0\0\x04\0\0\0\x02\0\0\0\xc0\x1f\0\0\0\0\0\0\x04\0\0\0\x02\0\0\0\xd0\
\x1f\0\0\0\0\0\0\x04\0\0\0\x02\0\0\0\xe0\x1f\0\0\0\0\0\0\x04\0\0\0\x02\0\0\0\
\xf0\x1f\0\0\0\0\0\0\x04\0\0\0\x02\0\0\0\0\x20\0\0\0\0\0\0\x04\0\0\0\x02\0\0\0\
\x10\x20\0\0\0\0\0\0\x04\0\0\0\x02\0\0\0\x20\x20\0\0\0\0\0\0\x04\0\0\0\x02\0\0\
\0\x30\x20\0\0\0\0\0\0\x04\0\0\0\x02\0\0\0\x40\x20\0\0\0\0\0\0\x04\0\0\0\x02\0\
\0\0\x50\x20\0\0\0\0\0\0\x04\0\0\0\x02\0\0\0\x60\x20\0\0\0\0\0\0\x04\0\0\0\x02\
\0\0\0\x70\x20\0\0\0\0\0\0\x04\0\0\0\x02\0\0\0\x80\x20\0\0\0\0\0\0\x04\0\0\0\
\x02\0\0\0\x90\x20\0\0\0\0\0\0\x04\0\0\0\x02\0\0\0\xa0\x20\0\0\0\0\0\0\x04\0\0\
\0\x02\0\0\0\xb0\x20\0\0\0\0\0\0\x04\0\0\0\x02\0\0\0\xc0\x20\0\0\0\0\0\0\x04\0\
\0\0\x02\0\0\0\xd0\x20\0\0\0\0\0\0\x04\0\0\0\x02\0\0\0\xe0\x20\0\0\0\0\0\0\x04\
\0\0\0\x02\0\0\0\xf0\x20\0\0\0\0\0\0\x04\0\0\0\x02\0\0\0\0\x21\0\0\0\0\0\0\x04\
\0\0\0\x02\0\0\0\x10\x21\0\0\0\0\0\0\x04\0\0\0\x02\0\0\0\x20\x21\0\0\0\0\0\0\
\x04\0\0\0\x02\0\0\0\x30\x21\0\0\0\0\0\0\x04\0\0\0\x02\0\0\0\x40\x21\0\0\0\0\0\
\0\x04\0\0\0\x02\0\0\0\x50\x21\0\0\0\0\0\0\x04\0\0\0\x02\0\0\0\x60\x21\0\0\0\0\
\0\0\x04\0\0\0\x02\0\0\0\x70\x21\0\0\0\0\0\0\x04\0\0\0\x02\0\0\0\x80\x21\0\0\0\
\0\0\0\x04\0\0\0\x02\0\0\0\x90\x21\0\0\0\0\0\0\x04\0\0\0\x02\0\0\0\xa0\x21\0\0\
\0\0\0\0\x04\0\0\0\x02\0\0\0\xb0\x21\0\0\0\0\0\0\x04\0\0\0\x02\0\0\0\xc0\x21\0\
\0\0\0\0\0\x04\0\0\0\x02\0\0\0\xd0\x21\0\0\0\0\0\0\x04\0\0\0\x02\0\0\0\xe0\x21\
\0\0\0\0\0\0\x04\0\0\0\x02\0\0\0\xf0\x21\0\0\0\0\0\0\x04\0\0\0\x02\0\0\0\0\x22\
\0\0\0\0\0\0\x04\0\0\0\x02\0\0\0\x10\x22\0\0\0\0\0\0\x04\0\0\0\x02\0\0\0\x20\
\x22\0\0\0\0\0\0\x04\0\0\0\x02\0\0\0\x30\x22\0\0\0\0\0\0\x04\0\0\0\x02\0\0\0\
\x40\x22\0\0\0\0\0\0\x04\0\0\0\x02\0\0\0\x50\x22\0\0\0\0\0\0\x04\0\0\0\x02\0\0\
\0\x60\x22\0\0\0\0\0\0\x04\0\0\0\x02\0\0\0\x70\x22\0\0\0\0\0\0\x04\0\0\0\x02\0\
\0\0\x80\x22\0\0\0\0\0\0\x04\0\0\0\x02\0\0\0\x90\x22\0\0\0\0\0\0\x04\0\0\0\x02\
\0\0\0\xa0\x22\0\0\0\0\0\0\x04\0\0\0\x02\0\0\0\xb0\x22\0\0\0\0\0\0\x04\0\0\0\
\x02\0\0\0\xc0\x22\0\0\0\0\0\0\x04\0\0\0\x02\0\0\0\xd0\x22\0\0\0\0\0\0\x04\0\0\
\0\x02\0\0\0\xe0\x22\0\0\0\0\0\0\x04\0\0\0\x02\0\0\0\xf0\x22\0\0\0\0\0\0\x04\0\
\0\0\x02\0\0\0\0\x23\0\0\0\0\0\0\x04\0\0\0\x02\0\0\0\x10\x23\0\0\0\0\0\0\x04\0\
\0\0\x02\0\0\0\x20\x23\0\0\0\0\0\0\x04\0\0\0\x02\0\0\0\x30\x23\0\0\0\0\0\0\x04\
\0\0\0\x02\0\0\0\x40\x23\0\0\0\0\0\0\x04\0\0\0\x02\0\0\0\x50\x23\0\0\0\0\0\0\
\x04\0\0\0\x02\0\0\0\x60\x23\0\0\0\0\0\0\x04\0\0\0\x02\0\0\0\x70\x23\0\0\0\0\0\
\0\x04\0\0\0\x02\0\0\0\x80\x23\0\0\0\0\0\0\x04\0\0\0\x02\0\0\0\x90\x23\0\0\0\0\
\0\0\x04\0\0\0\x02\0\0\0\xa0\x23\0\0\0\0\0\0\x04\0\0\0\x02\0\0\0\xb0\x23\0\0\0\
\0\0\0\x04\0\0\0\x02\0\0\0\xc0\x23\0\0\0\0\0\0\x04\0\0\0\x02\0\0\0\xd0\x23\0\0\
\0\0\0\0\x04\0\0\0\x02\0\0\0\xe0\x23\0\0\0\0\0\0\x04\0\0\0\x02\0\0\0\xf0\x23\0\
\0\0\0\0\0\x04\0\0\0\x02\0\0\0\0\x24\0\0\0\0\0\0\x04\0\0\0\x02\0\0\0\x10\x24\0\
\0\0\0\0\0\x04\0\0\0\x02\0\0\0\x20\x24\0\0\0\0\0\0\x04\0\0\0\x02\0\0\0\x30\x24\
\0\0\0\0\0\0\x04\0\0\0\x02\0\0\0\x40\x24\0\0\0\0\0\0\x04\0\0\0\x02\0\0\0\x50\
\x24\0\0\0\0\0\0\x04\0\0\0\x02\0\0\0\x60\x24\0\0\0\0\0\0\x04\0\0\0\x02\0\0\0\
\x70\x24\0\0\0\0\0\0\x04\0\0\0\x02\0\0\0\x80\x24\0\0\0\0\0\0\x04\0\0\0\x02\0\0\
\0\x90\x24\0\0\0\0\0\0\x04\0\0\0\x02\0\0\0\xa0\x24\0\0\0\0\0\0\x04\0\0\0\x02\0\
\0\0\xb0\x24\0\0\0\0\0\0\x04\0\0\0\x02\0\0\0\xc0\x24\0\0\0\0\0\0\x04\0\0\0\x02\
\0\0\0\xd0\x24\0\0\0\0\0\0\x04\0\0\0\x02\0\0\0\xe0\x24\0\0\0\0\0\0\x04\0\0\0\
\x02\0\0\0\xf0\x24\0\0\0\0\0\0\x04\0\0\0\x02\0\0\0\0\x25\0\0\0\0\0\0\x04\0\0\0\
\x02\0\0\0\x10\x25\0\0\0\0\0\0\x04\0\0\0\x02\0\0\0\x20\x25\0\0\0\0\0\0\x04\0\0\
\0\x02\0\0\0\x30\x25\0\0\0\0\0\0\x04\0\0\0\x02\0\0\0\x40\x25\0\0\0\0\0\0\x04\0\
\0\0\x02\0\0\0\x50\x25\0\0\0\0\0\0\x04\0\0\0\x02\0\0\0\x60\x25\0\0\0\0\0\0\x04\
\0\0\0\x02\0\0\0\x70\x25\0\0\0\0\0\0\x04\0\0\0\x02\0\0\0\x80\x25\0\0\0\0\0\0\
\x04\0\0\0\x02\0\0\0\x90\x25\0\0\0\0\0\0\x04\0\0\0\x02\0\0\0\xa0\x25\0\0\0\0\0\
\0\x04\0\0\0\x02\0\0\0\xb0\x25\0\0\0\0\0\0\x04\0\0\0\x02\0\0\0\xc0\x25\0\0\0\0\
\0\0\x04\0\0\0\x02\0\0\0\xd0\x25\0\0\0\0\0\0\x04\0\0\0\x02\0\0\0\xe0\x25\0\0\0\
\0\0\0\x04\0\0\0\x02\0\0\0\xf0\x25\0\0\0\0\0\0\x04\0\0\0\x02\0\0\0\0\x26\0\0\0\
\0\0\0\x04\0\0\0\x02\0\0\0\x10\x26\0\0\0\0\0\0\x04\0\0\0\x02\0\0\0\x20\x26\0\0\
\0\0\0\0\x04\0\0\0\x02\0\0\0\x30\x26\0\0\0\0\0\0\x04\0\0\0\x02\0\0\0\x40\x26\0\
\0\0\0\0\0\x04\0\0\0\x02\0\0\0\x50\x26\0\0\0\0\0\0\x04\0\0\0\x02\0\0\0\x60\x26\
\0\0\0\0\0\0\x04\0\0\0\x02\0\0\0\x70\x26\0\0\0\0\0\0\x04\0\0\0\x02\0\0\0\x80\
\x26\0\0\0\0\0\0\x04\0\0\0\x02\0\0\0\x90\x26\0\0\0\0\0\0\x04\0\0\0\x02\0\0\0\
\xa0\x26\0\0\0\0\0\0\x04\0\0\0\x02\0\0\0\xb0\x26\0\0\0\0\0\0\x04\0\0\0\x02\0\0\
\0\xc0\x26\0\0\0\0\0\0\x04\0\0\0\x02\0\0\0\xd0\x26\0\0\0\0\0\0\x04\0\0\0\x02\0\
\0\0\xe0\x26\0\0\0\0\0\0\x04\0\0\0\x02\0\0\0\xf0\x26\0\0\0\0\0\0\x04\0\0\0\x02\
\0\0\0\0\x27\0\0\0\0\0\0\x04\0\0\0\x02\0\0\0\x10\x27\0\0\0\0\0\0\x04\0\0\0\x02\
\0\0\0\x20\x27\0\0\0\0\0\0\x04\0\0\0\x02\0\0\0\x30\x27\0\0\0\0\0\0\x04\0\0\0\
\x02\0\0\0\x40\x27\0\0\0\0\0\0\x04\0\0\0\x02\0\0\0\x50\x27\0\0\0\0\0\0\x04\0\0\
\0\x02\0\0\0\x60\x27\0\0\0\0\0\0\x04\0\0\0\x02\0\0\0\x70\x27\0\0\0\0\0\0\x04\0\
\0\0\x02\0\0\0\x80\x27\0\0\0\0\0\0\x04\0\0\0\x02\0\0\0\x90\x27\0\0\0\0\0\0\x04\
\0\0\0\x02\0\0\0\xa0\x27\0\0\0\0\0\0\x04\0\0\0\x02\0\0\0\xb0\x27\0\0\0\0\0\0\
\x04\0\0\0\x02\0\0\0\xc0\x27\0\0\0\0\0\0\x04\0\0\0\x02\0\0\0\xd0\x27\0\0\0\0\0\
\0\x04\0\0\0\x02\0\0\0\xe0\x27\0\0\0\0\0\0\x04\0\0\0\x02\0\0\0\xf0\x27\0\0\0\0\
\0\0\x04\0\0\0\x02\0\0\0\0\x28\0\0\0\0\0\0\x04\0\0\0\x02\0\0\0\x10\x28\0\0\0\0\
\0\0\x04\0\0\0\x02\0\0\0\x20\x28\0\0\0\0\0\0\x04\0\0\0\x02\0\0\0\x30\x28\0\0\0\
\0\0\0\x04\0\0\0\x02\0\0\0\x40\x28\0\0\0\0\0\0\x04\0\0\0\x02\0\0\0\x50\x28\0\0\
\0\0\0\0\x04\0\0\0\x02\0\0\0\x60\x28\0\0\0\0\0\0\x04\0\0\0\x02\0\0\0\x70\x28\0\
\0\0\0\0\0\x04\0\0\0\x02\0\0\0\x80\x28\0\0\0\0\0\0\x04\0\0\0\x02\0\0\0\x90\x28\
\0\0\0\0\0\0\x04\0\0\0\x02\0\0\0\xa0\x28\0\0\0\0\0\0\x04\0\0\0\x02\0\0\0\xb0\
\x28\0\0\0\0\0\0\x04\0\0\0\x02\0\0\0\xc0\x28\0\0\0\0\0\0\x04\0\0\0\x02\0\0\0\
\xd0\x28\0\0\0\0\0\0\x04\0\0\0\x02\0\0\0\xe0\x28\0\0\0\0\0\0\x04\0\0\0\x02\0\0\
\0\xf0\x28\0\0\0\0\0\0\x04\0\0\0\x02\0\0\0\0\x29\0\0\0\0\0\0\x04\0\0\0\x02\0\0\
\0\x10\x29\0\0\0\0\0\0\x04\0\0\0\x02\0\0\0\x20\x29\0\0\0\0\0\0\x04\0\0\0\x02\0\
\0\0\x30\x29\0\0\0\0\0\0\x04\0\0\0\x02\0\0\0\x40\x29\0\0\0\0\0\0\x04\0\0\0\x02\
\0\0\0\x50\x29\0\0\0\0\0\0\x04\0\0\0\x02\0\0\0\x60\x29\0\0\0\0\0\0\x04\0\0\0\
\x02\0\0\0\x70\x29\0\0\0\0\0\0\x04\0\0\0\x02\0\0\0\x80\x29\0\0\0\0\0\0\x04\0\0\
\0\x02\0\0\0\x90\x29\0\0\0\0\0\0\x04\0\0\0\x02\0\0\0\xa0\x29\0\0\0\0\0\0\x04\0\
\0\0\x02\0\0\0\xb0\x29\0\0\0\0\0\0\x04\0\0\0\x02\0\0\0\xc0\x29\0\0\0\0\0\0\x04\
\0\0\0\x02\0\0\0\xd0\x29\0\0\0\0\0\0\x04\0\0\0\x02\0\0\0\xe0\x29\0\0\0\0\0\0\
\x04\0\0\0\x02\0\0\0\xf0\x29\0\0\0\0\0\0\x04\0\0\0\x02\0\0\0\0\x2a\0\0\0\0\0\0\
\x04\0\0\0\x02\0\0\0\x10\x2a\0\0\0\0\0\0\x04\0\0\0\x02\0\0\0\x20\x2a\0\0\0\0\0\
\0\x04\0\0\0\x02\0\0\0\x30\x2a\0\0\0\0\0\0\x04\0\0\0\x02\0\0\0\x40\x2a\0\0\0\0\
\0\0\x04\0\0\0\x02\0\0\0\x50\x2a\0\0\0\0\0\0\x04\0\0\0\x02\0\0\0\x60\x2a\0\0\0\
\0\0\0\x04\0\0\0\x02\0\0\0\x70\x2a\0\0\0\0\0\0\x04\0\0\0\x02\0\0\0\x80\x2a\0\0\
\0\0\0\0\x04\0\0\0\x02\0\0\0\x90\x2a\0\0\0\0\0\0\x04\0\0\0\x02\0\0\0\xa0\x2a\0\
\0\0\0\0\0\x04\0\0\0\x02\0\0\0\xb0\x2a\0\0\0\0\0\0\x04\0\0\0\x02\0\0\0\xc0\x2a\
\0\0\0\0\0\0\x04\0\0\0\x02\0\0\0\xd0\x2a\0\0\0\0\0\0\x04\0\0\0\x02\0\0\0\xe0\
\x2a\0\0\0\0\0\0\x04\0\0\0\x02\0\0\0\xf0\x2a\0\0\0\0\0\0\x04\0\0\0\x02\0\0\0\0\
\x2b\0\0\0\0\0\0\x04\0\0\0\x02\0\0\0\x10\x2b\0\0\0\0\0\0\x04\0\0\0\x02\0\0\0\
\x20\x2b\0\0\0\0\0\0\x04\0\0\0\x02\0\0\0\x30\x2b\0\0\0\0\0\0\x04\0\0\0\x02\0\0\
\0\x40\x2b\0\0\0\0\0\0\x04\0\0\0\x02\0\0\0\x50\x2b\0\0\0\0\0\0\x04\0\0\0\x02\0\
\0\0\x60\x2b\0\0\0\0\0\0\x04\0\0\0\x02\0\0\0\x70\x2b\0\0\0\0\0\0\x04\0\0\0\x02\
\0\0\0\x80\x2b\0\0\0\0\0\0\x04\0\0\0\x02\0\0\0\x90\x2b\0\0\0\0\0\0\x04\0\0\0\
\x02\0\0\0\xa0\x2b\0\0\0\0\0\0\x04\0\0\0\x02\0\0\0\xb0\x2b\0\0\0\0\0\0\x04\0\0\
\0\x02\0\0\0\xc0\x2b\0\0\0\0\0\0\x04\0\0\0\x02\0\0\0\xd0\x2b\0\0\0\0\0\0\x04\0\
\0\0\x02\0\0\0\xe0\x2b\0\0\0\0\0\0\x04\0\0\0\x02\0\0\0\xf0\x2b\0\0\0\0\0\0\x04\
\0\0\0\x02\0\0\0\0\x2c\0\0\0\0\0\0\x04\0\0\0\x02\0\0\0\x10\x2c\0\0\0\0\0\0\x04\
\0\0\0\x02\0\0\0\x20\x2c\0\0\0\0\0\0\x04\0\0\0\x02\0\0\0\x30\x2c\0\0\0\0\0\0\
\x04\0\0\0\x02\0\0\0\x40\x2c\0\0\0\0\0\0\x04\0\0\0\x02\0\0\0\x50\x2c\0\0\0\0\0\
\0\x04\0\0\0\x02\0\0\0\x60\x2c\0\0\0\0\0\0\x04\0\0\0\x02\0\0\0\x70\x2c\0\0\0\0\
\0\0\x04\0\0\0\x02\0\0\0\x80\x2c\0\0\0\0\0\0\x04\0\0\0\x02\0\0\0\x90\x2c\0\0\0\
\0\0\0\x04\0\0\0\x02\0\0\0\xa0\x2c\0\0\0\0\0\0\x04\0\0\0\x02\0\0\0\xb0\x2c\0\0\
\0\0\0\0\x04\0\0\0\x02\0\0\0\xc0\x2c\0\0\0\0\0\0\x04\0\0\0\x02\0\0\0\xd0\x2c\0\
\0\0\0\0\0\x04\0\0\0\x02\0\0\0\xe0\x2c\0\0\0\0\0\0\x04\0\0\0\x02\0\0\0\xf0\x2c\
\0\0\0\0\0\0\x04\0\0\0\x02\0\0\0\0\x2d\0\0\0\0\0\0\x04\0\0\0\x02\0\0\0\x10\x2d\
\0\0\0\0\0\0\x04\0\0\0\x02\0\0\0\x20\x2d\0\0\0\0\0\0\x04\0\0\0\x02\0\0\0\x30\
\x2d\0\0\0\0\0\0\x04\0\0\0\x02\0\0\0\x40\x2d\0\0\0\0\0\0\x04\0\0\0\x02\0\0\0\
\x50\x2d\0\0\0\0\0\0\x04\0\0\0\x02\0\0\0\x60\x2d\0\0\0\0\0\0\x04\0\0\0\x02\0\0\
\0\x70\x2d\0\0\0\0\0\0\x04\0\0\0\x02\0\0\0\x80\x2d\0\0\0\0\0\0\x04\0\0\0\x02\0\
\0\0\x90\x2d\0\0\0\0\0\0\x04\0\0\0\x02\0\0\0\xa0\x2d\0\0\0\0\0\0\x04\0\0\0\x02\
\0\0\0\xb0\x2d\0\0\0\0\0\0\x04\0\0\0\x02\0\0\0\xc0\x2d\0\0\0\0\0\0\x04\0\0\0\
\x02\0\0\0\xd0\x2d\0\0\0\0\0\0\x04\0\0\0\x02\0\0\0\xe0\x2d\0\0\0\0\0\0\x04\0\0\
\0\x02\0\0\0\xf0\x2d\0\0\0\0\0\0\x04\0\0\0\x02\0\0\0\0\x2e\0\0\0\0\0\0\x04\0\0\
\0\x02\0\0\0\x10\x2e\0\0\0\0\0\0\x04\0\0\0\x02\0\0\0\x20\x2e\0\0\0\0\0\0\x04\0\
\0\0\x02\0\0\0\x30\x2e\0\0\0\0\0\0\x04\0\0\0\x02\0\0\0\x40\x2e\0\0\0\0\0\0\x04\
\0\0\0\x02\0\0\0\x50\x2e\0\0\0\0\0\0\x04\0\0\0\x02\0\0\0\x60\x2e\0\0\0\0\0\0\
\x04\0\0\0\x02\0\0\0\x70\x2e\0\0\0\0\0\0\x04\0\0\0\x02\0\0\0\x80\x2e\0\0\0\0\0\
\0\x04\0\0\0\x02\0\0\0\x90\x2e\0\0\0\0\0\0\x04\0\0\0\x02\0\0\0\xa0\x2e\0\0\0\0\
\0\0\x04\0\0\0\x02\0\0\0\xb0\x2e\0\0\0\0\0\0\x04\0\0\0\x02\0\0\0\xc0\x2e\0\0\0\
\0\0\0\x04\0\0\0\x02\0\0\0\xd0\x2e\0\0\0\0\0\0\x04\0\0\0\x02\0\0\0\xe0\x2e\0\0\
\0\0\0\0\x04\0\0\0\x02\0\0\0\xf0\x2e\0\0\0\0\0\0\x04\0\0\0\x02\0\0\0\0\x2f\0\0\
\0\0\0\0\x04\0\0\0\x02\0\0\0\x10\x2f\0\0\0\0\0\0\x04\0\0\0\x02\0\0\0\x20\x2f\0\
\0\0\0\0\0\x04\0\0\0\x02\0\0\0\x30\x2f\0\0\0\0\0\0\x04\0\0\0\x02\0\0\0\x40\x2f\
\0\0\0\0\0\0\x04\0\0\0\x02\0\0\0\x50\x2f\0\0\0\0\0\0\x04\0\0\0\x02\0\0\0\x60\
\x2f\0\0\0\0\0\0\x04\0\0\0\x02\0\0\0\x70\x2f\0\0\0\0\0\0\x04\0\0\0\x02\0\0\0\
\x80\x2f\0\0\0\0\0\0\x04\0\0\0\x02\0\0\0\x90\x2f\0\0\0\0\0\0\x04\0\0\0\x02\0\0\
\0\xa0\x2f\0\0\0\0\0\0\x04\0\0\0\x02\0\0\0\xb0\x2f\0\0\0\0\0\0\x04\0\0\0\x02\0\
\0\0\xc0\x2f\0\0\0\0\0\0\x04\0\0\0\x02\0\0\0\xd0\x2f\0\0\0\0\0\0\x04\0\0\0\x02\
\0\0\0\xe0\x2f\0\0\0\0\0\0\x04\0\0\0\x02\0\0\0\xf0\x2f\0\0\0\0\0\0\x04\0\0\0\
\x02\0\0\0\0\x30\0\0\0\0\0\0\x04\0\0\0\x02\0\0\0\x10\x30\0\0\0\0\0\0\x04\0\0\0\
\x02\0\0\0\x20\x30\0\0\0\0\0\0\x04\0\0\0\x02\0\0\0\x30\x30\0\0\0\0\0\0\x04\0\0\
\0\x02\0\0\0\x40\x30\0\0\0\0\0\0\x04\0\0\0\x02\0\0\0\x50\x30\0\0\0\0\0\0\x04\0\
\0\0\x02\0\0\0\x60\x30\0\0\0\0\0\0\x04\0\0\0\x02\0\0\0\x70\x30\0\0\0\0\0\0\x04\
\0\0\0\x02\0\0\0\x80\x30\0\0\0\0\0\0\x04\0\0\0\x02\0\0\0\x90\x30\0\0\0\0\0\0\
\x04\0\0\0\x02\0\0\0\xa0\x30\0\0\0\0\0\0\x04\0\0\0\x02\0\0\0\xb0\x30\0\0\0\0\0\
\0\x04\0\0\0\x02\0\0\0\xc0\x30\0\0\0\0\0\0\x04\0\0\0\x02\0\0\0\xd0\x30\0\0\0\0\
\0\0\x04\0\0\0\x02\0\0\0\xe0\x30\0\0\0\0\0\0\x04\0\0\0\x02\0\0\0\xf0\x30\0\0\0\
\0\0\0\x04\0\0\0\x02\0\0\0\0\x31\0\0\0\0\0\0\x04\0\0\0\x02\0\0\0\x10\x31\0\0\0\
\0\0\0\x04\0\0\0\x02\0\0\0\x20\x31\0\0\0\0\0\0\x04\0\0\0\x02\0\0\0\x30\x31\0\0\
\0\0\0\0\x04\0\0\0\x02\0\0\0\x40\x31\0\0\0\0\0\0\x04\0\0\0\x02\0\0\0\x50\x31\0\
\0\0\0\0\0\x04\0\0\0\x02\0\0\0\x60\x31\0\0\0\0\0\0\x04\0\0\0\x02\0\0\0\x70\x31\
\0\0\0\0\0\0\x04\0\0\0\x02\0\0\0\x80\x31\0\0\0\0\0\0\x04\0\0\0\x02\0\0\0\x90\
\x31\0\0\0\0\0\0\x04\0\0\0\x02\0\0\0\xa0\x31\0\0\0\0\0\0\x04\0\0\0\x02\0\0\0\
\xb0\x31\0\0\0\0\0\0\x04\0\0\0\x02\0\0\0\xc0\x31\0\0\0\0\0\0\x04\0\0\0\x02\0\0\
\0\xd0\x31\0\0\0\0\0\0\x04\0\0\0\x02\0\0\0\xe0\x31\0\0\0\0\0\0\x04\0\0\0\x02\0\
\0\0\xf0\x31\0\0\0\0\0\0\x04\0\0\0\x02\0\0\0\0\x32\0\0\0\0\0\0\x04\0\0\0\x02\0\
\0\0\x10\x32\0\0\0\0\0\0\x04\0\0\0\x02\0\0\0\x20\x32\0\0\0\0\0\0\x04\0\0\0\x02\
\0\0\0\x30\x32\0\0\0\0\0\0\x04\0\0\0\x02\0\0\0\x40\x32\0\0\0\0\0\0\x04\0\0\0\
\x02\0\0\0\x50\x32\0\0\0\0\0\0\x04\0\0\0\x02\0\0\0\x60\x32\0\0\0\0\0\0\x04\0\0\
\0\x02\0\0\0\x70\x32\0\0\0\0\0\0\x04\0\0\0\x02\0\0\0\x80\x32\0\0\0\0\0\0\x04\0\
\0\0\x02\0\0\0\x90\x32\0\0\0\0\0\0\x04\0\0\0\x02\0\0\0\xa0\x32\0\0\0\0\0\0\x04\
\0\0\0\x02\0\0\0\xb0\x32\0\0\0\0\0\0\x04\0\0\0\x02\0\0\0\xc0\x32\0\0\0\0\0\0\
\x04\0\0\0\x02\0\0\0\xd0\x32\0\0\0\0\0\0\x04\0\0\0\x02\0\0\0\xe0\x32\0\0\0\0\0\
\0\x04\0\0\0\x02\0\0\0\xf0\x32\0\0\0\0\0\0\x04\0\0\0\x02\0\0\0\0\x33\0\0\0\0\0\
\0\x04\0\0\0\x02\0\0\0\x10\x33\0\0\0\0\0\0\x04\0\0\0\x02\0\0\0\x20\x33\0\0\0\0\
\0\0\x04\0\0\0\x02\0\0\0\x30\x33\0\0\0\0\0\0\x04\0\0\0\x02\0\0\0\x40\x33\0\0\0\
\0\0\0\x04\0\0\0\x02\0\0\0\x50\x33\0\0\0\0\0\0\x04\0\0\0\x02\0\0\0\x60\x33\0\0\
\0\0\0\0\x04\0\0\0\x02\0\0\0\x70\x33\0\0\0\0\0\0\x04\0\0\0\x02\0\0\0\x80\x33\0\
\0\0\0\0\0\x04\0\0\0\x02\0\0\0\x90\x33\0\0\0\0\0\0\x04\0\0\0\x02\0\0\0\xa0\x33\
\0\0\0\0\0\0\x04\0\0\0\x02\0\0\0\xb0\x33\0\0\0\0\0\0\x04\0\0\0\x02\0\0\0\xc0\
\x33\0\0\0\0\0\0\x04\0\0\0\x02\0\0\0\xd0\x33\0\0\0\0\0\0\x04\0\0\0\x02\0\0\0\
\xe0\x33\0\0\0\0\0\0\x04\0\0\0\x02\0\0\0\xf0\x33\0\0\0\0\0\0\x04\0\0\0\x02\0\0\
\0\0\x34\0\0\0\0\0\0\x04\0\0\0\x02\0\0\0\x10\x34\0\0\0\0\0\0\x04\0\0\0\x02\0\0\
\0\x20\x34\0\0\0\0\0\0\x04\0\0\0\x02\0\0\0\x30\x34\0\0\0\0\0\0\x04\0\0\0\x02\0\
\0\0\x40\x34\0\0\0\0\0\0\x04\0\0\0\x02\0\0\0\x50\x34\0\0\0\0\0\0\x04\0\0\0\x02\
\0\0\0\x60\x34\0\0\0\0\0\0\x04\0\0\0\x02\0\0\0\x70\x34\0\0\0\0\0\0\x04\0\0\0\
\x02\0\0\0\x80\x34\0\0\0\0\0\0\x04\0\0\0\x02\0\0\0\x90\x34\0\0\0\0\0\0\x04\0\0\
\0\x02\0\0\0\xa0\x34\0\0\0\0\0\0\x04\0\0\0\x02\0\0\0\xb0\x34\0\0\0\0\0\0\x04\0\
\0\0\x02\0\0\0\xc0\x34\0\0\0\0\0\0\x04\0\0\0\x02\0\0\0\xd0\x34\0\0\0\0\0\0\x04\
\0\0\0\x02\0\0\0\xe0\x34\0\0\0\0\0\0\x04\0\0\0\x02\0\0\0\xf0\x34\0\0\0\0\0\0\
\x04\0\0\0\x02\0\0\0\0\x35\0\0\0\0\0\0\x04\0\0\0\x02\0\0\0\x10\x35\0\0\0\0\0\0\
\x04\0\0\0\x02\0\0\0\x20\x35\0\0\0\0\0\0\x04\0\0\0\x02\0\0\0\x30\x35\0\0\0\0\0\
\0\x04\0\0\0\x02\0\0\0\x40\x35\0\0\0\0\0\0\x04\0\0\0\x02\0\0\0\x50\x35\0\0\0\0\
\0\0\x04\0\0\0\x02\0\0\0\x60\x35\0\0\0\0\0\0\x04\0\0\0\x02\0\0\0\x70\x35\0\0\0\
\0\0\0\x04\0\0\0\x02\0\0\0\x80\x35\0\0\0\0\0\0\x04\0\0\0\x02\0\0\0\x90\x35\0\0\
\0\0\0\0\x04\0\0\0\x02\0\0\0\xa0\x35\0\0\0\0\0\0\x04\0\0\0\x02\0\0\0\xb0\x35\0\
\0\0\0\0\0\x04\0\0\0\x02\0\0\0\xc0\x35\0\0\0\0\0\0\x04\0\0\0\x02\0\0\0\xd0\x35\
\0\0\0\0\0\0\x04\0\0\0\x02\0\0\0\xe0\x35\0\0\0\0\0\0\x04\0\0\0\x02\0\0\0\xf0\
\x35\0\0\0\0\0\0\x04\0\0\0\x02\0\0\0\0\x36\0\0\0\0\0\0\x04\0\0\0\x02\0\0\0\x10\
\x36\0\0\0\0\0\0\x04\0\0\0\x02\0\0\0\x20\x36\0\0\0\0\0\0\x04\0\0\0\x02\0\0\0\
\x30\x36\0\0\0\0\0\0\x04\0\0\0\x02\0\0\0\x40\x36\0\0\0\0\0\0\x04\0\0\0\x02\0\0\
\0\x50\x36\0\0\0\0\0\0\x04\0\0\0\x02\0\0\0\x60\x36\0\0\0\0\0\0\x04\0\0\0\x02\0\
\0\0\x70\x36\0\0\0\0\0\0\x04\0\0\0\x02\0\0\0\x80\x36\0\0\0\0\0\0\x04\0\0\0\x02\
\0\0\0\x90\x36\0\0\0\0\0\0\x04\0\0\0\x02\0\0\0\xa0\x36\0\0\0\0\0\0\x04\0\0\0\
\x02\0\0\0\xb0\x36\0\0\0\0\0\0\x04\0\0\0\x02\0\0\0\xc0\x36\0\0\0\0\0\0\x04\0\0\
\0\x02\0\0\0\xd0\x36\0\0\0\0\0\0\x04\0\0\0\x02\0\0\0\xe0\x36\0\0\0\0\0\0\x04\0\
\0\0\x02\0\0\0\xf0\x36\0\0\0\0\0\0\x04\0\0\0\x02\0\0\0\0\x37\0\0\0\0\0\0\x04\0\
\0\0\x02\0\0\0\x10\x37\0\0\0\0\0\0\x04\0\0\0\x02\0\0\0\x20\x37\0\0\0\0\0\0\x04\
\0\0\0\x02\0\0\0\x30\x37\0\0\0\0\0\0\x04\0\0\0\x02\0\0\0\x40\x37\0\0\0\0\0\0\
\x04\0\0\0\x02\0\0\0\x50\x37\0\0\0\0\0\0\x04\0\0\0\x02\0\0\0\x60\x37\0\0\0\0\0\
\0\x04\0\0\0\x02\0\0\0\x70\x37\0\0\0\0\0\0\x04\0\0\0\x02\0\0\0\x80\x37\0\0\0\0\
\0\0\x04\0\0\0\x02\0\0\0\x90\x37\0\0\0\0\0\0\x04\0\0\0\x02\0\0\0\xa0\x37\0\0\0\
\0\0\0\x04\0\0\0\x02\0\0\0\xb0\x37\0\0\0\0\0\0\x04\0\0\0\x02\0\0\0\xc0\x37\0\0\
\0\0\0\0\x04\0\0\0\x02\0\0\0\xd0\x37\0\0\0\0\0\0\x04\0\0\0\x02\0\0\0\xe0\x37\0\
\0\0\0\0\0\x04\0\0\0\x02\0\0\0\xf0\x37\0\0\0\0\0\0\x04\0\0\0\x02\0\0\0\0\x38\0\
\0\0\0\0\0\x04\0\0\0\x02\0\0\0\x10\x38\0\0\0\0\0\0\x04\0\0\0\x02\0\0\0\x20\x38\
\0\0\0\0\0\0\x04\0\0\0\x02\0\0\0\x30\x38\0\0\0\0\0\0\x04\0\0\0\x02\0\0\0\x40\
\x38\0\0\0\0\0\0\x04\0\0\0\x02\0\0\0\x50\x38\0\0\0\0\0\0\x04\0\0\0\x02\0\0\0\
\x60\x38\0\0\0\0\0\0\x04\0\0\0\x02\0\0\0\x70\x38\0\0\0\0\0\0\x04\0\0\0\x02\0\0\
\0\x80\x38\0\0\0\0\0\0\x04\0\0\0\x02\0\0\0\x90\x38\0\0\0\0\0\0\x04\0\0\0\x02\0\
\0\0\xa0\x38\0\0\0\0\0\0\x04\0\0\0\x02\0\0\0\xb0\x38\0\0\0\0\0\0\x04\0\0\0\x02\
\0\0\0\xc0\x38\0\0\0\0\0\0\x04\0\0\0\x02\0\0\0\xd0\x38\0\0\0\0\0\0\x04\0\0\0\
\x02\0\0\0\xe0\x38\0\0\0\0\0\0\x04\0\0\0\x02\0\0\0\xf0\x38\0\0\0\0\0\0\x04\0\0\
\0\x02\0\0\0\0\x39\0\0\0\0\0\0\x04\0\0\0\x02\0\0\0\x10\x39\0\0\0\0\0\0\x04\0\0\
\0\x02\0\0\0\x20\x39\0\0\0\0\0\0\x04\0\0\0\x02\0\0\0\x30\x39\0\0\0\0\0\0\x04\0\
\0\0\x02\0\0\0\x40\x39\0\0\0\0\0\0\x04\0\0\0\x02\0\0\0\x50\x39\0\0\0\0\0\0\x04\
\0\0\0\x02\0\0\0\x60\x39\0\0\0\0\0\0\x04\0\0\0\x02\0\0\0\x70\x39\0\0\0\0\0\0\
\x04\0\0\0\x02\0\0\0\x80\x39\0\0\0\0\0\0\x04\0\0\0\x02\0\0\0\x90\x39\0\0\0\0\0\
\0\x04\0\0\0\x02\0\0\0\xa0\x39\0\0\0\0\0\0\x04\0\0\0\x02\0\0\0\xb0\x39\0\0\0\0\
\0\0\x04\0\0\0\x02\0\0\0\xc0\x39\0\0\0\0\0\0\x04\0\0\0\x02\0\0\0\xd0\x39\0\0\0\
\0\0\0\x04\0\0\0\x02\0\0\0\xe0\x39\0\0\0\0\0\0\x04\0\0\0\x02\0\0\0\xf0\x39\0\0\
\0\0\0\0\x04\0\0\0\x02\0\0\0\0\x3a\0\0\0\0\0\0\x04\0\0\0\x02\0\0\0\x10\x3a\0\0\
\0\0\0\0\x04\0\0\0\x02\0\0\0\x20\x3a\0\0\0\0\0\0\x04\0\0\0\x02\0\0\0\x30\x3a\0\
\0\0\0\0\0\x04\0\0\0\x02\0\0\0\x40\x3a\0\0\0\0\0\0\x04\0\0\0\x02\0\0\0\x50\x3a\
\0\0\0\0\0\0\x04\0\0\0\x02\0\0\0\x60\x3a\0\0\0\0\0\0\x04\0\0\0\x02\0\0\0\x70\
\x3a\0\0\0\0\0\0\x04\0\0\0\x02\0\0\0\x80\x3a\0\0\0\0\0\0\x04\0\0\0\x02\0\0\0\
\x90\x3a\0\0\0\0\0\0\x04\0\0\0\x02\0\0\0\xa0\x3a\0\0\0\0\0\0\x04\0\0\0\x02\0\0\
\0\xb0\x3a\0\0\0\0\0\0\x04\0\0\0\x02\0\0\0\xc0\x3a\0\0\0\0\0\0\x04\0\0\0\x02\0\
\0\0\xd0\x3a\0\0\0\0\0\0\x04\0\0\0\x02\0\0\0\xe0\x3a\0\0\0\0\0\0\x04\0\0\0\x02\
\0\0\0\xf0\x3a\0\0\0\0\0\0\x04\0\0\0\x02\0\0\0\0\x3b\0\0\0\0\0\0\x04\0\0\0\x02\
\0\0\0\x10\x3b\0\0\0\0\0\0\x04\0\0\0\x02\0\0\0\x20\x3b\0\0\0\0\0\0\x04\0\0\0\
\x02\0\0\0\x30\x3b\0\0\0\0\0\0\x04\0\0\0\x02\0\0\0\x40\x3b\0\0\0\0\0\0\x04\0\0\
\0\x02\0\0\0\x50\x3b\0\0\0\0\0\0\x04\0\0\0\x02\0\0\0\x60\x3b\0\0\0\0\0\0\x04\0\
\0\0\x02\0\0\0\x70\x3b\0\0\0\0\0\0\x04\0\0\0\x02\0\0\0\x80\x3b\0\0\0\0\0\0\x04\
\0\0\0\x02\0\0\0\x90\x3b\0\0\0\0\0\0\x04\0\0\0\x02\0\0\0\xa0\x3b\0\0\0\0\0\0\
\x04\0\0\0\x02\0\0\0\xb0\x3b\0\0\0\0\0\0\x04\0\0\0\x02\0\0\0\xc0\x3b\0\0\0\0\0\
\0\x04\0\0\0\x02\0\0\0\xd0\x3b\0\0\0\0\0\0\x04\0\0\0\x02\0\0\0\xe0\x3b\0\0\0\0\
\0\0\x04\0\0\0\x02\0\0\0\xf0\x3b\0\0\0\0\0\0\x04\0\0\0\x02\0\0\0\0\x3c\0\0\0\0\
\0\0\x04\0\0\0\x02\0\0\0\x10\x3c\0\0\0\0\0\0\x04\0\0\0\x02\0\0\0\x20\x3c\0\0\0\
\0\0\0\x04\0\0\0\x02\0\0\0\x30\x3c\0\0\0\0\0\0\x04\0\0\0\x02\0\0\0\x40\x3c\0\0\
\0\0\0\0\x04\0\0\0\x02\0\0\0\x50\x3c\0\0\0\0\0\0\x04\0\0\0\x02\0\0\0\x60\x3c\0\
\0\0\0\0\0\x04\0\0\0\x02\0\0\0\x70\x3c\0\0\0\0\0\0\x04\0\0\0\x02\0\0\0\x80\x3c\
\0\0\0\0\0\0\x04\0\0\0\x02\0\0\0\x90\x3c\0\0\0\0\0\0\x04\0\0\0\x02\0\0\0\xa0\
\x3c\0\0\0\0\0\0\x04\0\0\0\x02\0\0\0\xb0\x3c\0\0\0\0\0\0\x04\0\0\0\x02\0\0\0\
\xc0\x3c\0\0\0\0\0\0\x04\0\0\0\x02\0\0\0\xd0\x3c\0\0\0\0\0\0\x04\0\0\0\x02\0\0\
\0\xe0\x3c\0\0\0\0\0\0\x04\0\0\0\x02\0\0\0\xf0\x3c\0\0\0\0\0\0\x04\0\0\0\x02\0\
\0\0\0\x3d\0\0\0\0\0\0\x04\0\0\0\x02\0\0\0\x10\x3d\0\0\0\0\0\0\x04\0\0\0\x02\0\
\0\0\x20\x3d\0\0\0\0\0\0\x04\0\0\0\x02\0\0\0\x30\x3d\0\0\0\0\0\0\x04\0\0\0\x02\
\0\0\0\x40\x3d\0\0\0\0\0\0\x04\0\0\0\x02\0\0\0\x50\x3d\0\0\0\0\0\0\x04\0\0\0\
\x02\0\0\0\x60\x3d\0\0\0\0\0\0\x04\0\0\0\x02\0\0\0\x70\x3d\0\0\0\0\0\0\x04\0\0\
\0\x02\0\0\0\x80\x3d\0\0\0\0\0\0\x04\0\0\0\x02\0\0\0\x90\x3d\0\0\0\0\0\0\x04\0\
\0\0\x02\0\0\0\xa0\x3d\0\0\0\0\0\0\x04\0\0\0\x02\0\0\0\xb0\x3d\0\0\0\0\0\0\x04\
\0\0\0\x02\0\0\0\xc0\x3d\0\0\0\0\0\0\x04\0\0\0\x02\0\0\0\xd0\x3d\0\0\0\0\0\0\
\x04\0\0\0\x02\0\0\0\xe0\x3d\0\0\0\0\0\0\x04\0\0\0\x02\0\0\0\xf0\x3d\0\0\0\0\0\
\0\x04\0\0\0\x02\0\0\0\0\x3e\0\0\0\0\0\0\x04\0\0\0\x02\0\0\0\x10\x3e\0\0\0\0\0\
\0\x04\0\0\0\x02\0\0\0\x20\x3e\0\0\0\0\0\0\x04\0\0\0\x02\0\0\0\x30\x3e\0\0\0\0\
\0\0\x04\0\0\0\x02\0\0\0\x40\x3e\0\0\0\0\0\0\x04\0\0\0\x02\0\0\0\x50\x3e\0\0\0\
\0\0\0\x04\0\0\0\x02\0\0\0\x60\x3e\0\0\0\0\0\0\x04\0\0\0\x02\0\0\0\x70\x3e\0\0\
\0\0\0\0\x04\0\0\0\x02\0\0\0\x80\x3e\0\0\0\0\0\0\x04\0\0\0\x02\0\0\0\x90\x3e\0\
\0\0\0\0\0\x04\0\0\0\x02\0\0\0\xa0\x3e\0\0\0\0\0\0\x04\0\0\0\x02\0\0\0\xb0\x3e\
\0\0\0\0\0\0\x04\0\0\0\x02\0\0\0\xc0\x3e\0\0\0\0\0\0\x04\0\0\0\x02\0\0\0\xd0\
\x3e\0\0\0\0\0\0\x04\0\0\0\x02\0\0\0\xe0\x3e\0\0\0\0\0\0\x04\0\0\0\x02\0\0\0\
\xf0\x3e\0\0\0\0\0\0\x04\0\0\0\x02\0\0\0\0\x3f\0\0\0\0\0\0\x04\0\0\0\x02\0\0\0\
\x10\x3f\0\0\0\0\0\0\x04\0\0\0\x02\0\0\0\x20\x3f\0\0\0\0\0\0\x04\0\0\0\x02\0\0\
\0\x30\x3f\0\0\0\0\0\0\x04\0\0\0\x02\0\0\0\x40\x3f\0\0\0\0\0\0\x04\0\0\0\x02\0\
\0\0\x50\x3f\0\0\0\0\0\0\x04\0\0\0\x02\0\0\0\x60\x3f\0\0\0\0\0\0\x04\0\0\0\x02\
\0\0\0\x70\x3f\0\0\0\0\0\0\x04\0\0\0\x02\0\0\0\x80\x3f\0\0\0\0\0\0\x04\0\0\0\
\x02\0\0\0\x90\x3f\0\0\0\0\0\0\x04\0\0\0\x02\0\0\0\xa0\x3f\0\0\0\0\0\0\x04\0\0\
\0\x02\0\0\0\xb0\x3f\0\0\0\0\0\0\x04\0\0\0\x02\0\0\0\xc0\x3f\0\0\0\0\0\0\x04\0\
\0\0\x02\0\0\0\xd0\x3f\0\0\0\0\0\0\x04\0\0\0\x02\0\0\0\xe0\x3f\0\0\0\0\0\0\x04\
\0\0\0\x02\0\0\0\xf0\x3f\0\0\0\0\0\0\x04\0\0\0\x02\0\0\0\0\x40\0\0\0\0\0\0\x04\
\0\0\0\x02\0\0\0\x10\x40\0\0\0\0\0\0\x04\0\0\0\x02\0\0\0\x20\x40\0\0\0\0\0\0\
\x04\0\0\0\x02\0\0\0\x30\x40\0\0\0\0\0\0\x04\0\0\0\x02\0\0\0\x40\x40\0\0\0\0\0\
\0\x04\0\0\0\x02\0\0\0\x50\x40\0\0\0\0\0\0\x04\0\0\0\x02\0\0\0\x60\x40\0\0\0\0\
\0\0\x04\0\0\0\x02\0\0\0\x70\x40\0\0\0\0\0\0\x04\0\0\0\x02\0\0\0\x80\x40\0\0\0\
\0\0\0\x04\0\0\0\x02\0\0\0\x90\x40\0\0\0\0\0\0\x04\0\0\0\x02\0\0\0\xa0\x40\0\0\
\0\0\0\0\x04\0\0\0\x02\0\0\0\xb0\x40\0\0\0\0\0\0\x04\0\0\0\x02\0\0\0\xc0\x40\0\
\0\0\0\0\0\x04\0\0\0\x02\0\0\0\xd0\x40\0\0\0\0\0\0\x04\0\0\0\x02\0\0\0\xe0\x40\
\0\0\0\0\0\0\x04\0\0\0\x02\0\0\0\xf0\x40\0\0\0\0\0\0\x04\0\0\0\x02\0\0\0\0\x41\
\0\0\0\0\0\0\x04\0\0\0\x02\0\0\0\x10\x41\0\0\0\0\0\0\x04\0\0\0\x02\0\0\0\x20\
\x41\0\0\0\0\0\0\x04\0\0\0\x02\0\0\0\x30\x41\0\0\0\0\0\0\x04\0\0\0\x02\0\0\0\
\x40\x41\0\0\0\0\0\0\x04\0\0\0\x02\0\0\0\x50\x41\0\0\0\0\0\0\x04\0\0\0\x02\0\0\
\0\x60\x41\0\0\0\0\0\0\x04\0\0\0\x02\0\0\0\x70\x41\0\0\0\0\0\0\x04\0\0\0\x02\0\
\0\0\x80\x41\0\0\0\0\0\0\x04\0\0\0\x02\0\0\0\x90\x41\0\0\0\0\0\0\x04\0\0\0\x02\
\0\0\0\xa0\x41\0\0\0\0\0\0\x04\0\0\0\x02\0\0\0\xb0\x41\0\0\0\0\0\0\x04\0\0\0\
\x02\0\0\0\xc0\x41\0\0\0\0\0\0\x04\0\0\0\x02\0\0\0\xd0\x41\0\0\0\0\0\0\x04\0\0\
\0\x02\0\0\0\xe0\x41\0\0\0\0\0\0\x04\0\0\0\x02\0\0\0\xf0\x41\0\0\0\0\0\0\x04\0\
\0\0\x02\0\0\0\0\x42\0\0\0\0\0\0\x04\0\0\0\x02\0\0\0\x10\x42\0\0\0\0\0\0\x04\0\
\0\0\x02\0\0\0\x20\x42\0\0\0\0\0\0\x04\0\0\0\x02\0\0\0\x30\x42\0\0\0\0\0\0\x04\
\0\0\0\x02\0\0\0\x40\x42\0\0\0\0\0\0\x04\0\0\0\x02\0\0\0\x50\x42\0\0\0\0\0\0\
\x04\0\0\0\x02\0\0\0\x60\x42\0\0\0\0\0\0\x04\0\0\0\x02\0\0\0\x70\x42\0\0\0\0\0\
\0\x04\0\0\0\x02\0\0\0\x80\x42\0\0\0\0\0\0\x04\0\0\0\x02\0\0\0\x90\x42\0\0\0\0\
\0\0\x04\0\0\0\x02\0\0\0\xa0\x42\0\0\0\0\0\0\x04\0\0\0\x02\0\0\0\xb0\x42\0\0\0\
\0\0\0\x04\0\0\0\x02\0\0\0\xc0\x42\0\0\0\0\0\0\x04\0\0\0\x02\0\0\0\xd0\x42\0\0\
\0\0\0\0\x04\0\0\0\x02\0\0\0\xe0\x42\0\0\0\0\0\0\x04\0\0\0\x02\0\0\0\xf0\x42\0\
\0\0\0\0\0\x04\0\0\0\x02\0\0\0\0\x43\0\0\0\0\0\0\x04\0\0\0\x02\0\0\0\x10\x43\0\
\0\0\0\0\0\x04\0\0\0\x02\0\0\0\x20\x43\0\0\0\0\0\0\x04\0\0\0\x02\0\0\0\x30\x43\
\0\0\0\0\0\0\x04\0\0\0\x02\0\0\0\x40\x43\0\0\0\0\0\0\x04\0\0\0\x02\0\0\0\x50\
\x43\0\0\0\0\0\0\x04\0\0\0\x02\0\0\0\x60\x43\0\0\0\0\0\0\x04\0\0\0\x02\0\0\0\
\x70\x43\0\0\0\0\0\0\x04\0\0\0\x02\0\0\0\x80\x43\0\0\0\0\0\0\x04\0\0\0\x02\0\0\
\0\x90\x43\0\0\0\0\0\0\x04\0\0\0\x02\0\0\0\xa0\x43\0\0\0\0\0\0\x04\0\0\0\x02\0\
\0\0\xb0\x43\0\0\0\0\0\0\x04\0\0\0\x02\0\0\0\xc0\x43\0\0\0\0\0\0\x04\0\0\0\x02\
\0\0\0\xd0\x43\0\0\0\0\0\0\x04\0\0\0\x02\0\0\0\xe0\x43\0\0\0\0\0\0\x04\0\0\0\
\x02\0\0\0\xf0\x43\0\0\0\0\0\0\x04\0\0\0\x02\0\0\0\0\x44\0\0\0\0\0\0\x04\0\0\0\
\x02\0\0\0\x10\x44\0\0\0\0\0\0\x04\0\0\0\x02\0\0\0\x20\x44\0\0\0\0\0\0\x04\0\0\
\0\x02\0\0\0\x30\x44\0\0\0\0\0\0\x04\0\0\0\x02\0\0\0\x40\x44\0\0\0\0\0\0\x04\0\
\0\0\x02\0\0\0\x50\x44\0\0\0\0\0\0\x04\0\0\0\x02\0\0\0\x60\x44\0\0\0\0\0\0\x04\
\0\0\0\x02\0\0\0\x70\x44\0\0\0\0\0\0\x04\0\0\0\x02\0\0\0\x80\x44\0\0\0\0\0\0\
\x04\0\0\0\x02\0\0\0\x90\x44\0\0\0\0\0\0\x04\0\0\0\x02\0\0\0\xa0\x44\0\0\0\0\0\
\0\x04\0\0\0\x02\0\0\0\xb0\x44\0\0\0\0\0\0\x04\0\0\0\x02\0\0\0\xc0\x44\0\0\0\0\
\0\0\x04\0\0\0\x02\0\0\0\xd0\x44\0\0\0\0\0\0\x04\0\0\0\x02\0\0\0\xe0\x44\0\0\0\
\0\0\0\x04\0\0\0\x02\0\0\0\xf0\x44\0\0\0\0\0\0\x04\0\0\0\x02\0\0\0\0\x45\0\0\0\
\0\0\0\x04\0\0\0\x02\0\0\0\x10\x45\0\0\0\0\0\0\x04\0\0\0\x02\0\0\0\x20\x45\0\0\
\0\0\0\0\x04\0\0\0\x02\0\0\0\x30\x45\0\0\0\0\0\0\x04\0\0\0\x02\0\0\0\x40\x45\0\
\0\0\0\0\0\x04\0\0\0\x02\0\0\0\x50\x45\0\0\0\0\0\0\x04\0\0\0\x02\0\0\0\x60\x45\
\0\0\0\0\0\0\x04\0\0\0\x02\0\0\0\x70\x45\0\0\0\0\0\0\x04\0\0\0\x02\0\0\0\x80\
\x45\0\0\0\0\0\0\x04\0\0\0\x02\0\0\0\x90\x45\0\0\0\0\0\0\x04\0\0\0\x02\0\0\0\
\xa0\x45\0\0\0\0\0\0\x04\0\0\0\x02\0\0\0\xb0\x45\0\0\0\0\0\0\x04\0\0\0\x02\0\0\
\0\xc0\x45\0\0\0\0\0\0\x04\0\0\0\x02\0\0\0\xd0\x45\0\0\0\0\0\0\x04\0\0\0\x02\0\
\0\0\xe0\x45\0\0\0\0\0\0\x04\0\0\0\x02\0\0\0\xf0\x45\0\0\0\0\0\0\x04\0\0\0\x02\
\0\0\0\0\x46\0\0\0\0\0\0\x04\0\0\0\x02\0\0\0\x10\x46\0\0\0\0\0\0\x04\0\0\0\x02\
\0\0\0\x20\x46\0\0\0\0\0\0\x04\0\0\0\x02\0\0\0\x30\x46\0\0\0\0\0\0\x04\0\0\0\
\x02\0\0\0\x40\x46\0\0\0\0\0\0\x04\0\0\0\x02\0\0\0\x50\x46\0\0\0\0\0\0\x04\0\0\
\0\x02\0\0\0\x60\x46\0\0\0\0\0\0\x04\0\0\0\x02\0\0\0\x70\x46\0\0\0\0\0\0\x04\0\
\0\0\x02\0\0\0\x80\x46\0\0\0\0\0\0\x04\0\0\0\x02\0\0\0\x90\x46\0\0\0\0\0\0\x04\
\0\0\0\x02\0\0\0\xa0\x46\0\0\0\0\0\0\x04\0\0\0\x02\0\0\0\xb0\x46\0\0\0\0\0\0\
\x04\0\0\0\x02\0\0\0\xc0\x46\0\0\0\0\0\0\x04\0\0\0\x02\0\0\0\xd0\x46\0\0\0\0\0\
\0\x04\0\0\0\x02\0\0\0\xe0\x46\0\0\0\0\0\0\x04\0\0\0\x02\0\0\0\xf0\x46\0\0\0\0\
\0\0\x04\0\0\0\x02\0\0\0\0\x47\0\0\0\0\0\0\x04\0\0\0\x02\0\0\0\x10\x47\0\0\0\0\
\0\0\x04\0\0\0\x02\0\0\0\x20\x47\0\0\0\0\0\0\x04\0\0\0\x02\0\0\0\x30\x47\0\0\0\
\0\0\0\x04\0\0\0\x02\0\0\0\x40\x47\0\0\0\0\0\0\x04\0\0\0\x02\0\0\0\x50\x47\0\0\
\0\0\0\0\x04\0\0\0\x02\0\0\0\x60\x47\0\0\0\0\0\0\x04\0\0\0\x02\0\0\0\x70\x47\0\
\0\0\0\0\0\x04\0\0\0\x02\0\0\0\x80\x47\0\0\0\0\0\0\x04\0\0\0\x02\0\0\0\x90\x47\
\0\0\0\0\0\0\x04\0\0\0\x02\0\0\0\xa0\x47\0\0\0\0\0\0\x04\0\0\0\x02\0\0\0\xb0\
\x47\0\0\0\0\0\0\x04\0\0\0\x02\0\0\0\xc0\x47\0\0\0\0\0\0\x04\0\0\0\x02\0\0\0\
\xd0\x47\0\0\0\0\0\0\x04\0\0\0\x02\0\0\0\xe0\x47\0\0\0\0\0\0\x04\0\0\0\x02\0\0\
\0\xf0\x47\0\0\0\0\0\0\x04\0\0\0\x02\0\0\0\0\x48\0\0\0\0\0\0\x04\0\0\0\x02\0\0\
\0\x10\x48\0\0\0\0\0\0\x04\0\0\0\x02\0\0\0\x20\x48\0\0\0\0\0\0\x04\0\0\0\x02\0\
\0\0\x30\x48\0\0\0\0\0\0\x04\0\0\0\x02\0\0\0\x40\x48\0\0\0\0\0\0\x04\0\0\0\x02\
\0\0\0\x50\x48\0\0\0\0\0\0\x04\0\0\0\x02\0\0\0\x60\x48\0\0\0\0\0\0\x04\0\0\0\
\x02\0\0\0\x70\x48\0\0\0\0\0\0\x04\0\0\0\x02\0\0\0\x80\x48\0\0\0\0\0\0\x04\0\0\
\0\x02\0\0\0\x90\x48\0\0\0\0\0\0\x04\0\0\0\x02\0\0\0\xa0\x48\0\0\0\0\0\0\x04\0\
\0\0\x02\0\0\0\xb0\x48\0\0\0\0\0\0\x04\0\0\0\x02\0\0\0\xc0\x48\0\0\0\0\0\0\x04\
\0\0\0\x02\0\0\0\xd0\x48\0\0\0\0\0\0\x04\0\0\0\x02\0\0\0\xe0\x48\0\0\0\0\0\0\
\x04\0\0\0\x02\0\0\0\xf0\x48\0\0\0\0\0\0\x04\0\0\0\x02\0\0\0\0\x49\0\0\0\0\0\0\
\x04\0\0\0\x02\0\0\0\x10\x49\0\0\0\0\0\0\x04\0\0\0\x02\0\0\0\x20\x49\0\0\0\0\0\
\0\x04\0\0\0\x02\0\0\0\x30\x49\0\0\0\0\0\0\x04\0\0\0\x02\0\0\0\x40\x49\0\0\0\0\
\0\0\x04\0\0\0\x02\0\0\0\x50\x49\0\0\0\0\0\0\x04\0\0\0\x02\0\0\0\x60\x49\0\0\0\
\0\0\0\x04\0\0\0\x02\0\0\0\x70\x49\0\0\0\0\0\0\x04\0\0\0\x02\0\0\0\x80\x49\0\0\
\0\0\0\0\x04\0\0\0\x02\0\0\0\x90\x49\0\0\0\0\0\0\x04\0\0\0\x02\0\0\0\xa0\x49\0\
\0\0\0\0\0\x04\0\0\0\x02\0\0\0\xb0\x49\0\0\0\0\0\0\x04\0\0\0\x02\0\0\0\xc0\x49\
\0\0\0\0\0\0\x04\0\0\0\x02\0\0\0\xd0\x49\0\0\0\0\0\0\x04\0\0\0\x02\0\0\0\xe0\
\x49\0\0\0\0\0\0\x04\0\0\0\x02\0\0\0\xf0\x49\0\0\0\0\0\0\x04\0\0\0\x02\0\0\0\0\
\x4a\0\0\0\0\0\0\x04\0\0\0\x02\0\0\0\x10\x4a\0\0\0\0\0\0\x04\0\0\0\x02\0\0\0\
\x20\x4a\0\0\0\0\0\0\x04\0\0\0\x02\0\0\0\x30\x4a\0\0\0\0\0\0\x04\0\0\0\x02\0\0\
\0\x40\x4a\0\0\0\0\0\0\x04\0\0\0\x02\0\0\0\x50\x4a\0\0\0\0\0\0\x04\0\0\0\x02\0\
\0\0\x60\x4a\0\0\0\0\0\0\x04\0\0\0\x02\0\0\0\x70\x4a\0\0\0\0\0\0\x04\0\0\0\x02\
\0\0\0\x80\x4a\0\0\0\0\0\0\x04\0\0\0\x02\0\0\0\x90\x4a\0\0\0\0\0\0\x04\0\0\0\
\x02\0\0\0\xa0\x4a\0\0\0\0\0\0\x04\0\0\0\x02\0\0\0\xb0\x4a\0\0\0\0\0\0\x04\0\0\
\0\x02\0\0\0\xc0\x4a\0\0\0\0\0\0\x04\0\0\0\x02\0\0\0\xd0\x4a\0\0\0\0\0\0\x04\0\
\0\0\x02\0\0\0\xe0\x4a\0\0\0\0\0\0\x04\0\0\0\x02\0\0\0\xf0\x4a\0\0\0\0\0\0\x04\
\0\0\0\x02\0\0\0\0\x4b\0\0\0\0\0\0\x04\0\0\0\x02\0\0\0\x10\x4b\0\0\0\0\0\0\x04\
\0\0\0\x02\0\0\0\x20\x4b\0\0\0\0\0\0\x04\0\0\0\x02\0\0\0\x30\x4b\0\0\0\0\0\0\
\x04\0\0\0\x02\0\0\0\x40\x4b\0\0\0\0\0\0\x04\0\0\0\x02\0\0\0\x50\x4b\0\0\0\0\0\
\0\x04\0\0\0\x02\0\0\0\x60\x4b\0\0\0\0\0\0\x04\0\0\0\x02\0\0\0\x70\x4b\0\0\0\0\
\0\0\x04\0\0\0\x02\0\0\0\x80\x4b\0\0\0\0\0\0\x04\0\0\0\x02\0\0\0\x90\x4b\0\0\0\
\0\0\0\x04\0\0\0\x02\0\0\0\xa0\x4b\0\0\0\0\0\0\x04\0\0\0\x02\0\0\0\xb0\x4b\0\0\
\0\0\0\0\x04\0\0\0\x02\0\0\0\xc0\x4b\0\0\0\0\0\0\x04\0\0\0\x02\0\0\0\xd0\x4b\0\
\0\0\0\0\0\x04\0\0\0\x02\0\0\0\xe0\x4b\0\0\0\0\0\0\x04\0\0\0\x02\0\0\0\xf0\x4b\
\0\0\0\0\0\0\x04\0\0\0\x02\0\0\0\0\x4c\0\0\0\0\0\0\x04\0\0\0\x02\0\0\0\x10\x4c\
\0\0\0\0\0\0\x04\0\0\0\x02\0\0\0\x20\x4c\0\0\0\0\0\0\x04\0\0\0\x02\0\0\0\x30\
\x4c\0\0\0\0\0\0\x04\0\0\0\x02\0\0\0\x40\x4c\0\0\0\0\0\0\x04\0\0\0\x02\0\0\0\
\x50\x4c\0\0\0\0\0\0\x04\0\0\0\x02\0\0\0\x60\x4c\0\0\0\0\0\0\x04\0\0\0\x02\0\0\
\0\x70\x4c\0\0\0\0\0\0\x04\0\0\0\x02\0\0\0\x80\x4c\0\0\0\0\0\0\x04\0\0\0\x02\0\
\0\0\x90\x4c\0\0\0\0\0\0\x04\0\0\0\x02\0\0\0\xa0\x4c\0\0\0\0\0\0\x04\0\0\0\x02\
\0\0\0\xb0\x4c\0\0\0\0\0\0\x04\0\0\0\x02\0\0\0\xc0\x4c\0\0\0\0\0\0\x04\0\0\0\
\x02\0\0\0\xd0\x4c\0\0\0\0\0\0\x04\0\0\0\x02\0\0\0\xe0\x4c\0\0\0\0\0\0\x04\0\0\
\0\x02\0\0\0\xf0\x4c\0\0\0\0\0\0\x04\0\0\0\x02\0\0\0\0\x4d\0\0\0\0\0\0\x04\0\0\
\0\x02\0\0\0\x10\x4d\0\0\0\0\0\0\x04\0\0\0\x02\0\0\0\x20\x4d\0\0\0\0\0\0\x04\0\
\0\0\x02\0\0\0\x30\x4d\0\0\0\0\0\0\x04\0\0\0\x02\0\0\0\x40\x4d\0\0\0\0\0\0\x04\
\0\0\0\x02\0\0\0\x50\x4d\0\0\0\0\0\0\x04\0\0\0\x02\0\0\0\x60\x4d\0\0\0\0\0\0\
\x04\0\0\0\x02\0\0\0\x70\x4d\0\0\0\0\0\0\x04\0\0\0\x02\0\0\0\x80\x4d\0\0\0\0\0\
\0\x04\0\0\0\x02\0\0\0\x90\x4d\0\0\0\0\0\0\x04\0\0\0\x02\0\0\0\xa0\x4d\0\0\0\0\
\0\0\x04\0\0\0\x02\0\0\0\xb0\x4d\0\0\0\0\0\0\x04\0\0\0\x02\0\0\0\xc0\x4d\0\0\0\
\0\0\0\x04\0\0\0\x02\0\0\0\xd0\x4d\0\0\0\0\0\0\x04\0\0\0\x02\0\0\0\xe0\x4d\0\0\
\0\0\0\0\x04\0\0\0\x02\0\0\0\xf0\x4d\0\0\0\0\0\0\x04\0\0\0\x02\0\0\0\0\x4e\0\0\
\0\0\0\0\x04\0\0\0\x02\0\0\0\x10\x4e\0\0\0\0\0\0\x04\0\0\0\x02\0\0\0\x20\x4e\0\
\0\0\0\0\0\x04\0\0\0\x02\0\0\0\x30\x4e\0\0\0\0\0\0\x04\0\0\0\x02\0\0\0\x40\x4e\
\0\0\0\0\0\0\x04\0\0\0\x02\0\0\0\x50\x4e\0\0\0\0\0\0\x04\0\0\0\x02\0\0\0\x60\
\x4e\0\0\0\0\0\0\x04\0\0\0\x02\0\0\0\x70\x4e\0\0\0\0\0\0\x04\0\0\0\x02\0\0\0\
\x80\x4e\0\0\0\0\0\0\x04\0\0\0\x02\0\0\0\x90\x4e\0\0\0\0\0\0\x04\0\0\0\x02\0\0\
\0\xa0\x4e\0\0\0\0\0\0\x04\0\0\0\x02\0\0\0\xb0\x4e\0\0\0\0\0\0\x04\0\0\0\x02\0\
\0\0\xc0\x4e\0\0\0\0\0\0\x04\0\0\0\x02\0\0\0\xd0\x4e\0\0\0\0\0\0\x04\0\0\0\x02\
\0\0\0\xe0\x4e\0\0\0\0\0\0\x04\0\0\0\x02\0\0\0\xf0\x4e\0\0\0\0\0\0\x04\0\0\0\
\x02\0\0\0\0\x4f\0\0\0\0\0\0\x04\0\0\0\x02\0\0\0\x10\x4f\0\0\0\0\0\0\x04\0\0\0\
\x02\0\0\0\x20\x4f\0\0\0\0\0\0\x04\0\0\0\x02\0\0\0\x30\x4f\0\0\0\0\0\0\x04\0\0\
\0\x02\0\0\0\x40\x4f\0\0\0\0\0\0\x04\0\0\0\x02\0\0\0\x50\x4f\0\0\0\0\0\0\x04\0\
\0\0\x02\0\0\0\x60\x4f\0\0\0\0\0\0\x04\0\0\0\x02\0\0\0\x70\x4f\0\0\0\0\0\0\x04\
\0\0\0\x02\0\0\0\x80\x4f\0\0\0\0\0\0\x04\0\0\0\x02\0\0\0\x90\x4f\0\0\0\0\0\0\
\x04\0\0\0\x02\0\0\0\xa0\x4f\0\0\0\0\0\0\x04\0\0\0\x02\0\0\0\xb0\x4f\0\0\0\0\0\
\0\x04\0\0\0\x02\0\0\0\xc0\x4f\0\0\0\0\0\0\x04\0\0\0\x02\0\0\0\xd0\x4f\0\0\0\0\
\0\0\x04\0\0\0\x02\0\0\0\xe0\x4f\0\0\0\0\0\0\x04\0\0\0\x02\0\0\0\xf0\x4f\0\0\0\
\0\0\0\x04\0\0\0\x02\0\0\0\0\x50\0\0\0\0\0\0\x04\0\0\0\x02\0\0\0\x10\x50\0\0\0\
\0\0\0\x04\0\0\0\x02\0\0\0\x20\x50\0\0\0\0\0\0\x04\0\0\0\x02\0\0\0\x30\x50\0\0\
\0\0\0\0\x04\0\0\0\x02\0\0\0\x40\x50\0\0\0\0\0\0\x04\0\0\0\x02\0\0\0\x50\x50\0\
\0\0\0\0\0\x04\0\0\0\x02\0\0\0\x60\x50\0\0\0\0\0\0\x04\0\0\0\x02\0\0\0\x70\x50\
\0\0\0\0\0\0\x04\0\0\0\x02\0\0\0\x80\x50\0\0\0\0\0\0\x04\0\0\0\x02\0\0\0\x90\
\x50\0\0\0\0\0\0\x04\0\0\0\x02\0\0\0\xa0\x50\0\0\0\0\0\0\x04\0\0\0\x02\0\0\0\
\xb0\x50\0\0\0\0\0\0\x04\0\0\0\x02\0\0\0\xc0\x50\0\0\0\0\0\0\x04\0\0\0\x02\0\0\
\0\xd0\x50\0\0\0\0\0\0\x04\0\0\0\x02\0\0\0\xe0\x50\0\0\0\0\0\0\x04\0\0\0\x02\0\
\0\0\xf0\x50\0\0\0\0\0\0\x04\0\0\0\x02\0\0\0\0\x51\0\0\0\0\0\0\x04\0\0\0\x02\0\
\0\0\x10\x51\0\0\0\0\0\0\x04\0\0\0\x02\0\0\0\x20\x51\0\0\0\0\0\0\x04\0\0\0\x02\
\0\0\0\x30\x51\0\0\0\0\0\0\x04\0\0\0\x02\0\0\0\x40\x51\0\0\0\0\0\0\x04\0\0\0\
\x02\0\0\0\x50\x51\0\0\0\0\0\0\x04\0\0\0\x02\0\0\0\x60\x51\0\0\0\0\0\0\x04\0\0\
\0\x02\0\0\0\x70\x51\0\0\0\0\0\0\x04\0\0\0\x02\0\0\0\x80\x51\0\0\0\0\0\0\x04\0\
\0\0\x02\0\0\0\x90\x51\0\0\0\0\0\0\x04\0\0\0\x02\0\0\0\xa0\x51\0\0\0\0\0\0\x04\
\0\0\0\x02\0\0\0\xb0\x51\0\0\0\0\0\0\x04\0\0\0\x02\0\0\0\xc0\x51\0\0\0\0\0\0\
\x04\0\0\0\x02\0\0\0\xd0\x51\0\0\0\0\0\0\x04\0\0\0\x02\0\0\0\xe0\x51\0\0\0\0\0\
\0\x04\0\0\0\x02\0\0\0\xf0\x51\0\0\0\0\0\0\x04\0\0\0\x02\0\0\0\0\x52\0\0\0\0\0\
\0\x04\0\0\0\x02\0\0\0\x10\x52\0\0\0\0\0\0\x04\0\0\0\x02\0\0\0\x20\x52\0\0\0\0\
\0\0\x04\0\0\0\x02\0\0\0\x30\x52\0\0\0\0\0\0\x04\0\0\0\x02\0\0\0\x40\x52\0\0\0\
\0\0\0\x04\0\0\0\x02\0\0\0\x50\x52\0\0\0\0\0\0\x04\0\0\0\x02\0\0\0\x60\x52\0\0\
\0\0\0\0\x04\0\0\0\x02\0\0\0\x70\x52\0\0\0\0\0\0\x04\0\0\0\x02\0\0\0\x80\x52\0\
\0\0\0\0\0\x04\0\0\0\x02\0\0\0\x90\x52\0\0\0\0\0\0\x04\0\0\0\x02\0\0\0\xa0\x52\
\0\0\0\0\0\0\x04\0\0\0\x02\0\0\0\xb0\x52\0\0\0\0\0\0\x04\0\0\0\x02\0\0\0\xc0\
\x52\0\0\0\0\0\0\x04\0\0\0\x02\0\0\0\xd0\x52\0\0\0\0\0\0\x04\0\0\0\x02\0\0\0\
\xe0\x52\0\0\0\0\0\0\x04\0\0\0\x02\0\0\0\xf0\x52\0\0\0\0\0\0\x04\0\0\0\x02\0\0\
\0\0\x53\0\0\0\0\0\0\x04\0\0\0\x02\0\0\0\x10\x53\0\0\0\0\0\0\x04\0\0\0\x02\0\0\
\0\x20\x53\0\0\0\0\0\0\x04\0\0\0\x02\0\0\0\x30\x53\0\0\0\0\0\0\x04\0\0\0\x02\0\
\0\0\x40\x53\0\0\0\0\0\0\x04\0\0\0\x02\0\0\0\x50\x53\0\0\0\0\0\0\x04\0\0\0\x02\
\0\0\0\x60\x53\0\0\0\0\0\0\x04\0\0\0\x02\0\0\0\x70\x53\0\0\0\0\0\0\x04\0\0\0\
\x02\0\0\0\x80\x53\0\0\0\0\0\0\x04\0\0\0\x02\0\0\0\x90\x53\0\0\0\0\0\0\x04\0\0\
\0\x02\0\0\0\xa0\x53\0\0\0\0\0\0\x04\0\0\0\x02\0\0\0\xb0\x53\0\0\0\0\0\0\x04\0\
\0\0\x02\0\0\0\xc0\x53\0\0\0\0\0\0\x04\0\0\0\x02\0\0\0\xd0\x53\0\0\0\0\0\0\x04\
\0\0\0\x02\0\0\0\xe0\x53\0\0\0\0\0\0\x04\0\0\0\x02\0\0\0\xf0\x53\0\0\0\0\0\0\
\x04\0\0\0\x02\0\0\0\0\x54\0\0\0\0\0\0\x04\0\0\0\x02\0\0\0\x10\x54\0\0\0\0\0\0\
\x04\0\0\0\x02\0\0\0\x20\x54\0\0\0\0\0\0\x04\0\0\0\x02\0\0\0\x30\x54\0\0\0\0\0\
\0\x04\0\0\0\x02\0\0\0\x40\x54\0\0\0\0\0\0\x04\0\0\0\x02\0\0\0\x50\x54\0\0\0\0\
\0\0\x04\0\0\0\x02\0\0\0\x60\x54\0\0\0\0\0\0\x04\0\0\0\x02\0\0\0\x70\x54\0\0\0\
\0\0\0\x04\0\0\0\x02\0\0\0\x80\x54\0\0\0\0\0\0\x04\0\0\0\x02\0\0\0\x90\x54\0\0\
\0\0\0\0\x04\0\0\0\x02\0\0\0\xa0\x54\0\0\0\0\0\0\x04\0\0\0\x02\0\0\0\xb0\x54\0\
\0\0\0\0\0\x04\0\0\0\x02\0\0\0\xc0\x54\0\0\0\0\0\0\x04\0\0\0\x02\0\0\0\xd0\x54\
\0\0\0\0\0\0\x04\0\0\0\x02\0\0\0\xe0\x54\0\0\0\0\0\0\x04\0\0\0\x02\0\0\0\xf0\
\x54\0\0\0\0\0\0\x04\0\0\0\x02\0\0\0\0\x55\0\0\0\0\0\0\x04\0\0\0\x02\0\0\0\x10\
\x55\0\0\0\0\0\0\x04\0\0\0\x02\0\0\0\x20\x55\0\0\0\0\0\0\x04\0\0\0\x02\0\0\0\
\x30\x55\0\0\0\0\0\0\x04\0\0\0\x02\0\0\0\x40\x55\0\0\0\0\0\0\x04\0\0\0\x02\0\0\
\0\x50\x55\0\0\0\0\0\0\x04\0\0\0\x02\0\0\0\x60\x55\0\0\0\0\0\0\x04\0\0\0\x02\0\
\0\0\x70\x55\0\0\0\0\0\0\x04\0\0\0\x02\0\0\0\x80\x55\0\0\0\0\0\0\x04\0\0\0\x02\
\0\0\0\x90\x55\0\0\0\0\0\0\x04\0\0\0\x02\0\0\0\xa0\x55\0\0\0\0\0\0\x04\0\0\0\
\x02\0\0\0\xb0\x55\0\0\0\0\0\0\x04\0\0\0\x02\0\0\0\xc0\x55\0\0\0\0\0\0\x04\0\0\
\0\x02\0\0\0\xd0\x55\0\0\0\0\0\0\x04\0\0\0\x02\0\0\0\xe0\x55\0\0\0\0\0\0\x04\0\
\0\0\x02\0\0\0\xf0\x55\0\0\0\0\0\0\x04\0\0\0\x02\0\0\0\0\x56\0\0\0\0\0\0\x04\0\
\0\0\x02\0\0\0\x10\x56\0\0\0\0\0\0\x04\0\0\0\x02\0\0\0\x20\x56\0\0\0\0\0\0\x04\
\0\0\0\x02\0\0\0\x30\x56\0\0\0\0\0\0\x04\0\0\0\x02\0\0\0\x40\x56\0\0\0\0\0\0\
\x04\0\0\0\x02\0\0\0\x50\x56\0\0\0\0\0\0\x04\0\0\0\x02\0\0\0\x60\x56\0\0\0\0\0\
\0\x04\0\0\0\x02\0\0\0\x70\x56\0\0\0\0\0\0\x04\0\0\0\x02\0\0\0\x80\x56\0\0\0\0\
\0\0\x04\0\0\0\x02\0\0\0\x90\x56\0\0\0\0\0\0\x04\0\0\0\x02\0\0\0\xa0\x56\0\0\0\
\0\0\0\x04\0\0\0\x02\0\0\0\xb0\x56\0\0\0\0\0\0\x04\0\0\0\x02\0\0\0\xc0\x56\0\0\
\0\0\0\0\x04\0\0\0\x02\0\0\0\xd0\x56\0\0\0\0\0\0\x04\0\0\0\x02\0\0\0\xe0\x56\0\
\0\0\0\0\0\x04\0\0\0\x02\0\0\0\xf0\x56\0\0\0\0\0\0\x04\0\0\0\x02\0\0\0\0\x57\0\
\0\0\0\0\0\x04\0\0\0\x02\0\0\0\x10\x57\0\0\0\0\0\0\x04\0\0\0\x02\0\0\0\x20\x57\
\0\0\0\0\0\0\x04\0\0\0\x02\0\0\0\x30\x57\0\0\0\0\0\0\x04\0\0\0\x02\0\0\0\x40\
\x57\0\0\0\0\0\0\x04\0\0\0\x02\0\0\0\x50\x57\0\0\0\0\0\0\x04\0\0\0\x02\0\0\0\
\x60\x57\0\0\0\0\0\0\x04\0\0\0\x02\0\0\0\x70\x57\0\0\0\0\0\0\x04\0\0\0\x02\0\0\
\0\x80\x57\0\0\0\0\0\0\x04\0\0\0\x02\0\0\0\x90\x57\0\0\0\0\0\0\x04\0\0\0\x02\0\
\0\0\xa0\x57\0\0\0\0\0\0\x04\0\0\0\x02\0\0\0\xb0\x57\0\0\0\0\0\0\x04\0\0\0\x02\
\0\0\0\xc0\x57\0\0\0\0\0\0\x04\0\0\0\x02\0\0\0\xd0\x57\0\0\0\0\0\0\x04\0\0\0\
\x02\0\0\0\xe0\x57\0\0\0\0\0\0\x04\0\0\0\x02\0\0\0\xf0\x57\0\0\0\0\0\0\x04\0\0\
\0\x02\0\0\0\0\x58\0\0\0\0\0\0\x04\0\0\0\x02\0\0\0\x10\x58\0\0\0\0\0\0\x04\0\0\
\0\x02\0\0\0\x20\x58\0\0\0\0\0\0\x04\0\0\0\x02\0\0\0\x30\x58\0\0\0\0\0\0\x04\0\
\0\0\x02\0\0\0\x40\x58\0\0\0\0\0\0\x04\0\0\0\x02\0\0\0\x50\x58\0\0\0\0\0\0\x04\
\0\0\0\x02\0\0\0\x60\x58\0\0\0\0\0\0\x04\0\0\0\x02\0\0\0\x70\x58\0\0\0\0\0\0\
\x04\0\0\0\x02\0\0\0\x80\x58\0\0\0\0\0\0\x04\0\0\0\x02\0\0\0\x90\x58\0\0\0\0\0\
\0\x04\0\0\0\x02\0\0\0\xa0\x58\0\0\0\0\0\0\x04\0\0\0\x02\0\0\0\xb0\x58\0\0\0\0\
\0\0\x04\0\0\0\x02\0\0\0\xc0\x58\0\0\0\0\0\0\x04\0\0\0\x02\0\0\0\xd0\x58\0\0\0\
\0\0\0\x04\0\0\0\x02\0\0\0\xe0\x58\0\0\0\0\0\0\x04\0\0\0\x02\0\0\0\xf0\x58\0\0\
\0\0\0\0\x04\0\0\0\x02\0\0\0\0\x59\0\0\0\0\0\0\x04\0\0\0\x02\0\0\0\x10\x59\0\0\
\0\0\0\0\x04\0\0\0\x02\0\0\0\x20\x59\0\0\0\0\0\0\x04\0\0\0\x02\0\0\0\x30\x59\0\
\0\0\0\0\0\x04\0\0\0\x02\0\0\0\x40\x59\0\0\0\0\0\0\x04\0\0\0\x02\0\0\0\x50\x59\
\0\0\0\0\0\0\x04\0\0\0\x02\0\0\0\x60\x59\0\0\0\0\0\0\x04\0\0\0\x02\0\0\0\x70\
\x59\0\0\0\0\0\0\x04\0\0\0\x02\0\0\0\x80\x59\0\0\0\0\0\0\x04\0\0\0\x02\0\0\0\
\x90\x59\0\0\0\0\0\0\x04\0\0\0\x02\0\0\0\xa0\x59\0\0\0\0\0\0\x04\0\0\0\x02\0\0\
\0\xb0\x59\0\0\0\0\0\0\x04\0\0\0\x02\0\0\0\xc0\x59\0\0\0\0\0\0\x04\0\0\0\x02\0\
\0\0\xd0\x59\0\0\0\0\0\0\x04\0\0\0\x02\0\0\0\xe0\x59\0\0\0\0\0\0\x04\0\0\0\x02\
\0\0\0\xf0\x59\0\0\0\0\0\0\x04\0\0\0\x02\0\0\0\0\x5a\0\0\0\0\0\0\x04\0\0\0\x02\
\0\0\0\x10\x5a\0\0\0\0\0\0\x04\0\0\0\x02\0\0\0\x20\x5a\0\0\0\0\0\0\x04\0\0\0\
\x02\0\0\0\x30\x5a\0\0\0\0\0\0\x04\0\0\0\x02\0\0\0\x40\x5a\0\0\0\0\0\0\x04\0\0\
\0\x02\0\0\0\x50\x5a\0\0\0\0\0\0\x04\0\0\0\x02\0\0\0\x60\x5a\0\0\0\0\0\0\x04\0\
\0\0\x02\0\0\0\x70\x5a\0\0\0\0\0\0\x04\0\0\0\x02\0\0\0\x80\x5a\0\0\0\0\0\0\x04\
\0\0\0\x02\0\0\0\x90\x5a\0\0\0\0\0\0\x04\0\0\0\x02\0\0\0\xa0\x5a\0\0\0\0\0\0\
\x04\0\0\0\x02\0\0\0\xb0\x5a\0\0\0\0\0\0\x04\0\0\0\x02\0\0\0\xc0\x5a\0\0\0\0\0\
\0\x04\0\0\0\x02\0\0\0\xd0\x5a\0\0\0\0\0\0\x04\0\0\0\x02\0\0\0\xe0\x5a\0\0\0\0\
\0\0\x04\0\0\0\x02\0\0\0\xf0\x5a\0\0\0\0\0\0\x04\0\0\0\x02\0\0\0\0\x5b\0\0\0\0\
\0\0\x04\0\0\0\x02\0\0\0\x10\x5b\0\0\0\0\0\0\x04\0\0\0\x02\0\0\0\x20\x5b\0\0\0\
\0\0\0\x04\0\0\0\x02\0\0\0\x30\x5b\0\0\0\0\0\0\x04\0\0\0\x02\0\0\0\x40\x5b\0\0\
\0\0\0\0\x04\0\0\0\x02\0\0\0\x50\x5b\0\0\0\0\0\0\x04\0\0\0\x02\0\0\0\x60\x5b\0\
\0\0\0\0\0\x04\0\0\0\x02\0\0\0\x70\x5b\0\0\0\0\0\0\x04\0\0\0\x02\0\0\0\x80\x5b\
\0\0\0\0\0\0\x04\0\0\0\x02\0\0\0\x90\x5b\0\0\0\0\0\0\x04\0\0\0\x02\0\0\0\xa0\
\x5b\0\0\0\0\0\0\x04\0\0\0\x02\0\0\0\xb0\x5b\0\0\0\0\0\0\x04\0\0\0\x02\0\0\0\
\xc0\x5b\0\0\0\0\0\0\x04\0\0\0\x02\0\0\0\xd0\x5b\0\0\0\0\0\0\x04\0\0\0\x02\0\0\
\0\xe0\x5b\0\0\0\0\0\0\x04\0\0\0\x02\0\0\0\xf0\x5b\0\0\0\0\0\0\x04\0\0\0\x02\0\
\0\0\0\x5c\0\0\0\0\0\0\x04\0\0\0\x02\0\0\0\x10\x5c\0\0\0\0\0\0\x04\0\0\0\x02\0\
\0\0\x20\x5c\0\0\0\0\0\0\x04\0\0\0\x02\0\0\0\x30\x5c\0\0\0\0\0\0\x04\0\0\0\x02\
\0\0\0\x40\x5c\0\0\0\0\0\0\x04\0\0\0\x02\0\0\0\x50\x5c\0\0\0\0\0\0\x04\0\0\0\
\x02\0\0\0\x60\x5c\0\0\0\0\0\0\x04\0\0\0\x02\0\0\0\x70\x5c\0\0\0\0\0\0\x04\0\0\
\0\x02\0\0\0\x80\x5c\0\0\0\0\0\0\x04\0\0\0\x02\0\0\0\x90\x5c\0\0\0\0\0\0\x04\0\
\0\0\x02\0\0\0\xa0\x5c\0\0\0\0\0\0\x04\0\0\0\x02\0\0\0\xb0\x5c\0\0\0\0\0\0\x04\
\0\0\0\x02\0\0\0\xc0\x5c\0\0\0\0\0\0\x04\0\0\0\x02\0\0\0\xd0\x5c\0\0\0\0\0\0\
\x04\0\0\0\x02\0\0\0\xe0\x5c\0\0\0\0\0\0\x04\0\0\0\x02\0\0\0\xf0\x5c\0\0\0\0\0\
\0\x04\0\0\0\x02\0\0\0\0\x5d\0\0\0\0\0\0\x04\0\0\0\x02\0\0\0\x10\x5d\0\0\0\0\0\
\0\x04\0\0\0\x02\0\0\0\x20\x5d\0\0\0\0\0\0\x04\0\0\0\x02\0\0\0\x30\x5d\0\0\0\0\
\0\0\x04\0\0\0\x02\0\0\0\x40\x5d\0\0\0\0\0\0\x04\0\0\0\x02\0\0\0\x50\x5d\0\0\0\
\0\0\0\x04\0\0\0\x02\0\0\0\x60\x5d\0\0\0\0\0\0\x04\0\0\0\x02\0\0\0\x70\x5d\0\0\
\0\0\0\0\x04\0\0\0\x02\0\0\0\x80\x5d\0\0\0\0\0\0\x04\0\0\0\x02\0\0\0\x90\x5d\0\
\0\0\0\0\0\x04\0\0\0\x02\0\0\0\xa0\x5d\0\0\0\0\0\0\x04\0\0\0\x02\0\0\0\xb0\x5d\
\0\0\0\0\0\0\x04\0\0\0\x02\0\0\0\xc0\x5d\0\0\0\0\0\0\x04\0\0\0\x02\0\0\0\xd0\
\x5d\0\0\0\0\0\0\x04\0\0\0\x02\0\0\0\xe0\x5d\0\0\0\0\0\0\x04\0\0\0\x02\0\0\0\
\xf0\x5d\0\0\0\0\0\0\x04\0\0\0\x02\0\0\0\0\x5e\0\0\0\0\0\0\x04\0\0\0\x02\0\0\0\
\x10\x5e\0\0\0\0\0\0\x04\0\0\0\x02\0\0\0\x20\x5e\0\0\0\0\0\0\x04\0\0\0\x02\0\0\
\0\x30\x5e\0\0\0\0\0\0\x04\0\0\0\x02\0\0\0\x40\x5e\0\0\0\0\0\0\x04\0\0\0\x02\0\
\0\0\x50\x5e\0\0\0\0\0\0\x04\0\0\0\x02\0\0\0\x60\x5e\0\0\0\0\0\0\x04\0\0\0\x02\
\0\0\0\x70\x5e\0\0\0\0\0\0\x04\0\0\0\x02\0\0\0\x80\x5e\0\0\0\0\0\0\x04\0\0\0\
\x02\0\0\0\x90\x5e\0\0\0\0\0\0\x04\0\0\0\x02\0\0\0\xa0\x5e\0\0\0\0\0\0\x04\0\0\
\0\x02\0\0\0\xb0\x5e\0\0\0\0\0\0\x04\0\0\0\x02\0\0\0\xc0\x5e\0\0\0\0\0\0\x04\0\
\0\0\x02\0\0\0\xd0\x5e\0\0\0\0\0\0\x04\0\0\0\x02\0\0\0\xe0\x5e\0\0\0\0\0\0\x04\
\0\0\0\x02\0\0\0\xf0\x5e\0\0\0\0\0\0\x04\0\0\0\x02\0\0\0\0\x5f\0\0\0\0\0\0\x04\
\0\0\0\x02\0\0\0\x10\x5f\0\0\0\0\0\0\x04\0\0\0\x02\0\0\0\x20\x5f\0\0\0\0\0\0\
\x04\0\0\0\x02\0\0\0\x30\x5f\0\0\0\0\0\0\x04\0\0\0\x02\0\0\0\x40\x5f\0\0\0\0\0\
\0\x04\0\0\0\x02\0\0\0\x50\x5f\0\0\0\0\0\0\x04\0\0\0\x02\0\0\0\x60\x5f\0\0\0\0\
\0\0\x04\0\0\0\x02\0\0\0\x70\x5f\0\0\0\0\0\0\x04\0\0\0\x02\0\0\0\x80\x5f\0\0\0\
\0\0\0\x04\0\0\0\x02\0\0\0\x90\x5f\0\0\0\0\0\0\x04\0\0\0\x02\0\0\0\xa0\x5f\0\0\
\0\0\0\0\x04\0\0\0\x02\0\0\0\xb0\x5f\0\0\0\0\0\0\x04\0\0\0\x02\0\0\0\xc0\x5f\0\
\0\0\0\0\0\x04\0\0\0\x02\0\0\0\xd0\x5f\0\0\0\0\0\0\x04\0\0\0\x02\0\0\0\xe0\x5f\
\0\0\0\0\0\0\x04\0\0\0\x02\0\0\0\xf0\x5f\0\0\0\0\0\0\x04\0\0\0\x02\0\0\0\0\x60\
\0\0\0\0\0\0\x04\0\0\0\x02\0\0\0\x10\x60\0\0\0\0\0\0\x04\0\0\0\x02\0\0\0\x20\
\x60\0\0\0\0\0\0\x04\0\0\0\x02\0\0\0\x30\x60\0\0\0\0\0\0\x04\0\0\0\x02\0\0\0\
\x40\x60\0\0\0\0\0\0\x04\0\0\0\x02\0\0\0\x50\x60\0\0\0\0\0\0\x04\0\0\0\x02\0\0\
\0\x60\x60\0\0\0\0\0\0\x04\0\0\0\x02\0\0\0\x70\x60\0\0\0\0\0\0\x04\0\0\0\x02\0\
\0\0\x80\x60\0\0\0\0\0\0\x04\0\0\0\x02\0\0\0\x90\x60\0\0\0\0\0\0\x04\0\0\0\x02\
\0\0\0\xa0\x60\0\0\0\0\0\0\x04\0\0\0\x02\0\0\0\xb0\x60\0\0\0\0\0\0\x04\0\0\0\
\x02\0\0\0\xc0\x60\0\0\0\0\0\0\x04\0\0\0\x02\0\0\0\xd0\x60\0\0\0\0\0\0\x04\0\0\
\0\x02\0\0\0\xe0\x60\0\0\0\0\0\0\x04\0\0\0\x02\0\0\0\xf0\x60\0\0\0\0\0\0\x04\0\
\0\0\x02\0\0\0\0\x61\0\0\0\0\0\0\x04\0\0\0\x02\0\0\0\x10\x61\0\0\0\0\0\0\x04\0\
\0\0\x02\0\0\0\x20\x61\0\0\0\0\0\0\x04\0\0\0\x02\0\0\0\x30\x61\0\0\0\0\0\0\x04\
\0\0\0\x02\0\0\0\x40\x61\0\0\0\0\0\0\x04\0\0\0\x02\0\0\0\x50\x61\0\0\0\0\0\0\
\x04\0\0\0\x02\0\0\0\x60\x61\0\0\0\0\0\0\x04\0\0\0\x02\0\0\0\x70\x61\0\0\0\0\0\
\0\x04\0\0\0\x02\0\0\0\x80\x61\0\0\0\0\0\0\x04\0\0\0\x02\0\0\0\x90\x61\0\0\0\0\
\0\0\x04\0\0\0\x02\0\0\0\xa0\x61\0\0\0\0\0\0\x04\0\0\0\x02\0\0\0\xb0\x61\0\0\0\
\0\0\0\x04\0\0\0\x02\0\0\0\xc0\x61\0\0\0\0\0\0\x04\0\0\0\x02\0\0\0\xd0\x61\0\0\
\0\0\0\0\x04\0\0\0\x02\0\0\0\xe0\x61\0\0\0\0\0\0\x04\0\0\0\x02\0\0\0\xf0\x61\0\
\0\0\0\0\0\x04\0\0\0\x02\0\0\0\x14\0\0\0\0\0\0\0\x03\0\0\0\x0a\0\0\0\x18\0\0\0\
\0\0\0\0\x02\0\0\0\x02\0\0\0\x22\0\0\0\0\0\0\0\x03\0\0\0\x0c\0\0\0\x26\0\0\0\0\
\0\0\0\x03\0\0\0\x0c\0\0\0\x2a\0\0\0\0\0\0\0\x03\0\0\0\x0c\0\0\0\x2e\0\0\0\0\0\
\0\0\x03\0\0\0\x0c\0\0\0\x3a\0\0\0\0\0\0\0\x03\0\0\0\x0c\0\0\0\x4f\0\0\0\0\0\0\
\0\x03\0\0\0\x0c\0\0\0\x64\0\0\0\0\0\0\0\x03\0\0\0\x0c\0\0\0\x79\0\0\0\0\0\0\0\
\x03\0\0\0\x0c\0\0\0\x8e\0\0\0\0\0\0\0\x03\0\0\0\x0c\0\0\0\xa3\0\0\0\0\0\0\0\
\x03\0\0\0\x0c\0\0\0\xb8\0\0\0\0\0\0\0\x03\0\0\0\x0c\0\0\0\xcd\0\0\0\0\0\0\0\
\x03\0\0\0\x0c\0\0\0\xe2\0\0\0\0\0\0\0\x03\0\0\0\x0c\0\0\0\xfc\0\0\0\0\0\0\0\
\x02\0\0\0\x02\0\0\0\x0d\x0f\0\x2e\x64\x65\x62\x75\x67\x5f\x61\x62\x62\x72\x65\
\x76\0\x2e\x74\x65\x78\x74\0\x2e\x72\x65\x6c\x2e\x42\x54\x46\x2e\x65\x78\x74\0\
\x2e\x64\x65\x62\x75\x67\x5f\x6c\x6f\x63\x6c\x69\x73\x74\x73\0\x2e\x72\x65\x6c\
\x2e\x64\x65\x62\x75\x67\x5f\x73\x74\x72\x5f\x6f\x66\x66\x73\x65\x74\x73\0\x2e\
\x64\x65\x62\x75\x67\x5f\x73\x74\x72\0\x2e\x64\x65\x62\x75\x67\x5f\x6c\x69\x6e\
\x65\x5f\x73\x74\x72\0\x2e\x72\x65\x6c\x2e\x64\x65\x62\x75\x67\x5f\x61\x64\x64\
\x72\0\x2e\x72\x65\x6c\x2e\x64\x65\x62\x75\x67\x5f\x69\x6e\x66\x6f\0\x2e\x6c\
\x6c\x76\x6d\x5f\x61\x64\x64\x72\x73\x69\x67\0\x6c\x69\x63\x65\x6e\x73\x65\0\
\x6e\x5f\x63\x6c\x6f\x6e\x65\0\x74\x63\x5f\x63\x6c\x6f\x6e\x65\0\x2e\x72\x65\
\x6c\x2e\x64\x65\x62\x75\x67\x5f\x6c\x69\x6e\x65\0\x2e\x72\x65\x6c\x2e\x64\x65\
\x62\x75\x67\x5f\x66\x72\x61\x6d\x65\0\x2e\x72\x65\x6c\x74\x63\0\x74\x63\x5f\
\x63\x6c\x6f\x6e\x65\x2e\x62\x70\x66\x2e\x63\0\x2e\x73\x74\x72\x74\x61\x62\0\
\x2e\x73\x79\x6d\x74\x61\x62\0\x2e\x64\x61\x74\x61\0\x2e\x72\x65\x6c\x2e\x42\
\x54\x46\0\x4c\x49\x43\x45\x4e\x53\x45\0\x4c\x42\x42\x30\x5f\x35\x32\x38\0\x4c\
\x42\x42\x30\x5f\x35\x32\x32\0\0\0\0\0\0\0\0\0\0\0\0\0\0\0\0\0\0\0\0\0\0\0\0\0\
\0\0\0\0\0\0\0\0\0\0\0\0\0\0\0\0\0\0\0\0\0\0\0\0\0\0\0\0\0\0\0\0\0\0\0\0\0\0\0\
\0\0\0\0\xe2\0\0\0\x03\0\0\0\0\0\0\0\0\0\0\0\0\0\0\0\0\0\0\0\x4a\x92\x01\0\0\0\
\0\0\x1b\x01\0\0\0\0\0\0\0\0\0\0\0\0\0\0\x01\0\0\0\0\0\0\0\0\0\0\0\0\0\0\0\x0f\
\0\0\0\x01\0\0\0\x06\0\0\0\0\0\0\0\0\0\0\0\0\0\0\0\x40\0\0\0\0\0\0\0\0\0\0\0\0\
\0\0\0\0\0\0\0\0\0\0\0\x04\0\0\0\0\0\0\0\0\0\0\0\0\0\0\0\xd0\0\0\0\x01\0\0\0\
\x06\0\0\0\0\0\0\0\0\0\0\0\0\0\0\0\x40\0\0\0\0\0\0\0\xe0\x71\0\0\0\0\0\0\0\0\0\
\0\0\0\0\0\x08\0\0\0\0\0\0\0\0\0\0\0\0\0\0\0\xcc\0\0\0\x09\0\0\0\x40\0\0\0\0\0\
\0\0\0\0\0\0\0\0\0\0\xb8\x25\x01\0\0\0\0\0\x10\0\0\0\0\0\0\0\x1a\0\0\0\x03\0\0\
\0\x08\0\0\0\0\0\0\0\x10\0\0\0\0\0\0\0\x92\0\0\0\x01\0\0\0\x03\0\0\0\0\0\0\0\0\
\0\0\0\0\0\0\0\x20\x72\0\0\0\0\0\0\x04\0\0\0\0\0\0\0\0\0\0\0\0\0\0\0\x01\0\0\0\
\0\0\0\0\0\0\0\0\0\0\0\0\xf2\0\0\0\x01\0\0\0\x03\0\0\0\0\0\0\0\0\0\0\0\0\0\0\0\
\x28\x72\0\0\0\0\0\0\x08\0\0\0\0\0\0\0\0\0\0\0\0\0\0\0\x08\0\0\0\0\0\0\0\0\0\0\
\0\0\0\0\0\x22\0\0\0\x01\0\0\0\0\0\0\0\0\0\0\0\0\0\0\0\0\0\0\0\x30\x72\0\0\0\0\
\0\0\x13\x16\0\0\0\0\0\0\0\0\0\0\0\0\0\0\x01\0\0\0\0\0\0\0\0\0\0\0\0\0\0\0\x01\
\0\0\0\x01\0\0\0\0\0\0\0\0\0\0\0\0\0\0\0\0\0\0\0\x43\x88\0\0\0\0\0\0\x9a\x01\0\
\0\0\0\0\0\0\0\0\0\0\0\0\0\x01\0\0\0\0\0\0\0\0\0\0\0\0\0\0\0\x78\0\0\0\x01\0\0\
\0\0\0\0\0\0\0\0\0\0\0\0\0\0\0\0\0\xdd\x89\0\0\0\0\0\0\xf0\x05\0\0\0\0\0\0\0\0\
\0\0\0\0\0\0\x01\0\0\0\0\0\0\0\0\0\0\0\0\0\0\0\x74\0\0\0\x09\0\0\0\x40\0\0\0\0\
\0\0\0\0\0\0\0\0\0\0\0\xc8\x25\x01\0\0\0\0\0\x50\0\0\0\0\0\0\0\x1a\0\0\0\x09\0\
\0\0\x08\0\0\0\0\0\0\0\x10\0\0\0\0\0\0\0\x36\0\0\0\x01\0\0\0\0\0\0\0\0\0\0\0\0\
\0\0\0\0\0\0\0\xcd\x8f\0\0\0\0\0\0\x48\x02\0\0\0\0\0\0\0\0\0\0\0\0\0\0\x01\0\0\
\0\0\0\0\0\0\0\0\0\0\0\0\0\x32\0\0\0\x09\0\0\0\x40\0\0\0\0\0\0\0\0\0\0\0\0\0\0\
\0\x18\x26\x01\0\0\0\0\0\0\x09\0\0\0\0\0\0\x1a\0\0\0\x0b\0\0\0\x08\0\0\0\0\0\0\
\0\x10\0\0\0\0\0\0\0\x49\0\0\0\x01\0\0\0\x30\0\0\0\0\0\0\0\0\0\0\0\0\0\0\0\x15\
\x92\0\0\0\0\0\0\x72\x05\0\0\0\0\0\0\0\0\0\0\0\0\0\0\x01\0\0\0\0\0\0\0\x01\0\0\
\0\0\0\0\0\x68\0\0\0\x01\0\0\0\0\0\0\0\0\0\0\0\0\0\0\0\0\0\0\0\x87\x97\0\0\0\0\
\0\0\x28\0\0\0\0\0\0\0\0\0\0\0\0\0\0\0\x01\0\0\0\0\0\0\0\0\0\0\0\0\0\0\0\x64\0\
\0\0\x09\0\0\0\x40\0\0\0\0\0\0\0\0\0\0\0\0\0\0\0\x18\x2f\x01\0\0\0\0\0\x40\0\0\
\0\0\0\0\0\x1a\0\0\0\x0e\0\0\0\x08\0\0\0\0\0\0\0\x10\0\0\0\0\0\0\0\xfc\0\0\0\
\x01\0\0\0\0\0\0\0\0\0\0\0\0\0\0\0\0\0\0\0\xb0\x97\0\0\0\0\0\0\xf3\x07\0\0\0\0\
\0\0\0\0\0\0\0\0\0\0\x04\0\0\0\0\0\0\0\0\0\0\0\0\0\0\0\xf8\0\0\0\x09\0\0\0\x40\
\0\0\0\0\0\0\0\0\0\0\0\0\0\0\0\x58\x2f\x01\0\0\0\0\0\x20\0\0\0\0\0\0\0\x1a\0\0\
\0\x10\0\0\0\x08\0\0\0\0\0\0\0\x10\0\0\0\0\0\0\0\x19\0\0\0\x01\0\0\0\0\0\0\0\0\
\0\0\0\0\0\0\0\0\0\0\0\xa4\x9f\0\0\0\0\0\0\0\x62\0\0\0\0\0\0\0\0\0\0\0\0\0\0\
\x04\0\0\0\0\0\0\0\0\0\0\0\0\0\0\0\x15\0\0\0\x09\0\0\0\x40\0\0\0\0\0\0\0\0\0\0\
\0\0\0\0\0\x78\x2f\x01\0\0\0\0\0\xd0\x61\0\0\0\0\0\0\x1a\0\0\0\x12\0\0\0\x08\0\
\0\0\0\0\0\0\x10\0\0\0\0\0\0\0\xbf\0\0\0\x01\0\0\0\0\0\0\0\0\0\0\0\0\0\0\0\0\0\
\0\0\xa8\x01\x01\0\0\0\0\0\x28\0\0\0\0\0\0\0\0\0\0\0\0\0\0\0\x08\0\0\0\0\0\0\0\
\0\0\0\0\0\0\0\0\xbb\0\0\0\x09\0\0\0\x40\0\0\0\0\0\0\0\0\0\0\0\0\0\0\0\x48\x91\
\x01\0\0\0\0\0\x20\0\0\0\0\0\0\0\x1a\0\0\0\x14\0\0\0\x08\0\0\0\0\0\0\0\x10\0\0\
\0\0\0\0\0\xaf\0\0\0\x01\0\0\0\0\0\0\0\0\0\0\0\0\0\0\0\0\0\0\0\xd0\x01\x01\0\0\
\0\0\0\xa5\x21\0\0\0\0\0\0\0\0\0\0\0\0\0\0\x01\0\0\0\0\0\0\0\0\0\0\0\0\0\0\0\
\xab\0\0\0\x09\0\0\0\x40\0\0\0\0\0\0\0\0\0\0\0\0\0\0\0\x68\x91\x01\0\0\0\0\0\
\xe0\0\0\0\0\0\0\0\x1a\0\0\0\x16\0\0\0\x08\0\0\0\0\0\0\0\x10\0\0\0\0\0\0\0\x54\
\0\0\0\x01\0\0\0\x30\0\0\0\0\0\0\0\0\0\0\0\0\0\0\0\x75\x23\x01\0\0\0\0\0\xbc\0\
\0\0\0\0\0\0\0\0\0\0\0\0\0\0\x01\0\0\0\0\0\0\0\x01\0\0\0\0\0\0\0\x84\0\0\0\x03\
\x4c\xff\x6f\0\0\0\x80\0\0\0\0\0\0\0\0\0\0\0\0\x48\x92\x01\0\0\0\0\0\x02\0\0\0\
\0\0\0\0\x1a\0\0\0\0\0\0\0\x01\0\0\0\0\0\0\0\0\0\0\0\0\0\0\0\xea\0\0\0\x02\0\0\
\0\0\0\0\0\0\0\0\0\0\0\0\0\0\0\0\0\x38\x24\x01\0\0\0\0\0\x80\x01\0\0\0\0\0\0\
\x01\0\0\0\x0d\0\0\0\x08\0\0\0\0\0\0\0\x18\0\0\0\0\0\0\0";

	*sz = sizeof(data) - 1;
	return (const void *)data;
}

#ifdef __cplusplus
struct tc_clone_bpf *tc_clone_bpf::open(const struct bpf_object_open_opts *opts) { return tc_clone_bpf__open_opts(opts); }
struct tc_clone_bpf *tc_clone_bpf::open_and_load() { return tc_clone_bpf__open_and_load(); }
int tc_clone_bpf::load(struct tc_clone_bpf *skel) { return tc_clone_bpf__load(skel); }
int tc_clone_bpf::attach(struct tc_clone_bpf *skel) { return tc_clone_bpf__attach(skel); }
void tc_clone_bpf::detach(struct tc_clone_bpf *skel) { tc_clone_bpf__detach(skel); }
void tc_clone_bpf::destroy(struct tc_clone_bpf *skel) { tc_clone_bpf__destroy(skel); }
const void *tc_clone_bpf::elf_bytes(size_t *sz) { return tc_clone_bpf__elf_bytes(sz); }
#endif /* __cplusplus */

__attribute__((unused)) static void
tc_clone_bpf__assert(struct tc_clone_bpf *s __attribute__((unused)))
{
#ifdef __cplusplus
#define _Static_assert static_assert
#endif
	_Static_assert(sizeof(s->data->n_clone) == 8, "unexpected size of 'n_clone'");
#ifdef __cplusplus
#undef _Static_assert
#endif
}

#endif /* __TC_CLONE_BPF_SKEL_H__ */
